tid,boss,start_codon_x,start_codon_y,ORF_range_x,ORF_type_x,start_rprofile_x,ORF_range_y,ORF_type_y,start_rprofile_y,tab,odds_ratio,statistical test,result
gene-PSLT102::NC_003277.2:82678-83208(+),oORF,ATG,GTG,"[337, 520]",oORF,"[0.0, 0.0, 0.0]","[0, 495]",mORF,"[0.0, 0.0, 0.0]","[array([[ 809,   22,  204],
       [1075,  864,  131]]), array([[ 809,  226],
       [1075,  995]])]",3.312000572914642,ChiSquare,"ChiSquareResult(statistic=724.2248299789261, adjusted_pvalue=1.6084158989724338e-156, adjusted_bootstrap_pvalue=0.0, adjusted_residuals=array([[ 14.10643762, -23.04274134,  11.33008806],
       [-14.10643762,  23.04274134, -11.33008806]]), adjusted_posthoc_pvalues=[6.817492311633146e-44, 6.817492311633146e-44])"
gene-STM0119::NC_003197.2:139946-140406(+),oORF,ATG,ATG,"[361, 460]",oORF,"[0.0, 0.0, 0.0]","[0, 459]",mORF,"[0.0, 0.0, 0.0]","[array([[ 53,   2,   6],
       [294, 228, 167]]), array([[ 53,   8],
       [294, 395]])]",8.878557146485228,ChiSquare,"ChiSquareResult(statistic=51.29504436061438, adjusted_pvalue=3.2986125117440796e-11, adjusted_bootstrap_pvalue=0.0, adjusted_residuals=array([[ 6.63826629, -4.8399579 , -2.55926831],
       [-6.63826629,  4.8399579 ,  2.55926831]]), adjusted_posthoc_pvalues=[1.8726251639038842e-10, 1.8726251639038842e-10])"
gene-STM0730::NC_003197.2:795956-797586(-),sORF,GTG,ATG,"[80, 143]",sORF,"[0.0, 0.0, 0.0]","[346, 1630]",mORF,"[63.0, 2.0, 1.0]","[array([[   89,     4,     2],
       [34065,  5679,  7106]]), array([[   89,     6],
       [34065, 12785]])]",5.5670010469493825,ChiSquare,"ChiSquareResult(statistic=28.711000356363165, adjusted_pvalue=1.3224039911973377e-06, adjusted_bootstrap_pvalue=0.0, adjusted_residuals=array([[ 4.58677806, -2.36149102, -3.54824555],
       [-4.58677806,  2.36149102,  3.54824555]]), adjusted_posthoc_pvalues=[1.2646755648762501e-05, 1.2646755648762501e-05])"
gene-STM0835::NC_003197.2:902273-903856(+),opORF,ATG,ATG,"[385, 505]",opORF,"[0.0, 0.0, 0.0]","[0, 474]",mORF,"[0.0, 0.0, 0.0]","[array([[36,  8, 16],
       [48, 38, 14]]), array([[36, 24],
       [48, 52]])]",1.6200535029063914,ChiSquare,"ChiSquareResult(statistic=13.008880391131886, adjusted_pvalue=0.002453053533849074, adjusted_bootstrap_pvalue=0.01685714285714286, adjusted_residuals=array([[ 1.47153441, -3.33744978,  1.98731017],
       [-1.47153441,  3.33744978, -1.98731017]]), adjusted_posthoc_pvalues=[0.19366633033365177, 0.19366633033365177])"
gene-STM1249::NC_003197.2:1334034-1334693(-),sORF,ATG,ATG,"[139, 193]",sORF,"[0.0, 0.0, 0.0]","[314, 659]",mORF,"[3.0, 2.0, 8.0]","[array([[168,   3,  65],
       [403, 321, 234]]), array([[168,  68],
       [403, 555]])]",3.3989102988486,ChiSquare,"ChiSquareResult(statistic=148.06331471004037, adjusted_pvalue=1.0405231448579623e-31, adjusted_bootstrap_pvalue=0.0, adjusted_residuals=array([[ 8.02166953, -9.97588784,  0.98982618],
       [-8.02166953,  9.97588784, -0.98982618]]), adjusted_posthoc_pvalues=[1.025788531303639e-14, 1.025788531303639e-14])"
gene-STM1276::NC_003197.2:1354129-1354774(+),sORF,ATG,ATG,"[514, 538]",sORF,"[0.0, 0.0, 0.0]","[0, 312]",mORF,"[0.0, 0.0, 0.0]","[array([[52,  0,  0],
       [26, 16,  5]]), array([[52,  1],
       [26, 21]])]",40.61494796447226,ChiSquare,"ChiSquareResult(statistic=37.694298769214875, adjusted_pvalue=1.8340861847898414e-08, adjusted_bootstrap_pvalue=0.0, adjusted_residuals=array([[ 5.43041082, -4.59506104, -2.41374516],
       [-5.43041082,  4.59506104,  2.41374516]]), adjusted_posthoc_pvalues=[1.951319832990319e-07, 1.951319832990319e-07])"
gene-STM1506::NC_003197.2:1583465-1584538(+),oORF,ATG,ATG,"[943, 1039]",oORF,"[0.0, 0.0, 0.0]","[0, 1020]",mORF,"[0.0, 0.0, 0.0]","[array([[ 62,   3,   3],
       [182,  79,  57]]), array([[ 62,   6],
       [182, 136]])]",7.690257002467818,ChiSquare,"ChiSquareResult(statistic=33.23437444212462, adjusted_pvalue=1.432713285512109e-07, adjusted_bootstrap_pvalue=0.0, adjusted_residuals=array([[ 5.26844694, -3.73858819, -2.79139581],
       [-5.26844694,  3.73858819,  2.79139581]]), adjusted_posthoc_pvalues=[4.509658357022977e-07, 4.509658357022977e-07])"
gene-STM1746::NC_003197.2:1839601-1841615(-),sORF,ATG,GTG,"[81, 171]",sORF,"[0.0, 0.0, 0.0]","[265, 2014]",mORF,"[0.0, 0.0, 0.0]","[array([[  92,    1,   15],
       [3689, 1200,  715]]), array([[  92,   16],
       [3689, 1915]])]",2.984434120248998,ChiSquare,"ChiSquareResult(statistic=43.175453568218614, adjusted_pvalue=1.4620844934083577e-09, adjusted_bootstrap_pvalue=0.0, adjusted_residuals=array([[ 4.21214408, -5.17526886,  0.34843837],
       [-4.21214408,  5.17526886, -0.34843837]]), adjusted_posthoc_pvalues=[6.488925266913316e-05, 6.488925266913316e-05])"
gene-STM2029::NC_003197.2:2107756-2109081(-),sORF,ATG,ATG,"[435, 618]",sORF,"[0.0, 0.0, 0.0]","[551, 1325]",mORF,"[0.0, 0.0, 0.0]","[array([[ 48,   3,   2],
       [365,  74, 244]]), array([[ 48,   5],
       [365, 318]])]",8.34607136590682,ChiSquare,"ChiSquareResult(statistic=35.57530668260324, adjusted_pvalue=5.050677502492383e-08, adjusted_bootstrap_pvalue=0.0, adjusted_residuals=array([[ 5.24664026, -1.18560583, -4.75015974],
       [-5.24664026,  1.18560583,  4.75015974]]), adjusted_posthoc_pvalues=[4.809988453078626e-07, 4.809988453078626e-07])"
gene-STM2059::NC_003197.2:2133644-2134224(-),sORF,ATG,ATG,"[7, 52]",sORF,"[0.0, 0.0, 0.0]","[244, 580]",mORF,"[57.0, 0.0, 0.0]","[array([[ 48,   0,   0],
       [628, 234, 310]]), array([[ 48,   1],
       [628, 544]])]",41.51662452264552,ChiSquare,"ChiSquareResult(statistic=58.25780831700412, adjusted_pvalue=1.199325275847612e-12, adjusted_bootstrap_pvalue=0.0, adjusted_residuals=array([[ 6.34107413, -3.44354846, -4.12569272],
       [-6.34107413,  3.44354846,  4.12569272]]), adjusted_posthoc_pvalues=[1.1218295304415172e-09, 1.1218295304415172e-09])"
gene-STM2096::NC_003197.2:2176592-2178953(-),sORF,ATG,GTG,"[19, 76]",sORF,"[0.0, 0.0, 0.0]","[376, 1462]",mORF,"[0.0, 0.0, 0.0]","[array([[ 51,   0,   1],
       [996, 329, 525]]), array([[ 51,   1],
       [996, 854]])]",43.68696909962147,ChiSquare,"ChiSquareResult(statistic=54.671939171844045, adjusted_pvalue=6.6040448945828546e-12, adjusted_bootstrap_pvalue=0.0, adjusted_residuals=array([[ 6.32473789, -3.34391055, -4.20633074],
       [-6.32473789,  3.34391055,  4.20633074]]), adjusted_posthoc_pvalues=[1.1512387787245551e-09, 1.1512387787245551e-09])"
gene-STM2158::NC_003197.2:2253741-2256143(-),sORF,ATG,ATG,"[1603, 1690]",sORF,"[45.0, 0.0, 0.0]","[0, 1686]",mORF,"[0.0, 0.0, 0.0]","[array([[ 49,   2,  11],
       [175,  76,  19]]), array([[ 49,  13],
       [175,  95]])]",2.042110438900459,ChiSquare,"ChiSquareResult(statistic=26.321160405193517, adjusted_pvalue=4.206499937996925e-06, adjusted_bootstrap_pvalue=0.0, adjusted_residuals=array([[ 2.15492612, -4.17418271,  2.65133876],
       [-2.15492612,  4.17418271, -2.65133876]]), adjusted_posthoc_pvalues=[0.05108025969413372, 0.05108025969413372])"
gene-STM2490::NC_003197.2:2604999-2606108(+),sORF,ATG,TTG,"[613, 661]",sORF,"[0.0, 0.0, 2.0]","[0, 639]",mORF,"[0.0, 0.0, 0.0]","[array([[ 71,   1,   2],
       [166,  84,  31]]), array([[ 71,   3],
       [166, 115]])]",16.310617017380178,ChiSquare,"ChiSquareResult(statistic=48.10345888980394, adjusted_pvalue=1.5107430249882252e-10, adjusted_bootstrap_pvalue=0.0, adjusted_residuals=array([[ 5.99039477, -5.11887513, -2.19537209],
       [-5.99039477,  5.11887513,  2.19537209]]), adjusted_posthoc_pvalues=[8.821860793118074e-09, 8.821860793118074e-09])"
gene-STM2891::NC_003197.2:3034341-3036262(-),opORF,ATG,ATG,"[999, 1035]",opORF,"[0.0, 0.0, 0.0]","[1009, 1921]",mORF,"[0.0, 0.0, 0.0]","[array([[  57,    0,    0],
       [2322, 1087,  866]]), array([[  57,    1],
       [2322, 1953]])]",47.92201933807344,ChiSquare,"ChiSquareResult(statistic=68.94922553174935, adjusted_pvalue=6.989971616182566e-15, adjusted_bootstrap_pvalue=0.0, adjusted_residuals=array([[ 6.88600752, -4.39866628, -3.79890348],
       [-6.88600752,  4.39866628,  3.79890348]]), adjusted_posthoc_pvalues=[4.2317718461295754e-11, 4.2317718461295754e-11])"
gene-STM3049::NC_003197.2:3208019-3208704(-),sORF,ATG,ATG,"[1, 22]",sORF,"[0.0, 0.0, 0.0]","[25, 685]",mORF,"[0.0, 0.0, 0.0]","[array([[12,  0,  0],
       [12,  7, 11]]), array([[12,  1],
       [12, 18]])]",16.89761380631208,ChiSquare,"ChiSquareResult(statistic=16.983580764306247, adjusted_pvalue=0.0004034530959904313, adjusted_bootstrap_pvalue=0.0076129032258064515, adjusted_residuals=array([[ 3.54964787, -1.83303028, -2.44157538],
       [-3.54964787,  1.83303028,  2.44157538]]), adjusted_posthoc_pvalues=[0.0008753484073915072, 0.0008753484073915072])"
gene-STM3719::NC_003197.2:3914545-3915694(-),sORF,TTG,ATG,"[16, 34]",sORF,"[0.0, 0.0, 0.0]","[69, 1149]",mORF,"[0.0, 0.0, 0.0]","[array([[ 60,   0,   0],
       [251, 163, 149]]), array([[ 60,   1],
       [251, 312]])]",74.29641564578712,ChiSquare,"ChiSquareResult(statistic=89.7982851818533, adjusted_pvalue=3.736217393200418e-19, adjusted_bootstrap_pvalue=0.0, adjusted_residuals=array([[ 8.16136035, -4.85043107, -4.56845566],
       [-8.16136035,  4.85043107,  4.56845566]]), adjusted_posthoc_pvalues=[3.9090125867524824e-15, 3.9090125867524824e-15])"
gene-STM3921::NC_003197.2:4130429-4132791(+),sORF,ATG,ATG,"[1213, 1333]",sORF,"[0.0, 0.0, 0.0]","[0, 1263]",mORF,"[0.0, 0.0, 0.0]","[array([[ 97,  20,   8],
       [310, 191, 119]]), array([[ 97,  28],
       [310, 310]])]",3.4588812293235884,ChiSquare,"ChiSquareResult(statistic=34.99926380393259, adjusted_pvalue=6.443630154964936e-08, adjusted_bootstrap_pvalue=0.0, adjusted_residuals=array([[ 5.65434775, -3.35172303, -3.4699555 ],
       [-5.65434775,  3.35172303,  3.4699555 ]]), adjusted_posthoc_pvalues=[5.768695219073521e-08, 5.768695219073521e-08])"
gene-STM3921::NC_003197.2:4130429-4132791(+),sORF,ATG,ATG,"[1213, 1333]",sORF,"[0.0, 0.0, 0.0]","[1262, 2330]",mORF,"[0.0, 0.0, 0.0]","[array([[ 97,  20,   8],
       [267,  30, 114]]), array([[ 97,  28],
       [267, 144]])]",1.8663321707045921,ChiSquare,"ChiSquareResult(statistic=33.82847108724395, adjusted_pvalue=1.1088724862225956e-07, adjusted_bootstrap_pvalue=0.0, adjusted_residuals=array([[ 2.65014766,  2.92894262, -4.98214301],
       [-2.65014766, -2.92894262,  4.98214301]]), adjusted_posthoc_pvalues=[0.014834185133625485, 0.014834185133625485])"
gene-STM4088::NC_003197.2:4297127-4297549(+),sORF,GTG,ATG,"[277, 394]",sORF,"[0.0, 0.0, 0.0]","[0, 240]",mORF,"[0.0, 0.0, 0.0]","[array([[  49,    0,    2],
       [1018,  665,  486]]), array([[  49,    2],
       [1018, 1151]])]",27.675794960492,ChiSquare,"ChiSquareResult(statistic=62.0978651909312, adjusted_pvalue=1.9340687884541542e-13, adjusted_bootstrap_pvalue=0.0, adjusted_residuals=array([[ 6.94333589, -4.72473468, -3.15085636],
       [-6.94333589,  4.72473468,  3.15085636]]), adjusted_posthoc_pvalues=[3.22769980100126e-11, 3.22769980100126e-11])"
gene-STM4329::NC_003197.2:4574789-4575097(+),oORF,TTG,ATG,"[280, 307]",oORF,"[267.0, 5.0, 67.0]","[0, 294]",mORF,"[0.0, 0.0, 0.0]","[array([[ 276,    9,   72],
       [4843, 1334, 1627]]), array([[ 276,   81],
       [4843, 2961]])]",2.083114492591271,ChiSquare,"ChiSquareResult(statistic=79.53020611764339, adjusted_pvalue=5.283672983859814e-17, adjusted_bootstrap_pvalue=0.0, adjusted_residuals=array([[ 5.8283776 , -7.26173872, -0.30955008],
       [-5.8283776 ,  7.26173872,  0.30955008]]), adjusted_posthoc_pvalues=[2.2014404421432664e-08, 2.2014404421432664e-08])"
gene-STM0161::NC_003197.2:190199-192410(+),mORF,TTG,ATG,"[907, 976]",opORF,"[0.0, 0.0, 0.0]","[0, 954]",mORF,"[0.0, 0.0, 0.0]","[array([[ 48,  41,   0],
       [134,  51,  46]]), array([[ 48,  41],
       [134,  97]])]",0.8479108010097571,ChiSquare,"ChiSquareResult(statistic=41.899136397969, adjusted_pvalue=2.476375756257395e-09, adjusted_bootstrap_pvalue=0.0, adjusted_residuals=array([[-0.65969437,  4.24850102, -4.54954156],
       [ 0.65969437, -4.24850102,  4.54954156]]), adjusted_posthoc_pvalues=[0.5671235634237932, 0.5671235634237932])"
gene-STM0737::NC_003197.2:804563-805913(+),mORF,ATG,ATG,"[1129, 1279]",oORF,"[63.0, 1.0, 35.0]","[0, 1209]",mORF,"[0.0, 0.0, 0.0]","[array([[  853,   136,   799],
       [87744, 35856,  5413]]), array([[  853,   935],
       [87744, 41269]])]",0.4290886526348095,ChiSquare,"ChiSquareResult(statistic=2726.202813860208, adjusted_pvalue=0.0, adjusted_bootstrap_pvalue=0.0, adjusted_residuals=array([[-18.23974496, -18.98167939,  79.94844567],
       [ 18.23974496,  18.98167939, -79.94844567]]), adjusted_posthoc_pvalues=[7.363799211379712e-73, 7.363799211379712e-73])"
gene-STM1054::NC_003197.2:1142269-1143510(-),mORF,ATG,ATG,"[844, 964]",sORF,"[0.0, 0.0, 0.0]","[270, 957]",mORF,"[0.0, 0.0, 0.0]","[array([[ 55,  15,  36],
       [380, 127,  45]]), array([[ 55,  51],
       [380, 172]])]",0.48870370745458336,ChiSquare,"ChiSquareResult(statistic=43.69568020441461, adjusted_pvalue=1.2775101362961206e-09, adjusted_bootstrap_pvalue=0.0, adjusted_residuals=array([[-3.37757567, -2.03010668,  7.40789001],
       [ 3.37757567,  2.03010668, -7.40789001]]), adjusted_posthoc_pvalues=[0.0015979785077124328, 0.0015979785077124328])"
gene-STM1275::NC_003197.2:1353809-1354129(+),mORF,ATG,ATG,"[190, 277]",oORF,"[0.0, 0.0, 0.0]","[0, 252]",mORF,"[0.0, 0.0, 0.0]","[array([[ 10,   0,   5],
       [226,  99,   9]]), array([[ 10,   5],
       [226, 108]])]",0.9558770535395777,ChiSquare,"ChiSquareResult(statistic=22.712238196729054, adjusted_pvalue=2.3798750362436958e-05, adjusted_bootstrap_pvalue=0.0, adjusted_residuals=array([[-0.08081066, -2.49133829,  5.91583168],
       [ 0.08081066,  2.49133829, -5.91583168]]), adjusted_posthoc_pvalues=[0.9355925335880637, 0.9355925335880637])"
gene-STM1333::NC_003197.2:1412192-1414232(+),mORF,CTG,ATG,"[2016, 2040]",sORF,"[32.0, 1.0, 5.0]","[0, 1929]",mORF,"[0.0, 0.0, 0.0]","[array([[  32,    1,   28],
       [4846,  803, 2028]]), array([[  32,   29],
       [4846, 2831]])]",0.6446650693911287,ChiSquare,"ChiSquareResult(statistic=15.27652815676782, adjusted_pvalue=0.0008880677371758225, adjusted_bootstrap_pvalue=0.010727272727272728, adjusted_residuals=array([[-1.71876179, -2.24877949,  3.43174381],
       [ 1.71876179,  2.24877949, -3.43174381]]), adjusted_posthoc_pvalues=[0.12958480948995646, 0.12958480948995646])"
gene-STM2522::NC_003197.2:2654870-2656255(-),mORF,ATG,GTG,"[46, 187]",oORF,"[0.0, 0.0, 0.0]","[110, 1385]",mORF,"[0.0, 0.0, 0.0]","[array([[  54,   34,    1],
       [1093,  153,  343]]), array([[  54,   35],
       [1093,  496]])]",0.7003004943468587,ChiSquare,"ChiSquareResult(statistic=69.46738068450023, adjusted_pvalue=6.0689278280798165e-15, adjusted_bootstrap_pvalue=0.0, adjusted_residuals=array([[-1.60107375,  8.33599613, -4.65318589],
       [ 1.60107375, -8.33599613,  4.65318589]]), adjusted_posthoc_pvalues=[0.15813750346859556, 0.15813750346859556])"
gene-STM2871::NC_003197.2:3015002-3016063(-),mORF,ATG,ATG,"[238, 358]",sORF,"[0.0, 0.0, 0.0]","[302, 1061]",mORF,"[0.0, 0.0, 0.0]","[array([[  59,   44,   54],
       [2864,  692,  544]]), array([[  59,   98],
       [2864, 1236]])]",0.2599124527601532,ChiSquare,"ChiSquareResult(statistic=71.14321796369657, adjusted_pvalue=3.000547307652293e-15, adjusted_bootstrap_pvalue=0.0, adjusted_residuals=array([[-8.55568132,  3.62490285,  7.47638461],
       [ 8.55568132, -3.62490285, -7.47638461]]), adjusted_posthoc_pvalues=[1.7283252548765604e-16, 1.7283252548765604e-16])"
gene-STM2961::NC_003197.2:3111906-3114602(-),mORF,CTG,ATG,"[1336, 1417]",opORF,"[75.0, 52.0, 5.0]","[0, 1359]",mORF,"[0.0, 0.0, 0.0]","[array([[  92,   78,   75],
       [1120,  385,  371]]), array([[  92,  153],
       [1120,  756]])]",0.4060590865435464,ChiSquare,"ChiSquareResult(statistic=42.99152080415234, adjusted_pvalue=1.5138727776644963e-09, adjusted_bootstrap_pvalue=0.0, adjusted_residuals=array([[-6.58900033,  4.03196278,  3.91443409],
       [ 6.58900033, -4.03196278, -3.91443409]]), adjusted_posthoc_pvalues=[2.3750063700447704e-10, 2.3750063700447704e-10])"
gene-STM2961::NC_003197.2:3111906-3114602(-),mORF,CTG,ATG,"[1336, 1417]",opORF,"[75.0, 52.0, 5.0]","[1355, 2696]",mORF,"[0.0, 0.0, 0.0]","[array([[ 92,  78,  75],
       [666, 253, 318]]), array([[ 92, 153],
       [666, 571]])]",0.5157653323447271,ChiSquare,"ChiSquareResult(statistic=24.029958103820178, adjusted_pvalue=1.2754248602008574e-05, adjusted_bootstrap_pvalue=0.0, adjusted_residuals=array([[-4.65993933,  3.90873506,  1.58895248],
       [ 4.65993933, -3.90873506, -1.58895248]]), adjusted_posthoc_pvalues=[9.330926537024169e-06, 9.330926537024169e-06])"
gene-STM3272::NC_003197.2:3439041-3440063(-),mORF,GTG,ATG,"[511, 547]",sORF,"[10.0, 0.0, 2.0]","[518, 1022]",mORF,"[0.0, 0.0, 0.0]","[array([[ 11,   6,   7],
       [433,  50,  40]]), array([[ 11,  13],
       [433,  90]])]",0.17668449428700597,ChiSquare,"ChiSquareResult(statistic=16.221800259299876, adjusted_pvalue=0.0005714406725213842, adjusted_bootstrap_pvalue=0.001966666666666667, adjusted_residuals=array([[-4.52846977,  2.43981115,  3.67813657],
       [ 4.52846977, -2.43981115, -3.67813657]]), adjusted_posthoc_pvalues=[1.593331977841844e-05, 1.593331977841844e-05])"
gene-STM3280::NC_003197.2:3446191-3448259(-),mORF,CTG,ATG,"[0, 54]",sORF,"[0.0, 0.0, 0.0]","[127, 2068]",mORF,"[0.0, 0.0, 0.0]","[array([[ 13,  10,   5],
       [470,  65, 105]]), array([[ 13,  15],
       [470, 170]])]",0.31411815557413797,ChiSquare,"ChiSquareResult(statistic=13.226812528818026, adjusted_pvalue=0.0022626538561303917, adjusted_bootstrap_pvalue=0.019666666666666666, adjusted_residuals=array([[-3.12611651,  4.19301801,  0.20261852],
       [ 3.12611651, -4.19301801, -0.20261852]]), adjusted_posthoc_pvalues=[0.003732410742882054, 0.003732410742882054])"
gene-STM3418::NC_003197.2:3585382-3585849(-),mORF,GTG,GTG,"[103, 133]",oORF,"[1.0, 6.0, 3.0]","[110, 467]",mORF,"[1.0, 2.0, 5.0]","[array([[ 122,   43,   51],
       [3946,  530,  671]]), array([[ 122,   94],
       [3946, 1201]])]",0.39510080895915367,ChiSquare,"ChiSquareResult(statistic=40.74907757394085, adjusted_pvalue=4.180923772507583e-09, adjusted_bootstrap_pvalue=0.0, adjusted_residuals=array([[-6.790493  ,  4.47912121,  4.46055427],
       [ 6.790493  , -4.47912121, -4.46055427]]), adjusted_posthoc_pvalues=[7.325899001681774e-11, 7.325899001681774e-11])"
gene-STM3441::NC_003197.2:3596225-3596697(-),mORF,CTG,ATG,"[152, 191]",oORF,"[152.0, 11.0, 4.0]","[160, 472]",mORF,"[0.0, 0.0, 0.0]","[array([[ 261,   17,  193],
       [8503,  521,  742]]), array([[ 261,  210],
       [8503, 1263]])]",0.1846568544540577,ChiSquare,"ChiSquareResult(statistic=368.85618473184786, adjusted_pvalue=1.576260289078426e-79, adjusted_bootstrap_pvalue=0.0, adjusted_residuals=array([[-19.1171205 ,  -1.63913162,  24.56024278],
       [ 19.1171205 ,   1.63913162, -24.56024278]]), adjusted_posthoc_pvalues=[1.073064219323894e-79, 1.073064219323894e-79])"
gene-STM3906::NC_003197.2:4115680-4116336(+),mORF,ATG,GTG,"[136, 331]",opORF,"[0.0, 0.0, 0.0]","[314, 656]",mORF,"[0.0, 0.0, 0.0]","[array([[125,  70,  37],
       [ 64,  11,   9]]), array([[125, 107],
       [ 64,  20]])]",0.3661888455442992,ChiSquare,"ChiSquareResult(statistic=14.16603991341952, adjusted_pvalue=0.001456319323853784, adjusted_bootstrap_pvalue=0.01388235294117647, adjusted_residuals=array([[-3.57368837,  3.07161502,  1.16546512],
       [ 3.57368837, -3.07161502, -1.16546512]]), adjusted_posthoc_pvalues=[0.000830691244730241, 0.000830691244730241])"
gene-STM4154::NC_003197.2:4370025-4374278(+),mORF,CTG,GTG,"[4210, 4231]",oORF,"[184.0, 3.0, 69.0]","[0, 4224]",mORF,"[0.0, 0.0, 0.0]","[array([[  185,    67,    69],
       [14190,  3272,  3391]]), array([[  185,   136],
       [14190,  6663]])]",0.6387487228005564,ChiSquare,"ChiSquareResult(statistic=15.035060790762877, adjusted_pvalue=0.0009716639799203149, adjusted_bootstrap_pvalue=0.00921875, adjusted_residuals=array([[-3.96630634,  2.52782978,  2.5168971 ],
       [ 3.96630634, -2.52782978, -2.5168971 ]]), adjusted_posthoc_pvalues=[0.00017944612438255448, 0.00017944612438255448])"
gene-STM4598::NC_003197.2:4855387-4856370(-),mORF,GTG,ATG,"[137, 167]",sORF,"[0.0, 0.0, 0.0]","[266, 983]",mORF,"[0.0, 0.0, 0.0]","[array([[  39,    0,   26],
       [4490,  698,  711]]), array([[  39,   26],
       [4490, 1409]])]",0.4707824158078064,ChiSquare,"ChiSquareResult(statistic=43.25848962007248, adjusted_pvalue=1.4620844934083577e-09, adjusted_bootstrap_pvalue=0.0, adjusted_residuals=array([[-3.02278318, -2.95136948,  6.80912958],
       [ 3.02278318,  2.95136948, -6.80912958]]), adjusted_posthoc_pvalues=[0.004925745297432579, 0.004925745297432579])"
gene-STM0046::NC_003197.2:53854-57189(+),tie,ATG,ATG,"[2746, 2842]",sORF,"[0.0, 0.0, 0.0]","[0, 2835]",mORF,"[0.0, 0.0, 0.0]","[array([[  71,   13,   14],
       [3471,  635,  978]]), array([[  71,   27],
       [3471, 1613]])]",1.221963284603118,ChiSquare,"ChiSquareResult(statistic=1.6345994195869107, adjusted_pvalue=0.47374055895075645, adjusted_bootstrap_pvalue=0.885, adjusted_residuals=array([[ 0.88039038,  0.22978248, -1.23396826],
       [-0.88039038, -0.22978248,  1.23396826]]), adjusted_posthoc_pvalues=[0.44448482796927485, 0.44448482796927485])"
gene-STM0504::NC_003197.2:564017-564931(-),tie,TTG,ATG,"[1, 88]",oORF,"[0.0, 0.0, 0.0]","[59, 914]",mORF,"[0.0, 0.0, 0.0]","[array([[ 30,   3,   6],
       [336, 123, 192]]), array([[ 30,   9],
       [336, 315]])]",3.12033891248463,ChiSquare,"ChiSquareResult(statistic=10.171561403753591, adjusted_pvalue=0.009861064343399053, adjusted_bootstrap_pvalue=0.06353846153846154, adjusted_residuals=array([[ 3.07630521, -1.75875974, -1.89196101],
       [-3.07630521,  1.75875974,  1.89196101]]), adjusted_posthoc_pvalues=[0.0042639339153269454, 0.0042639339153269454])"
gene-STM0835::NC_003197.2:902273-903856(+),tie,ATG,ATG,"[385, 505]",opORF,"[0.0, 0.0, 0.0]","[470, 1583]",mORF,"[0.0, 0.0, 0.0]","[array([[36,  8, 16],
       [28, 10,  3]]), array([[36, 24],
       [28, 13]])]",0.6989136630607984,ChiSquare,"ChiSquareResult(statistic=7.395083811995709, adjusted_pvalue=0.034816144395243234, adjusted_bootstrap_pvalue=0.16154761904761905, adjusted_residuals=array([[-0.8494395 , -1.42589235,  2.4435226 ],
       [ 0.8494395 ,  1.42589235, -2.4435226 ]]), adjusted_posthoc_pvalues=[0.4488955798106756, 0.4488955798106756])"
gene-STM0973::NC_003197.2:1055098-1057440(-),tie,GTG,ATG,"[52, 73]",oORF,"[1.0, 0.0, 2.0]","[59, 2342]",mORF,"[1.0, 0.0, 1.0]","[array([[     8,      5,      3],
       [182327,  64704,  30164]]), array([[     8,      8],
       [182327,  94868]])]",0.520319205781278,ChiSquare,"ChiSquareResult(statistic=1.7942918954444664, adjusted_pvalue=0.45063233174636513, adjusted_bootstrap_pvalue=0.8705283018867924, adjusted_residuals=array([[-1.32994546,  0.74771841,  1.01059284],
       [ 1.32994546, -0.74771841, -1.01059284]]), adjusted_posthoc_pvalues=[0.2406364039355854, 0.2406364039355854])"
gene-STM0999::NC_003197.2:1089783-1090975(-),tie,ATG,ATG,"[84, 180]",oORF,"[0.0, 0.0, 0.0]","[100, 1192]",mORF,"[0.0, 0.0, 0.0]","[array([[  49,   15,    6],
       [5255, 1330, 1612]]), array([[  49,   21],
       [5255, 2942]])]",1.3062709631732707,ChiSquare,"ChiSquareResult(statistic=6.944266544231205, adjusted_pvalue=0.042604476720030225, adjusted_bootstrap_pvalue=0.17700000000000002, adjusted_residuals=array([[ 1.02349363,  1.17445834, -2.32960906],
       [-1.02349363, -1.17445834,  2.32960906]]), adjusted_posthoc_pvalues=[0.38422119477865385, 0.38422119477865385])"
gene-STM1249::NC_003197.2:1334034-1334693(-),tie,ATG,ATG,"[253, 328]",oORF,"[0.0, 0.0, 0.0]","[314, 659]",mORF,"[3.0, 2.0, 8.0]","[array([[  9,   3,   3],
       [403, 321, 234]]), array([[  9,   6],
       [403, 555]])]",2.0641948868379876,ChiSquare,"ChiSquareResult(statistic=2.063772135209639, adjusted_pvalue=0.412229825439973, adjusted_bootstrap_pvalue=0.8491372549019608, adjusted_residuals=array([[ 1.39480153, -1.10143461, -0.39625255],
       [-1.39480153,  1.10143461,  0.39625255]]), adjusted_posthoc_pvalues=[0.21866968402207737, 0.21866968402207737])"
gene-STM1450::NC_003197.2:1524811-1527946(+),tie,ATG,ATG,"[1611, 2898]",sORF,"[1.0, 0.0, 0.0]","[0, 861]",mORF,"[0.0, 0.0, 0.0]","[array([[ 10,   3,   5],
       [182,  24,  43]]), array([[ 10,   8],
       [182,  67]])]",0.4616783512067945,ChiSquare,"ChiSquareResult(statistic=2.363129810519331, adjusted_pvalue=0.362021938000206, adjusted_bootstrap_pvalue=0.8199795918367347, adjusted_residuals=array([[-1.59867802,  0.95508661,  1.12123833],
       [ 1.59867802, -0.95508661, -1.12123833]]), adjusted_posthoc_pvalues=[0.15813750346859556, 0.15813750346859556])"
gene-STM1468::NC_003197.2:1542177-1543991(+),tie,ATG,ATG,"[1782, 1800]",sORF,"[0.0, 0.0, 1.0]","[0, 1647]",mORF,"[0.0, 0.0, 0.0]","[array([[  15,    0,    4],
       [8892, 2055, 2463]]), array([[  15,    4],
       [8892, 4519]])]",1.9057057672409863,ChiSquare,"ChiSquareResult(statistic=6.320730816973638, adjusted_pvalue=0.055604538444823534, adjusted_bootstrap_pvalue=0.25304444444444446, adjusted_residuals=array([[ 1.16488348, -1.85410169,  0.30209791],
       [-1.16488348,  1.85410169, -0.30209791]]), adjusted_posthoc_pvalues=[0.3130413784908694, 0.3130413784908694])"
gene-STM1714::NC_003197.2:1809785-1812542(-),tie,GTG,ATG,"[116, 167]",oORF,"[0.0, 0.0, 0.0]","[159, 2757]",mORF,"[1.0, 0.0, 0.0]","[array([[ 13,   1,   0],
       [674,  76, 320]]), array([[ 13,   1],
       [674, 396]])]",7.6288809872360694,ChiSquare,"ChiSquareResult(statistic=10.021356633398073, adjusted_pvalue=0.01008503619163043, adjusted_bootstrap_pvalue=0.06055263157894737, adjusted_residuals=array([[ 2.30452324,  0.00579629, -2.43733419],
       [-2.30452324, -0.00579629,  2.43733419]]), adjusted_posthoc_pvalues=[0.036674687329415256, 0.036674687329415256])"
gene-STM1746::NC_003197.2:1839601-1841615(-),tie,ATG,GTG,"[171, 357]",oORF,"[0.0, 0.0, 0.0]","[265, 2014]",mORF,"[0.0, 0.0, 0.0]","[array([[   8,    1,    2],
       [3689, 1200,  715]]), array([[   8,    3],
       [3689, 1915]])]",1.3842200251783356,ChiSquare,"ChiSquareResult(statistic=1.2959113082007268, adjusted_pvalue=0.5511380807622355, adjusted_bootstrap_pvalue=0.9160526315789475, adjusted_residuals=array([[ 0.48203196, -0.995696  ,  0.53838987],
       [-0.48203196,  0.995696  , -0.53838987]]), adjusted_posthoc_pvalues=[0.663521633687808, 0.663521633687808])"
gene-STM1749::NC_003197.2:1843121-1845853(+),tie,GTG,ATG,"[2593, 2701]",oORF,"[0.0, 0.0, 0.0]","[0, 2679]",mORF,"[0.0, 0.0, 0.0]","[array([[   7,    3,    5],
       [4700,  599,  784]]), array([[   7,    8],
       [4700, 1383]])]",0.25754688342459353,ChiSquare,"ChiSquareResult(statistic=6.674495719597001, adjusted_pvalue=0.04764869436361552, adjusted_bootstrap_pvalue=0.2467272727272727, adjusted_residuals=array([[-2.82067706,  1.31663717,  2.35634871],
       [ 2.82067706, -1.31663717, -2.35634871]]), adjusted_posthoc_pvalues=[0.009120718416816493, 0.009120718416816493])"
gene-STM1766::NC_003197.2:1864275-1868140(+),tie,CTG,ATG,"[2412, 2490]",oORF,"[0.0, 0.0, 0.0]","[1789, 2440]",mORF,"[2.0, 0.0, 0.0]","[array([[  6,   3,   2],
       [518,  82,  90]]), array([[  6,   5],
       [518, 172]])]",0.3990764524724045,ChiSquare,"ChiSquareResult(statistic=2.432284272695672, adjusted_pvalue=0.3568552682198328, adjusted_bootstrap_pvalue=0.8491372549019608, adjusted_residuals=array([[-1.55472398,  1.55124768,  0.50072603],
       [ 1.55472398, -1.55124768, -0.50072603]]), adjusted_posthoc_pvalues=[0.16858803351367468, 0.16858803351367468])"
gene-STM1766::NC_003197.2:1864275-1868140(+),tie,CTG,ATG,"[2412, 2490]",oORF,"[0.0, 0.0, 0.0]","[0, 1797]",mORF,"[0.0, 0.0, 0.0]","[array([[  6,   3,   2],
       [143,  42,  42]]), array([[  6,   5],
       [143,  84]])]",0.7059664586101072,ChiSquare,"ChiSquareResult(statistic=0.502961904542864, adjusted_pvalue=0.7910559986932746, adjusted_bootstrap_pvalue=0.9907931034482758, adjusted_residuals=array([[-0.56568352,  0.72550166, -0.02673265],
       [ 0.56568352, -0.72550166,  0.02673265]]), adjusted_posthoc_pvalues=[0.6245356953667325, 0.6245356953667325])"
gene-STM2096::NC_003197.2:2176592-2178953(-),tie,ATG,GTG,"[1445, 1484]",sORF,"[8.0, 0.0, 0.0]","[376, 1462]",mORF,"[0.0, 0.0, 0.0]","[array([[ 15,   9,  14],
       [996, 329, 525]]), array([[ 15,  23],
       [996, 854]])]",0.5593646344974427,ChiSquare,"ChiSquareResult(statistic=3.091934994659934, adjusted_pvalue=0.2619422906095008, adjusted_bootstrap_pvalue=0.6698958333333334, adjusted_residuals=array([[-1.7574514 ,  0.93915631,  1.14350993],
       [ 1.7574514 , -0.93915631, -1.14350993]]), adjusted_posthoc_pvalues=[0.12241086879155925, 0.12241086879155925])"
gene-STM2158::NC_003197.2:2253741-2256143(-),tie,ATG,ATG,"[1603, 1690]",sORF,"[45.0, 0.0, 0.0]","[1682, 2402]",mORF,"[0.0, 0.0, 0.0]","[array([[ 49,   2,  11],
       [110,  18,  23]]), array([[ 49,  13],
       [110,  41]])]",1.4027327214442475,ChiSquare,"ChiSquareResult(statistic=4.710416836404098, adjusted_pvalue=0.11909681133247219, adjusted_bootstrap_pvalue=0.42582608695652174, adjusted_residuals=array([[ 0.94251573, -1.9762243 ,  0.45436762],
       [-0.94251573,  1.9762243 , -0.45436762]]), adjusted_posthoc_pvalues=[0.42520398265613824, 0.42520398265613824])"
gene-STM2249::NC_003197.2:2348985-2351389(-),tie,ATG,ATG,"[279, 483]",opORF,"[0.0, 0.0, 0.0]","[472, 2404]",mORF,"[0.0, 0.0, 0.0]","[array([[ 14,   0,   3],
       [126,  22,  16]]), array([[ 14,   3],
       [126,  38]])]",1.404955669981799,ChiSquare,"ChiSquareResult(statistic=5.173082374781545, adjusted_pvalue=0.09655474363091271, adjusted_bootstrap_pvalue=0.46572340425531916, adjusted_residuals=array([[ 0.51791403, -1.6112191 ,  1.01037194],
       [-0.51791403,  1.6112191 , -1.01037194]]), adjusted_posthoc_pvalues=[0.6484832153244364, 0.6484832153244364])"
gene-STM2829::NC_003197.2:2974857-2975963(-),tie,TTG,ATG,"[25, 100]",oORF,"[0.0, 0.0, 0.0]","[44, 1106]",mORF,"[0.0, 1.0, 38.0]","[array([[ 124,   24,   25],
       [2931,  480,  736]]), array([[ 124,   49],
       [2931, 1216]])]",1.0498772212329908,ChiSquare,"ChiSquareResult(statistic=1.8230908579009686, adjusted_pvalue=0.45063233174636513, adjusted_bootstrap_pvalue=0.8705283018867924, adjusted_residuals=array([[ 0.28282457,  0.92257213, -1.11527435],
       [-0.28282457, -0.92257213,  1.11527435]]), adjusted_posthoc_pvalues=[0.8045854036317436, 0.8045854036317436])"
gene-STM3359::NC_003197.2:3526682-3527776(-),tie,GTG,ATG,"[67, 100]",sORF,"[0.0, 0.0, 0.0]","[155, 1094]",mORF,"[12.0, 168.0, 633.0]","[array([[    9,     3,     3],
       [22667,  6406,  9879]]), array([[    9,     6],
       [22667, 16285]])]",1.0776659203542216,ChiSquare,"ChiSquareResult(statistic=0.299414078830726, adjusted_pvalue=0.8609601668761603, adjusted_bootstrap_pvalue=0.991, adjusted_residuals=array([[ 0.14192802,  0.37125031, -0.47722979],
       [-0.14192802, -0.37125031,  0.47722979]]), adjusted_posthoc_pvalues=[0.9024323207373807, 0.9024323207373807])"
gene-STM3935::NC_003197.2:4141934-4144303(-),tie,CTG,ATG,"[1123, 1273]",sORF,"[0.0, 1.0, 0.0]","[0, 1170]",mORF,"[0.0, 0.0, 0.0]","[array([[ 55,   7,   3],
       [468, 133,  75]]), array([[ 55,  10],
       [468, 208]])]",2.4419797918550996,ChiSquare,"ChiSquareResult(statistic=7.728352396894882, adjusted_pvalue=0.030191017843341803, adjusted_bootstrap_pvalue=0.14390243902439023, adjusted_residuals=array([[ 2.59984037, -1.75181271, -1.62578263],
       [-2.59984037,  1.75181271,  1.62578263]]), adjusted_posthoc_pvalues=[0.016675033345853317, 0.016675033345853317])"
gene-STM3935::NC_003197.2:4141934-4144303(-),tie,CTG,ATG,"[1123, 1273]",sORF,"[0.0, 1.0, 0.0]","[1169, 2369]",mORF,"[0.0, 0.0, 0.0]","[array([[ 55,   7,   3],
       [794,  91, 193]]), array([[ 55,  10],
       [794, 284]])]",1.9662641017724853,ChiSquare,"ChiSquareResult(statistic=10.082001345160748, adjusted_pvalue=0.010041292997479776, adjusted_bootstrap_pvalue=0.05421621621621622, adjusted_residuals=array([[ 1.96331853,  0.65093831, -2.76026233],
       [-1.96331853, -0.65093831,  2.76026233]]), adjusted_posthoc_pvalues=[0.07910651962097968, 0.07910651962097968])"
gene-STM4034::NC_003197.2:4242297-4243855(-),tie,CTG,ATG,"[624, 657]",opORF,"[105.0, 15.0, 17.0]","[628, 1558]",mORF,"[2.0, 2.0, 4.0]","[array([[326,  64,  20],
       [659, 140,  53]]), array([[326,  84],
       [659, 193]])]",1.1364928234490497,ChiSquare,"ChiSquareResult(statistic=1.1709570171250574, adjusted_pvalue=0.5763775683119197, adjusted_bootstrap_pvalue=0.9160526315789475, adjusted_residuals=array([[ 0.87015501, -0.37157327, -0.95683805],
       [-0.87015501,  0.37157327,  0.95683805]]), adjusted_posthoc_pvalues=[0.44448482796927485, 0.44448482796927485])"
gene-STM4074::NC_003197.2:4283513-4286082(+),tie,ATG,ATG,"[1420, 1552]",opORF,"[0.0, 0.0, 0.0]","[0, 1536]",mORF,"[0.0, 0.0, 0.0]","[array([[ 17,   8,  15],
       [581, 199, 178]]), array([[ 17,  23],
       [581, 377]])]",0.4799730523730726,ChiSquare,"ChiSquareResult(statistic=7.978773546400323, adjusted_pvalue=0.027303816626114995, adjusted_bootstrap_pvalue=0.131275, adjusted_residuals=array([[-2.29459804, -0.11805131,  2.96834197],
       [ 2.29459804,  0.11805131, -2.96834197]]), adjusted_posthoc_pvalues=[0.036674687329415256, 0.036674687329415256])"
gene-STM4314::NC_003197.2:4560613-4561773(-),tie,ATG,TTG,"[865, 898]",sORF,"[0.0, 0.0, 0.0]","[872, 1160]",mORF,"[0.0, 0.0, 0.0]","[array([[ 19,   0,   2],
       [426,  16,  73]]), array([[ 19,   2],
       [426,  89]])]",1.9827023647840285,ChiSquare,"ChiSquareResult(statistic=1.7713137964889756, adjusted_pvalue=0.45063233174636513, adjusted_bootstrap_pvalue=0.9160526315789475, adjusted_residuals=array([[ 0.92817612, -0.82006211, -0.60222118],
       [-0.92817612,  0.82006211,  0.60222118]]), adjusted_posthoc_pvalues=[0.4254215685009778, 0.4254215685009778])"
MSTRG.1063.1::NC_003197.2:1334920-1335354(-),default,ATG,,"[167, 341]",sORF,"[0.0, 0.0, 0.0]",,,,,inf,,
MSTRG.1292.1::NC_003197.2:1594001-1594191(-),default,ATG,,"[5, 128]",sORF,"[0.0, 0.0, 0.0]",,,,,inf,,
MSTRG.1461.1::NC_003197.2:1807826-1808160(-),default,ATG,,"[105, 237]",sORF,"[0.0, 2.0, 0.0]",,,,,inf,,
MSTRG.2847.1::NC_003197.2:3567079-3572026(-),default,ATG,,"[1596, 1611]",sORF,"[7.0, 1.0, 0.0]",,,,,inf,,
MSTRG.2847.1::NC_003197.2:3567079-3572026(-),default,TTG,,"[1571, 1607]",sORF,"[2.0, 0.0, 0.0]",,,,,inf,,
gene-STM0092::NC_003197.2:104469-105809(-),default,TTG,,"[37, 133]",oORF,"[0.0, 0.0, 0.0]",,,,,inf,,
gene-STM0702::NC_003197.2:766341-769696(-),default,ATG,,"[2658, 2700]",sORF,"[0.0, 0.0, 0.0]",,,,,inf,,
gene-STM0745::NC_003197.2:813430-814126(+),default,ATG,,"[437, 695]",oORF,"[0.0, 0.0, 0.0]",,,,,inf,,
gene-STM1048::NC_003197.2:1132779-1136463(+),default,ATG,,"[3388, 3631]",sORF,"[0.0, 0.0, 1.0]",,,,,inf,,
gene-STM1590::NC_003197.2:1678338-1679303(+),default,ATG,,"[487, 682]",sORF,"[0.0, 0.0, 0.0]",,,,,inf,,
gene-STM2465::NC_003197.2:2575210-2575541(-),default,CTG,,"[11, 53]",oORF,"[0.0, 0.0, 0.0]",,,,,inf,,
gene-STM2964::NC_003197.2:3115550-3116662(-),default,ATG,,"[193, 376]",opORF,"[0.0, 0.0, 0.0]",,,,,inf,,
gene-STM3798::NC_003197.2:3999700-4001897(+),default,GTG,,"[821, 1292]",oORF,"[0.0, 0.0, 0.0]",,,,,inf,,
gene-STM3924::NC_003197.2:4133122-4133675(+),default,ATG,,"[349, 553]",oORF,"[0.0, 0.0, 0.0]",,,,,inf,,
rna-STM0467::NC_003197.2:524426-524542(+),default,GTG,,"[79, 115]",sORF,"[0.0, 0.0, 0.0]",,,,,inf,,
rna-STM2658::NC_003197.2:2799960-2800120(-),default,GTG,,"[21, 42]",sORF,"[0.0, 0.0, 0.0]",,,,,inf,,
rna-STM2659::NC_003197.2:2800120-2801787(-),default,ATG,,"[54, 78]",sORF,"[5.0, 0.0, 0.0]",,,,,inf,,
rna-STM2659::NC_003197.2:2800120-2801787(-),default,GTG,,"[8, 38]",sORF,"[0.0, 0.0, 0.0]",,,,,inf,,
rna-STM3890::NC_003197.2:4101771-4101961(+),default,GTG,,"[91, 184]",sORF,"[0.0, 0.0, 0.0]",,,,,inf,,
rna-STM3988::NC_003197.2:4196071-4197682(+),default,ATG,,"[1584, 1602]",sORF,"[119.0, 0.0, 2.90924]",,,,,inf,,
rna-STM3990::NC_003197.2:4197870-4198128(+),default,CTG,,"[127, 148]",sORF,"[0.0, 0.0, 0.0]",,,,,inf,,
rna-STM3990::NC_003197.2:4197870-4198128(+),default,GTG,,"[84, 201]",sORF,"[0.0, 0.0, 0.0]",,,,,inf,,
rna-STM4133::NC_003197.2:4352753-4352941(+),default,ATG,,"[119, 179]",sORF,"[0.0, 2.0, 4.0]",,,,,inf,,
rna-STM4179::NC_003197.2:4396623-4399809(+),default,ATG,,"[3088, 3127]",sORF,"[1.0, 0.0, 0.0]",,,,,inf,,
rna-STM4179::NC_003197.2:4396623-4399809(+),default,TTG,,"[3009, 3075]",sORF,"[0.0, 0.0, 0.0]",,,,,inf,,
gene-PSLT003::NC_003277.2:1333-1600(+),default,,TTG,,,,"[0, 267]",mORF,"[0.0, 0.0, 0.0]",,0.0,,
gene-PSLT005::NC_003277.2:1849-3386(+),default,,ATG,,,,"[0, 78]",mORF,"[0.0, 0.0, 0.0]",,0.0,,
gene-PSLT009::NC_003277.2:4991-5549(-),default,,ATG,,,,"[0, 558]",mORF,"[0.0, 0.0, 0.0]",,0.0,,
gene-PSLT011::NC_003277.2:6670-7324(-),default,,GTG,,,,"[0, 654]",mORF,"[0.0, 0.0, 0.0]",,0.0,,
gene-PSLT014::NC_003277.2:8547-9423(-),default,,ATG,,,,"[0, 876]",mORF,"[0.0, 0.0, 0.0]",,0.0,,
gene-PSLT015::NC_003277.2:9675-10233(-),default,,ATG,,,,"[0, 558]",mORF,"[0.0, 0.0, 0.0]",,0.0,,
gene-PSLT018::NC_003277.2:13568-14087(-),default,,ATG,,,,"[0, 519]",mORF,"[0.0, 0.0, 0.0]",,0.0,,
gene-PSLT023::NC_003277.2:16635-17677(-),default,,TTG,,,,"[52, 1042]",mORF,"[0.0, 0.0, 1.0]",,0.0,,
gene-PSLT026::NC_003277.2:18898-19420(-),default,,GTG,,,,"[0, 522]",mORF,"[0.0, 0.0, 0.0]",,0.0,,
gene-PSLT027::NC_003277.2:20095-20314(+),default,,ATG,,,,"[0, 219]",mORF,"[0.0, 0.0, 0.0]",,0.0,,
gene-PSLT029::NC_003277.2:20622-21431(+),default,,ATG,,,,"[0, 291]",mORF,"[0.0, 0.0, 0.0]",,0.0,,
gene-PSLT032::NC_003277.2:22256-22808(+),default,,ATG,,,,"[0, 552]",mORF,"[0.0, 0.0, 0.0]",,0.0,,
gene-PSLT035::NC_003277.2:25308-25659(-),default,,ATG,,,,"[0, 351]",mORF,"[0.0, 0.0, 0.0]",,0.0,,
gene-PSLT036::NC_003277.2:25876-26140(+),default,,TTG,,,,"[0, 264]",mORF,"[0.0, 0.0, 0.0]",,0.0,,
gene-PSLT039::NC_003277.2:28184-29960(-),default,,ATG,,,,"[0, 1776]",mORF,"[0.0, 0.0, 0.0]",,0.0,,
gene-PSLT041::NC_003277.2:31420-32314(-),default,,ATG,,,,"[0, 894]",mORF,"[0.0, 0.0, 0.0]",,0.0,,
gene-PSLT042::NC_003277.2:32922-33960(+),default,,ATG,,,,"[0, 1038]",mORF,"[0.0, 0.0, 0.0]",,0.0,,
gene-PSLT043::NC_003277.2:34148-36754(-),default,,GTG,,,,"[1580, 2606]",mORF,"[0.0, 0.0, 0.0]",,0.0,,
gene-PSLT044::NC_003277.2:35106-37521(-),default,,ATG,,,,"[750, 2415]",mORF,"[0.0, 0.0, 0.0]",,0.0,,
gene-PSLT046::NC_003277.2:37521-38283(-),default,,ATG,,,,"[21, 762]",mORF,"[18.0, 0.0, 0.0]",,0.0,,
gene-PSLT047::NC_003277.2:38916-39405(-),default,,ATG,,,,"[0, 489]",mORF,"[0.0, 0.0, 0.0]",,0.0,,
gene-PSLT048::NC_003277.2:39663-40779(+),default,,ATG,,,,"[0, 1116]",mORF,"[0.0, 0.0, 0.0]",,0.0,,
gene-PSLT051::NC_003277.2:42454-43396(-),default,,ATG,,,,"[0, 942]",mORF,"[0.0, 0.0, 0.0]",,0.0,,
gene-PSLT052::NC_003277.2:43810-45990(+),default,,ATG,,,,"[0, 1206]",mORF,"[0.0, 0.0, 0.0]",,0.0,,
gene-PSLT061::NC_003277.2:50921-51686(+),default,,ATG,,,,"[0, 765]",mORF,"[0.0, 0.0, 0.0]",,0.0,,
gene-PSLT072::NC_003277.2:60122-60593(-),default,,ATG,,,,"[0, 471]",mORF,"[0.0, 0.0, 0.0]",,0.0,,
gene-PSLT095::NC_003277.2:74616-76443(+),default,,ATG,,,,"[0, 1827]",mORF,"[0.0, 0.0, 0.0]",,0.0,,
gene-PSLT103::NC_003277.2:83208-84113(+),default,,ATG,,,,"[0, 732]",mORF,"[0.0, 0.0, 0.0]",,0.0,,
gene-PSLT104::NC_003277.2:84316-87275(+),default,,ATG,,,,"[0, 2244]",mORF,"[0.0, 0.0, 0.0]",,0.0,,
gene-PSLT106::NC_003277.2:86568-87197(-),default,,ATG,,,,"[230, 629]",mORF,"[0.0, 0.0, 0.0]",,0.0,,
gene-STM0003::NC_003197.2:2800-3733(+),default,,ATG,,,,"[0, 930]",mORF,"[0.0, 0.0, 0.0]",,0.0,,
gene-STM0004::NC_003197.2:3733-5020(+),default,,ATG,,,,"[0, 1287]",mORF,"[0.0, 0.0, 0.0]",,0.0,,
gene-STM0005::NC_003197.2:5113-5887(-),default,,ATG,,,,"[0, 774]",mORF,"[0.0, 0.0, 0.0]",,0.0,,
gene-STM0006::NC_003197.2:5965-7467(-),default,,ATG,,,,"[71, 1502]",mORF,"[0.0, 0.0, 0.0]",,0.0,,
gene-STM0007::NC_003197.2:7664-8618(+),default,,ATG,,,,"[0, 954]",mORF,"[0.0, 0.0, 0.0]",,0.0,,
gene-STM0008::NC_003197.2:8728-9319(+),default,,ATG,,,,"[0, 591]",mORF,"[0.0, 0.0, 0.0]",,0.0,,
gene-STM0009::NC_003197.2:9375-9942(-),default,,ATG,,,,"[0, 567]",mORF,"[0.0, 0.0, 0.0]",,0.0,,
gene-STM0011::NC_003197.2:10840-11245(-),default,,ATG,,,,"[0, 405]",mORF,"[0.0, 0.0, 0.0]",,0.0,,
gene-STM0012::NC_003197.2:11592-13509(+),default,,ATG,,,,"[0, 1917]",mORF,"[0.0, 0.0, 0.0]",,0.0,,
gene-STM0013::NC_003197.2:13594-14734(+),default,,ATG,,,,"[0, 1140]",mORF,"[0.0, 0.0, 0.0]",,0.0,,
gene-STM0020::NC_003197.2:23334-24039(+),default,,ATG,,,,"[0, 705]",mORF,"[0.0, 0.0, 0.0]",,0.0,,
gene-STM0028::NC_003197.2:31273-32119(+),default,,ATG,,,,"[0, 846]",mORF,"[0.0, 0.0, 0.0]",,0.0,,
gene-STM0033::NC_003197.2:37102-38674(-),default,,ATG,,,,"[0, 1572]",mORF,"[0.0, 0.0, 0.0]",,0.0,,
gene-STM0035::NC_003197.2:40130-41624(+),default,,ATG,,,,"[0, 1494]",mORF,"[0.0, 0.0, 0.0]",,0.0,,
gene-STM0039::NC_003197.2:46189-47417(+),default,,GTG,,,,"[0, 1167]",mORF,"[0.0, 0.0, 0.0]",,0.0,,
gene-STM0040::NC_003197.2:47417-48317(+),default,,ATG,,,,"[0, 900]",mORF,"[0.0, 0.0, 0.0]",,0.0,,
gene-STM0041::NC_003197.2:48371-50411(-),default,,ATG,,,,"[0, 2040]",mORF,"[0.0, 0.0, 0.0]",,0.0,,
gene-STM0042::NC_003197.2:50450-51824(-),default,,ATG,,,,"[0, 1374]",mORF,"[0.0, 0.0, 0.0]",,0.0,,
gene-STM0043::NC_003197.2:52279-52543(-),default,,TTG,,,,"[0, 264]",mORF,"[0.0, 0.0, 0.0]",,0.0,,
gene-STM0045::NC_003197.2:52871-53810(+),default,,ATG,,,,"[0, 939]",mORF,"[0.0, 0.0, 0.0]",,0.0,,
gene-STM0049::NC_003197.2:57795-58746(+),default,,ATG,,,,"[0, 951]",mORF,"[0.0, 0.0, 0.0]",,0.0,,
gene-STM0050::NC_003197.2:58945-60148(+),default,,ATG,,,,"[0, 1203]",mORF,"[0.0, 0.0, 0.0]",,0.0,,
gene-STM0051::NC_003197.2:60163-61084(+),default,,ATG,,,,"[0, 921]",mORF,"[0.0, 0.0, 0.0]",,0.0,,
gene-STM0052::NC_003197.2:61105-61792(-),default,,ATG,,,,"[0, 687]",mORF,"[0.0, 0.0, 0.0]",,0.0,,
gene-STM0053::NC_003197.2:61793-63413(-),default,,ATG,,,,"[0, 1620]",mORF,"[0.0, 0.0, 0.0]",,0.0,,
gene-STM0057::NC_003197.2:67051-68392(-),default,,ATG,,,,"[0, 1341]",mORF,"[0.0, 0.0, 0.0]",,0.0,,
gene-STM0058::NC_003197.2:68636-69680(+),default,,ATG,,,,"[0, 1044]",mORF,"[0.0, 0.0, 0.0]",,0.0,,
gene-STM0059::NC_003197.2:69709-70869(+),default,,ATG,,,,"[0, 294]",mORF,"[0.0, 0.0, 0.0]",,0.0,,
gene-STM0064::NC_003197.2:74016-74838(+),default,,ATG,,,,"[0, 822]",mORF,"[0.0, 0.0, 0.0]",,0.0,,
gene-STM0066::NC_003197.2:75879-77046(+),default,,TTG,,,,"[0, 1149]",mORF,"[0.0, 0.0, 0.0]",,0.0,,
gene-STM0067::NC_003197.2:77046-80274(+),default,,ATG,,,,"[0, 3228]",mORF,"[0.0, 0.0, 0.0]",,0.0,,
gene-STM0070::NC_003197.2:81724-82510(-),default,,ATG,,,,"[0, 786]",mORF,"[0.0, 0.0, 0.0]",,0.0,,
gene-STM0071::NC_003197.2:82563-84117(-),default,,ATG,,,,"[0, 1554]",mORF,"[0.0, 0.0, 0.0]",,0.0,,
gene-STM0072::NC_003197.2:84179-85397(-),default,,ATG,,,,"[0, 1218]",mORF,"[0.0, 0.0, 0.0]",,0.0,,
gene-STM0081::NC_003197.2:94130-95061(+),default,,ATG,,,,"[0, 417]",mORF,"[0.0, 0.0, 0.0]",,0.0,,
gene-STM0082::NC_003197.2:94770-95061(-),default,,ATG,,,,"[0, 291]",mORF,"[0.0, 0.0, 0.0]",,0.0,,
gene-STM0084::NC_003197.2:95958-97848(+),default,,ATG,,,,"[0, 1890]",mORF,"[0.0, 0.0, 0.0]",,0.0,,
gene-STM0087::NC_003197.2:100838-101318(+),default,,ATG,,,,"[0, 480]",mORF,"[0.0, 0.0, 0.0]",,0.0,,
gene-STM0088::NC_003197.2:101423-102272(-),default,,ATG,,,,"[0, 849]",mORF,"[0.0, 0.0, 0.0]",,0.0,,
gene-STM0089::NC_003197.2:102282-102660(-),default,,ATG,,,,"[0, 378]",mORF,"[0.0, 0.0, 0.0]",,0.0,,
gene-STM0090::NC_003197.2:102662-104469(-),default,,ATG,,,,"[985, 1807]",mORF,"[2.0, 0.0, 0.0]",,0.0,,
gene-STM0091::NC_003197.2:103480-105809(-),default,,ATG,,,,"[53, 1340]",mORF,"[0.0, 0.0, 0.0]",,0.0,,
gene-STM0091::NC_003197.2:103480-105809(-),default,,ATG,,,,"[1339, 2329]",mORF,"[0.0, 0.0, 0.0]",,0.0,,
gene-STM0093::NC_003197.2:105809-108205(-),default,,ATG,,,,"[35, 2396]",mORF,"[0.0, 0.0, 0.0]",,0.0,,
gene-STM0094::NC_003197.2:108423-109236(+),default,,ATG,,,,"[0, 813]",mORF,"[0.0, 0.0, 0.0]",,0.0,,
gene-STM0096::NC_003197.2:110001-112908(-),default,,ATG,,,,"[0, 2907]",mORF,"[0.0, 0.0, 0.0]",,0.0,,
gene-STM0097::NC_003197.2:113081-115433(-),default,,GTG,,,,"[0, 2352]",mORF,"[0.0, 0.0, 0.0]",,0.0,,
gene-STM0101::NC_003197.2:117240-117936(-),default,,ATG,,,,"[0, 696]",mORF,"[0.0, 0.0, 0.0]",,0.0,,
gene-STM0102::NC_003197.2:118076-119579(-),default,,ATG,,,,"[0, 1503]",mORF,"[0.0, 0.0, 0.0]",,0.0,,
gene-STM0106::NC_003197.2:123409-125686(-),default,,ATG,,,,"[1569, 2277]",mORF,"[0.0, 0.0, 0.0]",,0.0,,
gene-STM0112::NC_003197.2:131075-133825(-),default,,ATG,,,,"[1658, 2750]",mORF,"[0.0, 0.0, 0.0]",,0.0,,
gene-STM0114::NC_003197.2:133825-133912(-),default,,ATG,,,,"[0, 87]",mORF,"[0.0, 0.0, 0.0]",,0.0,,
gene-STM0117::NC_003197.2:137561-138053(+),default,,ATG,,,,"[0, 492]",mORF,"[0.0, 0.0, 0.0]",,0.0,,
gene-STM0118::NC_003197.2:138336-139341(+),default,,GTG,,,,"[0, 1005]",mORF,"[0.0, 0.0, 0.0]",,0.0,,
gene-STM0120::NC_003197.2:140406-141710(+),default,,ATG,,,,"[0, 942]",mORF,"[0.0, 0.0, 0.0]",,0.0,,
gene-STM0122::NC_003197.2:141725-144962(+),default,,ATG,,,,"[0, 1767]",mORF,"[0.0, 0.0, 0.0]",,0.0,,
gene-STM0123::NC_003197.2:143478-146314(+),default,,GTG,,,,"[0, 1488]",mORF,"[0.0, 0.0, 0.0]",,0.0,,
gene-STM0124::NC_003197.2:144962-147397(+),default,,ATG,,,,"[0, 1359]",mORF,"[0.0, 0.0, 0.0]",,0.0,,
gene-STM0126::NC_003197.2:147399-149956(+),default,,ATG,,,,"[0, 1317]",mORF,"[0.0, 0.0, 0.0]",,0.0,,
gene-STM0127::NC_003197.2:148715-151026(+),default,,ATG,,,,"[0, 1245]",mORF,"[0.0, 0.0, 0.0]",,0.0,,
gene-STM0129::NC_003197.2:151142-153531(+),default,,ATG,,,,"[0, 1476]",mORF,"[0.0, 0.0, 0.0]",,0.0,,
gene-STM0129::NC_003197.2:151142-153531(+),default,,ATG,,,,"[1468, 2389]",mORF,"[0.0, 0.0, 0.0]",,0.0,,
gene-STM0131::NC_003197.2:153532-155682(+),default,,ATG,,,,"[0, 831]",mORF,"[0.0, 0.0, 0.0]",,0.0,,
gene-STM0133::NC_003197.2:155682-156934(+),default,,ATG,,,,"[0, 1152]",mORF,"[0.0, 0.0, 0.0]",,0.0,,
gene-STM0134::NC_003197.2:156934-157928(+),default,,ATG,,,,"[0, 918]",mORF,"[0.0, 0.0, 0.0]",,0.0,,
gene-STM0136::NC_003197.2:158688-161394(+),default,,ATG,,,,"[0, 2706]",mORF,"[0.0, 0.0, 0.0]",,0.0,,
gene-STM0137::NC_003197.2:161545-161941(+),default,,ATG,,,,"[0, 396]",mORF,"[0.0, 0.0, 0.0]",,0.0,,
gene-STM0138::NC_003197.2:162262-162454(-),default,,ATG,,,,"[0, 192]",mORF,"[0.0, 0.0, 0.0]",,0.0,,
gene-STM0139::NC_003197.2:162463-163827(-),default,,ATG,,,,"[0, 621]",mORF,"[0.0, 0.0, 0.0]",,0.0,,
gene-STM0139::NC_003197.2:162463-163827(-),default,,ATG,,,,"[620, 1364]",mORF,"[0.0, 0.0, 0.0]",,0.0,,
gene-STM0141::NC_003197.2:164052-165096(+),default,,ATG,,,,"[0, 1044]",mORF,"[0.0, 0.0, 0.0]",,0.0,,
gene-STM0145::NC_003197.2:168372-169266(-),default,,ATG,,,,"[0, 894]",mORF,"[0.0, 0.0, 0.0]",,0.0,,
gene-STM0150::NC_003197.2:173379-174753(-),default,,ATG,,,,"[0, 1374]",mORF,"[0.0, 0.0, 0.0]",,0.0,,
gene-STM0151::NC_003197.2:175315-176080(+),default,,ATG,,,,"[0, 765]",mORF,"[0.0, 0.0, 0.0]",,0.0,,
gene-STM0152::NC_003197.2:176239-178903(+),default,,ATG,,,,"[0, 2664]",mORF,"[0.0, 0.0, 0.0]",,0.0,,
gene-STM0153::NC_003197.2:178917-180807(+),default,,ATG,,,,"[0, 1890]",mORF,"[0.0, 0.0, 0.0]",,0.0,,
gene-STM0154::NC_003197.2:181006-182431(+),default,,ATG,,,,"[0, 1425]",mORF,"[0.0, 0.0, 0.0]",,0.0,,
gene-STM0158::NC_003197.2:185856-188454(+),default,,GTG,,,,"[0, 2598]",mORF,"[0.0, 0.0, 0.0]",,0.0,,
gene-STM0159::NC_003197.2:188514-189357(-),default,,ATG,,,,"[0, 843]",mORF,"[0.0, 0.0, 0.0]",,0.0,,
gene-STM0162::NC_003197.2:191149-193394(+),default,,ATG,,,,"[0, 1272]",mORF,"[0.0, 0.0, 0.0]",,0.0,,
gene-STM0164::NC_003197.2:193403-194171(+),default,,ATG,,,,"[0, 768]",mORF,"[0.0, 0.0, 0.0]",,0.0,,
gene-STM0165::NC_003197.2:194200-194995(-),default,,TTG,,,,"[0, 795]",mORF,"[0.0, 0.0, 0.0]",,0.0,,
gene-STM0166::NC_003197.2:195015-195876(-),default,,ATG,,,,"[0, 861]",mORF,"[0.0, 0.0, 0.0]",,0.0,,
gene-STM0167::NC_003197.2:195982-196330(-),default,,ATG,,,,"[0, 348]",mORF,"[0.0, 0.0, 0.0]",,0.0,,
gene-STM0168::NC_003197.2:196531-198142(+),default,,ATG,,,,"[0, 1611]",mORF,"[0.0, 0.0, 0.0]",,0.0,,
gene-STM0170::NC_003197.2:200815-201352(+),default,,ATG,,,,"[0, 537]",mORF,"[0.0, 0.0, 0.0]",,0.0,,
gene-STM0171::NC_003197.2:201409-202072(-),default,,ATG,,,,"[0, 663]",mORF,"[0.0, 0.0, 0.0]",,0.0,,
gene-STM0172::NC_003197.2:202180-203939(+),default,,ATG,,,,"[0, 927]",mORF,"[0.0, 0.0, 0.0]",,0.0,,
gene-STM0172::NC_003197.2:202180-203939(+),default,,ATG,,,,"[923, 1694]",mORF,"[0.0, 0.0, 0.0]",,0.0,,
gene-STM0180::NC_003197.2:211030-211411(-),default,,ATG,,,,"[0, 381]",mORF,"[0.0, 0.0, 0.0]",,0.0,,
gene-STM0181::NC_003197.2:211505-212360(-),default,,GTG,,,,"[0, 855]",mORF,"[0.0, 0.0, 0.0]",,0.0,,
gene-STM0182::NC_003197.2:212485-213277(-),default,,ATG,,,,"[0, 792]",mORF,"[0.0, 0.0, 0.0]",,0.0,,
gene-STM0183::NC_003197.2:213397-215292(-),default,,ATG,,,,"[1415, 1895]",mORF,"[0.0, 0.0, 0.0]",,0.0,,
gene-STM0185::NC_003197.2:215432-216374(-),default,,ATG,,,,"[0, 942]",mORF,"[0.0, 0.0, 0.0]",,0.0,,
gene-STM0186::NC_003197.2:216397-216853(-),default,,ATG,,,,"[0, 456]",mORF,"[0.0, 0.0, 0.0]",,0.0,,
gene-STM0187::NC_003197.2:217029-217734(-),default,,ATG,,,,"[0, 705]",mORF,"[0.0, 0.0, 0.0]",,0.0,,
gene-STM0189::NC_003197.2:218308-220783(+),default,,ATG,,,,"[0, 2475]",mORF,"[0.0, 0.0, 0.0]",,0.0,,
gene-STM0190::NC_003197.2:220923-223446(+),default,,ATG,,,,"[0, 2523]",mORF,"[0.0, 0.0, 0.0]",,0.0,,
gene-STM0202::NC_003197.2:237211-238492(-),default,,ATG,,,,"[0, 1281]",mORF,"[0.0, 0.0, 0.0]",,0.0,,
gene-STM0203::NC_003197.2:238661-240083(+),default,,ATG,,,,"[0, 1422]",mORF,"[0.0, 0.0, 0.0]",,0.0,,
gene-STM0206::NC_003197.2:241269-242761(-),default,,ATG,,,,"[691, 1492]",mORF,"[0.0, 0.0, 3.0]",,0.0,,
gene-STM0208::NC_003197.2:242845-244363(+),default,,ATG,,,,"[0, 1518]",mORF,"[0.0, 0.0, 0.0]",,0.0,,
gene-STM0209::NC_003197.2:244492-246072(+),default,,ATG,,,,"[0, 1428]",mORF,"[0.0, 0.0, 0.0]",,0.0,,
gene-STM0210::NC_003197.2:246072-247230(+),default,,ATG,,,,"[0, 1158]",mORF,"[0.0, 0.0, 0.0]",,0.0,,
gene-STM0211::NC_003197.2:247318-247705(-),default,,ATG,,,,"[0, 387]",mORF,"[0.0, 0.0, 0.0]",,0.0,,
gene-STM0212::NC_003197.2:247951-250114(+),default,,ATG,,,,"[0, 1302]",mORF,"[0.0, 0.0, 0.0]",,0.0,,
gene-STM0213::NC_003197.2:249289-250114(-),default,,ATG,,,,"[0, 825]",mORF,"[0.0, 0.0, 0.0]",,0.0,,
gene-STM0214::NC_003197.2:250143-252816(-),default,,ATG,,,,"[0, 2673]",mORF,"[0.0, 0.0, 0.0]",,0.0,,
gene-STM0215::NC_003197.2:253052-253847(-),default,,ATG,,,,"[0, 795]",mORF,"[0.0, 0.0, 0.0]",,0.0,,
gene-STM0216::NC_003197.2:254297-255040(+),default,,ATG,,,,"[0, 726]",mORF,"[0.0, 0.0, 0.0]",,0.0,,
gene-STM0217::NC_003197.2:255280-256276(+),default,,ATG,,,,"[0, 852]",mORF,"[0.0, 0.0, 0.0]",,0.0,,
gene-STM0218::NC_003197.2:256276-257148(+),default,,ATG,,,,"[0, 726]",mORF,"[0.0, 0.0, 0.0]",,0.0,,
gene-STM0219::NC_003197.2:257148-257846(+),default,,GTG,,,,"[0, 558]",mORF,"[0.0, 0.0, 0.0]",,0.0,,
gene-STM0220::NC_003197.2:257846-259043(+),default,,ATG,,,,"[0, 1197]",mORF,"[0.0, 0.0, 0.0]",,0.0,,
gene-STM0221::NC_003197.2:259355-260114(+),default,,ATG,,,,"[0, 759]",mORF,"[0.0, 0.0, 0.0]",,0.0,,
gene-STM0222::NC_003197.2:260126-260984(+),default,,TTG,,,,"[0, 858]",mORF,"[0.0, 0.0, 0.0]",,0.0,,
gene-STM0223::NC_003197.2:260995-262348(+),default,,ATG,,,,"[0, 1353]",mORF,"[0.0, 0.0, 0.0]",,0.0,,
gene-STM0224::NC_003197.2:262379-264794(+),default,,ATG,,,,"[0, 2415]",mORF,"[0.0, 0.0, 0.0]",,0.0,,
gene-STM0225::NC_003197.2:264916-265402(+),default,,GTG,,,,"[0, 486]",mORF,"[0.0, 0.0, 0.0]",,0.0,,
gene-STM0226::NC_003197.2:265405-266431(+),default,,ATG,,,,"[0, 1026]",mORF,"[0.0, 0.0, 0.0]",,0.0,,
gene-STM0227::NC_003197.2:266536-266995(+),default,,TTG,,,,"[0, 456]",mORF,"[0.0, 0.0, 0.0]",,0.0,,
gene-STM0228::NC_003197.2:266995-268928(+),default,,GTG,,,,"[0, 789]",mORF,"[0.0, 0.0, 0.0]",,0.0,,
gene-STM0229::NC_003197.2:267783-269525(+),default,,ATG,,,,"[0, 1149]",mORF,"[0.0, 0.0, 0.0]",,0.0,,
gene-STM0231::NC_003197.2:269548-273043(+),default,,ATG,,,,"[0, 3483]",mORF,"[0.0, 0.0, 0.0]",,0.0,,
gene-STM0232::NC_003197.2:273043-274003(+),default,,ATG,,,,"[0, 960]",mORF,"[0.0, 0.0, 0.0]",,0.0,,
gene-STM0234::NC_003197.2:276022-278164(+),default,,ATG,,,,"[0, 2142]",mORF,"[0.0, 0.0, 0.0]",,0.0,,
gene-STM0235::NC_003197.2:278219-278609(+),default,,ATG,,,,"[0, 390]",mORF,"[0.0, 0.0, 0.0]",,0.0,,
gene-STM0237::NC_003197.2:280047-280513(-),default,,ATG,,,,"[205, 466]",mORF,"[4.0, 5.0, 47.0]",,0.0,,
gene-STM0237::NC_003197.2:280047-280513(-),default,,ATG,,,,"[0, 219]",mORF,"[0.0, 0.0, 0.0]",,0.0,,
gene-STM0239::NC_003197.2:280692-281657(+),default,,ATG,,,,"[0, 546]",mORF,"[0.0, 0.0, 0.0]",,0.0,,
gene-STM0242::NC_003197.2:282467-284239(-),default,,ATG,,,,"[53, 1772]",mORF,"[0.0, 0.0, 0.0]",,0.0,,
gene-STM0243::NC_003197.2:284296-285405(-),default,,ATG,,,,"[0, 405]",mORF,"[0.0, 0.0, 0.0]",,0.0,,
gene-STM0243::NC_003197.2:284296-285405(-),default,,ATG,,,,"[401, 1109]",mORF,"[0.0, 0.0, 0.0]",,0.0,,
gene-STM0245::NC_003197.2:285523-286339(-),default,,ATG,,,,"[0, 816]",mORF,"[0.0, 0.0, 0.0]",,0.0,,
gene-STM0246::NC_003197.2:286377-288055(-),default,,ATG,,,,"[1024, 1678]",mORF,"[0.0, 0.0, 0.0]",,0.0,,
gene-STM0248::NC_003197.2:288244-288811(+),default,,GTG,,,,"[0, 567]",mORF,"[0.0, 0.0, 0.0]",,0.0,,
gene-STM0255::NC_003197.2:295069-295873(+),default,,ATG,,,,"[0, 804]",mORF,"[0.0, 0.0, 0.0]",,0.0,,
gene-STM0256::NC_003197.2:295893-296808(-),default,,ATG,,,,"[0, 915]",mORF,"[0.0, 0.0, 0.0]",,0.0,,
gene-STM0258::NC_003197.2:298240-299020(+),default,,ATG,,,,"[0, 780]",mORF,"[0.0, 0.0, 0.0]",,0.0,,
gene-STM0260::NC_003197.2:299923-301291(-),default,,ATG,,,,"[0, 1368]",mORF,"[0.0, 0.0, 0.0]",,0.0,,
gene-STM0261::NC_003197.2:301362-302118(-),default,,ATG,,,,"[0, 756]",mORF,"[0.0, 0.0, 0.0]",,0.0,,
gene-STM0263::NC_003197.2:302871-303339(-),default,,ATG,,,,"[0, 468]",mORF,"[0.0, 0.0, 0.0]",,0.0,,
gene-STM0264::NC_003197.2:303402-304134(+),default,,ATG,,,,"[0, 732]",mORF,"[0.0, 0.0, 0.0]",,0.0,,
gene-STM0266::NC_003197.2:304665-305721(-),default,,ATG,,,,"[0, 1056]",mORF,"[0.0, 0.0, 0.0]",,0.0,,
gene-STM0273::NC_003197.2:313933-314476(+),default,,ATG,,,,"[0, 543]",mORF,"[0.0, 0.0, 0.0]",,0.0,,
gene-STM0304::NC_003197.2:348610-349558(+),default,,ATG,,,,"[0, 948]",mORF,"[0.0, 0.0, 0.0]",,0.0,,
gene-STM0306::NC_003197.2:349893-350613(-),default,,ATG,,,,"[0, 720]",mORF,"[0.0, 0.0, 0.0]",,0.0,,
gene-STM0307::NC_003197.2:350943-351351(-),default,,ATG,,,,"[0, 408]",mORF,"[0.0, 0.0, 0.0]",,0.0,,
gene-STM0308::NC_003197.2:351721-352503(-),default,,GTG,,,,"[14, 782]",mORF,"[0.0, 0.0, 0.0]",,0.0,,
gene-STM0309::NC_003197.2:352597-355042(-),default,,ATG,,,,"[0, 2445]",mORF,"[0.0, 0.0, 0.0]",,0.0,,
gene-STM0310::NC_003197.2:355281-356072(+),default,,ATG,,,,"[0, 579]",mORF,"[0.0, 0.0, 0.0]",,0.0,,
gene-STM0311::NC_003197.2:356072-357551(+),default,,ATG,,,,"[0, 768]",mORF,"[0.0, 0.0, 0.0]",,0.0,,
gene-STM0312::NC_003197.2:356810-357551(-),default,,ATG,,,,"[0, 741]",mORF,"[0.0, 0.0, 0.0]",,0.0,,
gene-STM0313::NC_003197.2:357800-358856(+),default,,ATG,,,,"[0, 1056]",mORF,"[0.0, 0.0, 0.0]",,0.0,,
gene-STM0316::NC_003197.2:360973-362431(-),default,,GTG,,,,"[0, 1458]",mORF,"[0.0, 0.0, 0.0]",,0.0,,
gene-STM0317::NC_003197.2:362679-363138(+),default,,ATG,,,,"[0, 459]",mORF,"[0.0, 0.0, 0.0]",,0.0,,
gene-STM0318::NC_003197.2:363226-364471(+),default,,ATG,,,,"[0, 1245]",mORF,"[0.0, 0.0, 0.0]",,0.0,,
gene-STM0319::NC_003197.2:364528-364930(+),default,,ATG,,,,"[0, 402]",mORF,"[0.0, 0.0, 0.0]",,0.0,,
gene-STM0320::NC_003197.2:364980-366035(-),default,,ATG,,,,"[2, 1055]",mORF,"[0.0, 0.0, 0.0]",,0.0,,
gene-STM0321::NC_003197.2:366315-367419(+),default,,ATG,,,,"[0, 1104]",mORF,"[0.0, 0.0, 0.0]",,0.0,,
gene-STM0322::NC_003197.2:367430-368681(+),default,,ATG,,,,"[0, 1251]",mORF,"[0.0, 0.0, 0.0]",,0.0,,
gene-STM0327::NC_003197.2:370739-371063(+),default,,GTG,,,,"[0, 324]",mORF,"[0.0, 0.0, 0.0]",,0.0,,
gene-STM0329::NC_003197.2:372773-374195(+),default,,ATG,,,,"[0, 1422]",mORF,"[0.0, 0.0, 0.0]",,0.0,,
gene-STM0330::NC_003197.2:374196-374823(+),default,,ATG,,,,"[0, 627]",mORF,"[0.0, 0.0, 0.0]",,0.0,,
gene-STM0333::NC_003197.2:376663-377846(+),default,,ATG,,,,"[0, 966]",mORF,"[0.0, 0.0, 0.0]",,0.0,,
gene-STM0341::NC_003197.2:385573-386610(+),default,,ATG,,,,"[737, 1037]",mORF,"[0.0, 0.0, 0.0]",,0.0,,
gene-STM0343::NC_003197.2:387109-388684(+),default,,TTG,,,,"[0, 1575]",mORF,"[0.0, 0.0, 0.0]",,0.0,,
gene-STM0344::NC_003197.2:388783-389988(+),default,,ATG,,,,"[0, 744]",mORF,"[0.0, 0.0, 0.0]",,0.0,,
gene-STM0344::NC_003197.2:388783-389988(+),default,,ATG,,,,"[716, 1205]",mORF,"[0.0, 0.0, 0.0]",,0.0,,
gene-STM0349::NC_003197.2:391990-392350(+),default,,ATG,,,,"[0, 360]",mORF,"[0.0, 0.0, 0.0]",,0.0,,
gene-STM0353::NC_003197.2:398560-400860(+),default,,ATG,,,,"[0, 2289]",mORF,"[0.0, 0.0, 0.0]",,0.0,,
gene-STM0354::NC_003197.2:400860-401402(+),default,,ATG,,,,"[0, 465]",mORF,"[0.0, 0.0, 0.0]",,0.0,,
gene-STM0356::NC_003197.2:401889-403143(+),default,,ATG,,,,"[0, 1254]",mORF,"[0.0, 0.0, 0.0]",,0.0,,
gene-STM0357::NC_003197.2:403331-405290(+),default,,ATG,,,,"[0, 1959]",mORF,"[0.0, 0.0, 0.0]",,0.0,,
gene-STM0358::NC_003197.2:405299-408272(+),default,,ATG,,,,"[0, 2973]",mORF,"[0.0, 0.0, 0.0]",,0.0,,
gene-STM0365::NC_003197.2:414812-415445(-),default,,ATG,,,,"[0, 633]",mORF,"[0.0, 0.0, 0.0]",,0.0,,
gene-STM0366::NC_003197.2:415676-415960(+),default,,ATG,,,,"[0, 276]",mORF,"[0.0, 0.0, 0.0]",,0.0,,
gene-STM0367::NC_003197.2:416087-417713(-),default,,ATG,,,,"[0, 1626]",mORF,"[0.0, 0.0, 0.0]",,0.0,,
gene-STM0368::NC_003197.2:417977-418865(+),default,,ATG,,,,"[0, 888]",mORF,"[0.0, 0.0, 0.0]",,0.0,,
gene-STM0369::NC_003197.2:418987-420157(+),default,,ATG,,,,"[0, 1170]",mORF,"[0.0, 0.0, 0.0]",,0.0,,
gene-STM0371::NC_003197.2:421688-423575(+),default,,ATG,,,,"[0, 1887]",mORF,"[0.0, 0.0, 0.0]",,0.0,,
gene-STM0372::NC_003197.2:423678-424653(-),default,,ATG,,,,"[0, 975]",mORF,"[0.0, 0.0, 0.0]",,0.0,,
gene-STM0373::NC_003197.2:425165-428102(+),default,,ATG,,,,"[0, 2937]",mORF,"[0.0, 0.0, 0.0]",,0.0,,
gene-STM0375::NC_003197.2:428855-430014(-),default,,ATG,,,,"[28, 1159]",mORF,"[0.0, 0.0, 0.0]",,0.0,,
gene-STM0376::NC_003197.2:430359-431580(+),default,,ATG,,,,"[0, 1221]",mORF,"[0.0, 0.0, 0.0]",,0.0,,
gene-STM0377::NC_003197.2:431594-432689(+),default,,ATG,,,,"[0, 1095]",mORF,"[0.0, 0.0, 0.0]",,0.0,,
gene-STM0378::NC_003197.2:432726-433035(-),default,,ATG,,,,"[0, 309]",mORF,"[0.0, 0.0, 0.0]",,0.0,,
gene-STM0380::NC_003197.2:433543-434638(-),default,,ATG,,,,"[0, 1095]",mORF,"[0.0, 0.0, 0.0]",,0.0,,
gene-STM0382::NC_003197.2:435597-436809(+),default,,ATG,,,,"[0, 1212]",mORF,"[0.0, 0.0, 0.0]",,0.0,,
gene-STM0383::NC_003197.2:437099-437366(+),default,,ATG,,,,"[0, 267]",mORF,"[0.0, 0.0, 0.0]",,0.0,,
gene-STM0385::NC_003197.2:438129-439242(+),default,,ATG,,,,"[0, 1113]",mORF,"[0.0, 0.0, 0.0]",,0.0,,
gene-STM0386::NC_003197.2:439256-440066(-),default,,ATG,,,,"[0, 810]",mORF,"[0.0, 0.0, 0.0]",,0.0,,
gene-STM0387::NC_003197.2:440205-440661(+),default,,ATG,,,,"[0, 456]",mORF,"[0.0, 0.0, 0.0]",,0.0,,
gene-STM0388::NC_003197.2:440845-441391(+),default,,ATG,,,,"[0, 546]",mORF,"[0.0, 0.0, 0.0]",,0.0,,
gene-STM0390::NC_003197.2:441859-442537(+),default,,ATG,,,,"[0, 678]",mORF,"[0.0, 0.0, 0.0]",,0.0,,
gene-STM0391::NC_003197.2:442607-442892(+),default,,ATG,,,,"[0, 285]",mORF,"[0.0, 0.0, 0.0]",,0.0,,
gene-STM0392::NC_003197.2:442929-443841(-),default,,ATG,,,,"[0, 912]",mORF,"[0.0, 0.0, 0.0]",,0.0,,
gene-STM0393::NC_003197.2:443966-444875(+),default,,GTG,,,,"[0, 909]",mORF,"[0.0, 0.0, 0.0]",,0.0,,
gene-STM0395::NC_003197.2:446241-450581(-),default,,ATG,,,,"[1199, 4340]",mORF,"[0.0, 0.0, 0.0]",,0.0,,
gene-STM0397::NC_003197.2:450795-451554(+),default,,ATG,,,,"[0, 690]",mORF,"[0.0, 0.0, 0.0]",,0.0,,
gene-STM0399::NC_003197.2:453258-454578(+),default,,ATG,,,,"[0, 1320]",mORF,"[0.0, 0.0, 0.0]",,0.0,,
gene-STM0400::NC_003197.2:454652-456023(+),default,,ATG,,,,"[0, 1371]",mORF,"[0.0, 0.0, 0.0]",,0.0,,
gene-STM0401::NC_003197.2:456184-458002(+),default,,ATG,,,,"[0, 1818]",mORF,"[0.0, 0.0, 0.0]",,0.0,,
gene-STM0402::NC_003197.2:458073-458676(-),default,,ATG,,,,"[0, 603]",mORF,"[0.0, 0.0, 0.0]",,0.0,,
gene-STM0403::NC_003197.2:458885-459467(-),default,,ATG,,,,"[0, 582]",mORF,"[0.0, 0.0, 0.0]",,0.0,,
gene-STM0404::NC_003197.2:459560-460625(+),default,,ATG,,,,"[0, 1065]",mORF,"[0.0, 0.0, 0.0]",,0.0,,
gene-STM0405::NC_003197.2:460821-461949(+),default,,ATG,,,,"[0, 1128]",mORF,"[0.0, 0.0, 0.0]",,0.0,,
gene-STM0406::NC_003197.2:461971-462304(+),default,,ATG,,,,"[0, 333]",mORF,"[0.0, 0.0, 0.0]",,0.0,,
gene-STM0407::NC_003197.2:462331-464179(+),default,,GTG,,,,"[0, 1848]",mORF,"[0.0, 0.0, 0.0]",,0.0,,
gene-STM0408::NC_003197.2:464189-465161(+),default,,GTG,,,,"[0, 972]",mORF,"[0.0, 0.0, 0.0]",,0.0,,
gene-STM0409::NC_003197.2:465308-465674(+),default,,ATG,,,,"[0, 366]",mORF,"[0.0, 0.0, 0.0]",,0.0,,
gene-STM0411::NC_003197.2:466561-466909(+),default,,ATG,,,,"[0, 348]",mORF,"[0.0, 0.0, 0.0]",,0.0,,
gene-STM0413::NC_003197.2:467537-468467(-),default,,ATG,,,,"[66, 930]",mORF,"[0.0, 0.0, 0.0]",,0.0,,
gene-STM0414::NC_003197.2:468700-469240(-),default,,ATG,,,,"[0, 540]",mORF,"[0.0, 0.0, 0.0]",,0.0,,
gene-STM0415::NC_003197.2:469391-469844(+),default,,ATG,,,,"[0, 450]",mORF,"[0.0, 0.0, 0.0]",,0.0,,
gene-STM0417::NC_003197.2:471036-471507(+),default,,ATG,,,,"[0, 471]",mORF,"[0.0, 0.0, 0.0]",,0.0,,
gene-STM0418::NC_003197.2:471527-471947(+),default,,GTG,,,,"[0, 420]",mORF,"[0.0, 0.0, 0.0]",,0.0,,
gene-STM0421::NC_003197.2:473599-474630(-),default,,ATG,,,,"[56, 1031]",mORF,"[0.0, 0.0, 0.0]",,0.0,,
gene-STM0422::NC_003197.2:474630-476493(-),default,,ATG,,,,"[0, 1863]",mORF,"[0.0, 0.0, 0.0]",,0.0,,
gene-STM0423::NC_003197.2:476516-477416(-),default,,ATG,,,,"[0, 900]",mORF,"[0.0, 0.0, 0.0]",,0.0,,
gene-STM0424::NC_003197.2:477416-477659(-),default,,ATG,,,,"[0, 243]",mORF,"[0.0, 0.0, 0.0]",,0.0,,
gene-STM0430::NC_003197.2:483349-484069(-),default,,ATG,,,,"[0, 720]",mORF,"[0.0, 0.0, 0.0]",,0.0,,
gene-STM0433::NC_003197.2:486227-487692(-),default,,ATG,,,,"[0, 912]",mORF,"[0.0, 0.0, 0.0]",,0.0,,
gene-STM0435::NC_003197.2:487799-488309(+),default,,ATG,,,,"[0, 510]",mORF,"[0.0, 0.0, 0.0]",,0.0,,
gene-STM0436::NC_003197.2:488355-489705(-),default,,ATG,,,,"[0, 1350]",mORF,"[0.0, 0.0, 0.0]",,0.0,,
gene-STM0437::NC_003197.2:490256-491768(+),default,,ATG,,,,"[0, 1512]",mORF,"[0.0, 0.0, 0.0]",,0.0,,
gene-STM0439::NC_003197.2:493354-494245(-),default,,ATG,,,,"[0, 891]",mORF,"[0.0, 0.0, 0.0]",,0.0,,
gene-STM0440::NC_003197.2:494256-495189(-),default,,ATG,,,,"[603, 933]",mORF,"[0.0, 0.0, 0.0]",,0.0,,
gene-STM0441::NC_003197.2:494585-497181(-),default,,ATG,,,,"[1981, 2596]",mORF,"[1.0, 16.0, 11.0]",,0.0,,
gene-STM0443::NC_003197.2:497191-498148(-),default,,ATG,,,,"[0, 957]",mORF,"[0.0, 0.0, 0.0]",,0.0,,
gene-STM0444::NC_003197.2:498600-500076(-),default,,ATG,,,,"[0, 1476]",mORF,"[0.0, 0.0, 0.0]",,0.0,,
gene-STM0445::NC_003197.2:500119-500752(-),default,,ATG,,,,"[0, 633]",mORF,"[0.0, 0.0, 0.0]",,0.0,,
gene-STM0446::NC_003197.2:501001-501389(+),default,,ATG,,,,"[0, 318]",mORF,"[0.0, 0.0, 0.0]",,0.0,,
gene-STM0447::NC_003197.2:501665-502964(+),default,,ATG,,,,"[0, 1299]",mORF,"[0.0, 0.0, 0.0]",,0.0,,
gene-STM0448::NC_003197.2:503210-503834(+),default,,ATG,,,,"[0, 624]",mORF,"[0.0, 0.0, 0.0]",,0.0,,
gene-STM0449::NC_003197.2:504085-505357(+),default,,ATG,,,,"[0, 1272]",mORF,"[0.0, 0.0, 0.0]",,0.0,,
gene-STM0450::NC_003197.2:505542-507897(+),default,,ATG,,,,"[0, 2355]",mORF,"[0.0, 0.0, 0.0]",,0.0,,
gene-STM0451::NC_003197.2:508105-508380(+),default,,GTG,,,,"[0, 273]",mORF,"[0.0, 0.0, 0.0]",,0.0,,
gene-STM0452::NC_003197.2:508668-510607(+),default,,ATG,,,,"[0, 1872]",mORF,"[0.0, 0.0, 0.0]",,0.0,,
gene-STM0455::NC_003197.2:511671-512367(-),default,,ATG,,,,"[0, 696]",mORF,"[0.0, 0.0, 0.0]",,0.0,,
gene-STM0456::NC_003197.2:512431-514132(-),default,,ATG,,,,"[0, 1701]",mORF,"[0.0, 0.0, 0.0]",,0.0,,
gene-STM0458::NC_003197.2:515100-516156(-),default,,ATG,,,,"[0, 1056]",mORF,"[0.0, 0.0, 0.0]",,0.0,,
gene-STM0459::NC_003197.2:516268-516727(+),default,,ATG,,,,"[0, 459]",mORF,"[0.0, 0.0, 0.0]",,0.0,,
gene-STM0460::NC_003197.2:516767-520314(+),default,,GTG,,,,"[0, 1773]",mORF,"[0.0, 0.0, 0.0]",,0.0,,
gene-STM0462::NC_003197.2:520526-520865(+),default,,ATG,,,,"[0, 339]",mORF,"[0.0, 0.0, 0.0]",,0.0,,
gene-STM0463::NC_003197.2:520896-522183(+),default,,ATG,,,,"[0, 1287]",mORF,"[0.0, 0.0, 0.0]",,0.0,,
gene-STM0465::NC_003197.2:523357-523927(+),default,,ATG,,,,"[0, 570]",mORF,"[0.0, 0.0, 0.0]",,0.0,,
gene-STM0469::NC_003197.2:526354-526615(+),default,,ATG,,,,"[0, 261]",mORF,"[0.0, 0.0, 0.0]",,0.0,,
gene-STM0471::NC_003197.2:526816-527287(-),default,,ATG,,,,"[0, 471]",mORF,"[0.0, 0.0, 0.0]",,0.0,,
gene-STM0473::NC_003197.2:528133-528352(-),default,,ATG,,,,"[0, 219]",mORF,"[0.0, 0.0, 0.0]",,0.0,,
gene-STM0475::NC_003197.2:529249-532399(-),default,,ATG,,,,"[0, 3150]",mORF,"[0.0, 0.0, 0.0]",,0.0,,
gene-STM0476::NC_003197.2:532421-533615(-),default,,ATG,,,,"[0, 1194]",mORF,"[0.0, 0.0, 0.0]",,0.0,,
gene-STM0477::NC_003197.2:533756-534410(+),default,,ATG,,,,"[0, 654]",mORF,"[0.0, 0.0, 0.0]",,0.0,,
gene-STM0478::NC_003197.2:534528-537891(+),default,,ATG,,,,"[0, 3363]",mORF,"[0.0, 0.0, 0.0]",,0.0,,
gene-STM0479::NC_003197.2:537932-538868(-),default,,ATG,,,,"[0, 936]",mORF,"[0.0, 0.0, 0.0]",,0.0,,
gene-STM0480::NC_003197.2:538937-539105(-),default,,ATG,,,,"[0, 168]",mORF,"[0.0, 0.0, 0.0]",,0.0,,
gene-STM0481::NC_003197.2:539118-539691(-),default,,ATG,,,,"[57, 573]",mORF,"[3.0, 3.0, 0.0]",,0.0,,
gene-STM0483::NC_003197.2:540244-540796(+),default,,ATG,,,,"[0, 552]",mORF,"[0.0, 0.0, 0.0]",,0.0,,
gene-STM0484::NC_003197.2:540909-542883(+),default,,ATG,,,,"[0, 1929]",mORF,"[0.0, 0.0, 0.0]",,0.0,,
gene-STM0485::NC_003197.2:542883-543818(+),default,,ATG,,,,"[0, 330]",mORF,"[0.0, 0.0, 0.0]",,0.0,,
gene-STM0487::NC_003197.2:543904-545803(+),default,,ATG,,,,"[0, 1899]",mORF,"[0.0, 0.0, 0.0]",,0.0,,
gene-STM0488::NC_003197.2:546043-546688(+),default,,ATG,,,,"[0, 645]",mORF,"[0.0, 0.0, 0.0]",,0.0,,
gene-STM0489::NC_003197.2:546916-548847(+),default,,ATG,,,,"[0, 963]",mORF,"[0.0, 0.0, 0.0]",,0.0,,
gene-STM0491::NC_003197.2:548999-550304(+),default,,ATG,,,,"[0, 1305]",mORF,"[0.0, 0.0, 0.0]",,0.0,,
gene-STM0493::NC_003197.2:552243-553464(-),default,,ATG,,,,"[0, 1221]",mORF,"[0.0, 0.0, 0.0]",,0.0,,
gene-STM0494::NC_003197.2:553636-555289(+),default,,ATG,,,,"[0, 1653]",mORF,"[0.0, 0.0, 0.0]",,0.0,,
gene-STM0495::NC_003197.2:555405-555885(-),default,,ATG,,,,"[0, 480]",mORF,"[0.0, 0.0, 0.0]",,0.0,,
gene-STM0498::NC_003197.2:557947-560449(-),default,,ATG,,,,"[0, 2502]",mORF,"[0.0, 0.0, 0.0]",,0.0,,
gene-STM0500::NC_003197.2:560975-562342(-),default,,ATG,,,,"[914, 1367]",mORF,"[0.0, 0.0, 0.0]",,0.0,,
gene-STM0502::NC_003197.2:562488-563932(+),default,,ATG,,,,"[0, 678]",mORF,"[0.0, 0.0, 0.0]",,0.0,,
gene-STM0502::NC_003197.2:562488-563932(+),default,,ATG,,,,"[664, 1444]",mORF,"[0.0, 0.0, 0.0]",,0.0,,
gene-STM0505::NC_003197.2:564931-565702(-),default,,ATG,,,,"[0, 771]",mORF,"[0.0, 0.0, 0.0]",,0.0,,
gene-STM0506::NC_003197.2:565856-569539(-),default,,ATG,,,,"[3068, 3683]",mORF,"[0.0, 0.0, 0.0]",,0.0,,
gene-STM0509::NC_003197.2:569724-570858(+),default,,ATG,,,,"[0, 1134]",mORF,"[0.0, 0.0, 0.0]",,0.0,,
gene-STM0510::NC_003197.2:571114-571945(+),default,,ATG,,,,"[0, 831]",mORF,"[0.0, 0.0, 0.0]",,0.0,,
gene-STM0511::NC_003197.2:571981-573650(+),default,,ATG,,,,"[0, 1017]",mORF,"[0.0, 0.0, 0.0]",,0.0,,
gene-STM0511::NC_003197.2:571981-573650(+),default,,GTG,,,,"[1009, 1669]",mORF,"[0.0, 0.0, 0.0]",,0.0,,
gene-STM0513::NC_003197.2:573688-574783(-),default,,ATG,,,,"[0, 1095]",mORF,"[0.0, 0.0, 0.0]",,0.0,,
gene-STM0514::NC_003197.2:574852-575927(-),default,,ATG,,,,"[148, 1075]",mORF,"[0.0, 0.0, 0.0]",,0.0,,
gene-STM0516::NC_003197.2:576566-577385(+),default,,ATG,,,,"[0, 819]",mORF,"[0.0, 0.0, 0.0]",,0.0,,
gene-STM0517::NC_003197.2:577469-579251(+),default,,ATG,,,,"[0, 1782]",mORF,"[0.0, 0.0, 0.0]",,0.0,,
gene-STM0519::NC_003197.2:580140-581019(+),default,,ATG,,,,"[0, 879]",mORF,"[0.0, 0.0, 0.0]",,0.0,,
gene-STM0523::NC_003197.2:583960-585322(+),default,,ATG,,,,"[0, 1362]",mORF,"[0.0, 0.0, 0.0]",,0.0,,
gene-STM0526::NC_003197.2:587929-588715(-),default,,ATG,,,,"[0, 786]",mORF,"[0.0, 0.0, 0.0]",,0.0,,
gene-STM0527::NC_003197.2:588725-589961(-),default,,ATG,,,,"[0, 1236]",mORF,"[0.0, 0.0, 0.0]",,0.0,,
gene-STM0528::NC_003197.2:589982-591032(-),default,,ATG,,,,"[0, 1050]",mORF,"[0.0, 0.0, 0.0]",,0.0,,
gene-STM0533::NC_003197.2:596054-597628(-),default,,ATG,,,,"[0, 510]",mORF,"[0.0, 0.0, 0.0]",,0.0,,
gene-STM0533::NC_003197.2:596054-597628(-),default,,ATG,,,,"[506, 1574]",mORF,"[0.0, 0.0, 0.0]",,0.0,,
gene-STM0535::NC_003197.2:597745-598468(-),default,,GTG,,,,"[0, 723]",mORF,"[0.0, 0.0, 0.0]",,0.0,,
gene-STM0536::NC_003197.2:598470-598965(-),default,,ATG,,,,"[0, 495]",mORF,"[0.0, 0.0, 0.0]",,0.0,,
gene-STM0537::NC_003197.2:599137-600523(+),default,,ATG,,,,"[0, 1386]",mORF,"[0.0, 0.0, 0.0]",,0.0,,
gene-STM0539::NC_003197.2:601387-602490(-),default,,ATG,,,,"[665, 1103]",mORF,"[0.0, 0.0, 0.0]",,0.0,,
gene-STM0541::NC_003197.2:602490-602704(-),default,,ATG,,,,"[1, 214]",mORF,"[0.0, 0.0, 0.0]",,0.0,,
gene-STM0542::NC_003197.2:602704-603647(-),default,,ATG,,,,"[76, 943]",mORF,"[0.0, 1.0, 1.0]",,0.0,,
gene-STM0543::NC_003197.2:604117-604675(+),default,,ATG,,,,"[0, 558]",mORF,"[0.0, 0.0, 0.0]",,0.0,,
gene-STM0546::NC_003197.2:606050-608663(+),default,,ATG,,,,"[0, 2613]",mORF,"[0.0, 0.0, 0.0]",,0.0,,
gene-STM0549::NC_003197.2:610258-610891(-),default,,ATG,,,,"[0, 633]",mORF,"[0.0, 0.0, 0.0]",,0.0,,
gene-STM0557::NC_003197.2:614806-617362(-),default,,ATG,,,,"[903, 2556]",mORF,"[0.0, 0.0, 0.0]",,0.0,,
gene-STM0567::NC_003197.2:622700-623876(-),default,,ATG,,,,"[0, 1176]",mORF,"[0.0, 0.0, 0.0]",,0.0,,
gene-STM0568::NC_003197.2:624201-625596(+),default,,GTG,,,,"[0, 1395]",mORF,"[0.0, 0.0, 0.0]",,0.0,,
gene-STM0569::NC_003197.2:625637-626885(-),default,,ATG,,,,"[0, 1248]",mORF,"[0.0, 0.0, 0.0]",,0.0,,
gene-STM0571::NC_003197.2:629332-632062(+),default,,ATG,,,,"[0, 2730]",mORF,"[0.0, 0.0, 0.0]",,0.0,,
gene-STM0572::NC_003197.2:632189-633176(-),default,,ATG,,,,"[0, 987]",mORF,"[0.0, 0.0, 0.0]",,0.0,,
gene-STM0578::NC_003197.2:637030-637684(-),default,,ATG,,,,"[0, 654]",mORF,"[0.0, 0.0, 0.0]",,0.0,,
gene-STM0579::NC_003197.2:637780-638730(-),default,,ATG,,,,"[581, 950]",mORF,"[0.0, 0.0, 0.0]",,0.0,,
gene-STM0579::NC_003197.2:637780-638730(-),default,,GTG,,,,"[0, 582]",mORF,"[0.0, 0.0, 0.0]",,0.0,,
gene-STM0581::NC_003197.2:639018-639360(+),default,,ATG,,,,"[0, 342]",mORF,"[0.0, 0.0, 0.0]",,0.0,,
gene-STM0589::NC_003197.2:649598-650735(+),default,,ATG,,,,"[0, 1137]",mORF,"[0.0, 0.0, 0.0]",,0.0,,
gene-STM0597::NC_003197.2:659066-660679(+),default,,ATG,,,,"[0, 858]",mORF,"[0.0, 0.0, 0.0]",,0.0,,
gene-STM0600::NC_003197.2:661276-663382(+),default,,ATG,,,,"[0, 2106]",mORF,"[0.0, 0.0, 0.0]",,0.0,,
gene-STM0601::NC_003197.2:663445-663643(+),default,,ATG,,,,"[0, 198]",mORF,"[0.0, 0.0, 0.0]",,0.0,,
gene-STM0603::NC_003197.2:664893-666054(+),default,,ATG,,,,"[0, 1161]",mORF,"[0.0, 0.0, 0.0]",,0.0,,
gene-STM0604::NC_003197.2:666054-667880(-),default,,ATG,,,,"[0, 1236]",mORF,"[0.0, 0.0, 0.0]",,0.0,,
gene-STM0604::NC_003197.2:666054-667880(-),default,,ATG,,,,"[1208, 1826]",mORF,"[0.0, 0.0, 0.0]",,0.0,,
gene-STM0606::NC_003197.2:668045-668948(-),default,,ATG,,,,"[0, 903]",mORF,"[0.0, 0.0, 0.0]",,0.0,,
gene-STM0607::NC_003197.2:669264-670011(-),default,,ATG,,,,"[0, 747]",mORF,"[0.0, 0.0, 0.0]",,0.0,,
gene-STM0608::NC_003197.2:670451-671256(+),default,,ATG,,,,"[0, 564]",mORF,"[0.0, 0.0, 0.0]",,0.0,,
gene-STM0609::NC_003197.2:671256-672904(+),default,,ATG,,,,"[0, 1566]",mORF,"[0.0, 0.0, 0.0]",,0.0,,
gene-STM0614::NC_003197.2:677374-677820(-),default,,ATG,,,,"[17, 446]",mORF,"[0.0, 0.0, 3.0]",,0.0,,
gene-STM0616::NC_003197.2:679346-679757(-),default,,ATG,,,,"[0, 411]",mORF,"[0.0, 0.0, 0.0]",,0.0,,
gene-STM0617::NC_003197.2:679991-680798(-),default,,ATG,,,,"[0, 807]",mORF,"[0.0, 0.0, 0.0]",,0.0,,
gene-STM0618::NC_003197.2:680907-682408(-),default,,ATG,,,,"[37, 1501]",mORF,"[0.0, 0.0, 0.0]",,0.0,,
gene-STM0621::NC_003197.2:683831-685361(-),default,,ATG,,,,"[0, 1530]",mORF,"[0.0, 0.0, 0.0]",,0.0,,
gene-STM0622::NC_003197.2:685370-686568(-),default,,ATG,,,,"[289, 1198]",mORF,"[0.0, 0.0, 0.0]",,0.0,,
gene-STM0627::NC_003197.2:690393-691779(-),default,,ATG,,,,"[0, 1386]",mORF,"[0.0, 0.0, 0.0]",,0.0,,
gene-STM0628::NC_003197.2:692157-692730(+),default,,ATG,,,,"[0, 573]",mORF,"[0.0, 0.0, 0.0]",,0.0,,
gene-STM0629::NC_003197.2:692917-693127(+),default,,ATG,,,,"[0, 210]",mORF,"[0.0, 0.0, 0.0]",,0.0,,
gene-STM0631::NC_003197.2:693658-694447(+),default,,ATG,,,,"[0, 789]",mORF,"[0.0, 0.0, 0.0]",,0.0,,
gene-STM0632::NC_003197.2:694575-694779(+),default,,ATG,,,,"[0, 204]",mORF,"[0.0, 0.0, 0.0]",,0.0,,
gene-STM0633::NC_003197.2:694864-696035(-),default,,ATG,,,,"[205, 1171]",mORF,"[0.0, 0.0, 0.0]",,0.0,,
gene-STM0634::NC_003197.2:696035-697290(-),default,,GTG,,,,"[301, 1255]",mORF,"[0.0, 0.0, 0.0]",,0.0,,
gene-STM0635::NC_003197.2:697290-698031(-),default,,ATG,,,,"[165, 741]",mORF,"[2.0, 0.0, 0.0]",,0.0,,
gene-STM0636::NC_003197.2:698031-698403(-),default,,ATG,,,,"[108, 372]",mORF,"[0.0, 0.0, 0.0]",,0.0,,
gene-STM0637::NC_003197.2:698403-699754(-),default,,ATG,,,,"[139, 1351]",mORF,"[0.0, 0.0, 1.0]",,0.0,,
gene-STM0638::NC_003197.2:699754-700910(-),default,,ATG,,,,"[10, 1156]",mORF,"[0.0, 0.0, 0.0]",,0.0,,
gene-STM0640::NC_003197.2:702025-703927(-),default,,ATG,,,,"[0, 1902]",mORF,"[0.0, 0.0, 0.0]",,0.0,,
gene-STM0642::NC_003197.2:704428-704746(-),default,,TTG,,,,"[0, 318]",mORF,"[0.0, 0.0, 0.0]",,0.0,,
gene-STM0644::NC_003197.2:705779-707490(+),default,,ATG,,,,"[0, 1095]",mORF,"[0.0, 0.0, 0.0]",,0.0,,
gene-STM0645::NC_003197.2:706848-707490(-),default,,ATG,,,,"[0, 642]",mORF,"[0.0, 0.0, 0.0]",,0.0,,
gene-STM0646::NC_003197.2:707491-709127(-),default,,ATG,,,,"[604, 1636]",mORF,"[0.0, 0.0, 0.0]",,0.0,,
gene-STM0648::NC_003197.2:709127-711756(-),default,,ATG,,,,"[46, 2629]",mORF,"[0.0, 0.0, 0.0]",,0.0,,
gene-STM0650::NC_003197.2:712304-713477(+),default,,ATG,,,,"[0, 1173]",mORF,"[0.0, 0.0, 0.0]",,0.0,,
gene-STM0652::NC_003197.2:714547-716476(+),default,,ATG,,,,"[0, 1929]",mORF,"[0.0, 0.0, 0.0]",,0.0,,
gene-STM0653::NC_003197.2:716568-717042(+),default,,ATG,,,,"[0, 474]",mORF,"[0.0, 0.0, 0.0]",,0.0,,
gene-STM0657::NC_003197.2:720349-722514(+),default,,ATG,,,,"[0, 696]",mORF,"[0.0, 0.0, 0.0]",,0.0,,
gene-STM0659::NC_003197.2:722535-724215(-),default,,ATG,,,,"[0, 1680]",mORF,"[0.0, 0.0, 0.0]",,0.0,,
gene-STM0660::NC_003197.2:724290-725529(-),default,,ATG,,,,"[0, 1239]",mORF,"[0.0, 0.0, 0.0]",,0.0,,
gene-STM0661::NC_003197.2:725560-726496(-),default,,ATG,,,,"[0, 936]",mORF,"[0.0, 0.0, 0.0]",,0.0,,
gene-STM0662::NC_003197.2:726612-728011(-),default,,ATG,,,,"[673, 1399]",mORF,"[0.0, 1.0, 0.0]",,0.0,,
gene-STM0663::NC_003197.2:727337-728752(-),default,,ATG,,,,"[740, 1415]",mORF,"[0.0, 0.0, 0.0]",,0.0,,
gene-STM0665::NC_003197.2:728911-729838(-),default,,ATG,,,,"[0, 927]",mORF,"[0.0, 0.0, 0.0]",,0.0,,
gene-STM0666::NC_003197.2:730174-731713(-),default,,ATG,,,,"[0, 1539]",mORF,"[0.0, 0.0, 0.0]",,0.0,,
gene-STM0667::NC_003197.2:731732-732611(-),default,,ATG,,,,"[0, 879]",mORF,"[0.0, 0.0, 0.0]",,0.0,,
gene-STM0668::NC_003197.2:732768-734324(-),default,,ATG,,,,"[1082, 1556]",mORF,"[0.0, 0.0, 0.0]",,0.0,,
gene-STM0670::NC_003197.2:734489-735914(-),default,,ATG,,,,"[0, 1425]",mORF,"[0.0, 0.0, 0.0]",,0.0,,
gene-STM0671::NC_003197.2:736057-737233(+),default,,ATG,,,,"[0, 1176]",mORF,"[0.0, 0.0, 0.0]",,0.0,,
gene-STM0680::NC_003197.2:738941-740647(-),default,,ATG,,,,"[41, 1706]",mORF,"[0.0, 0.0, 4.0]",,0.0,,
gene-STM0681::NC_003197.2:740895-741648(-),default,,ATG,,,,"[0, 753]",mORF,"[0.0, 0.0, 0.0]",,0.0,,
gene-STM0682::NC_003197.2:741694-742915(-),default,,ATG,,,,"[0, 1221]",mORF,"[0.0, 0.0, 0.0]",,0.0,,
gene-STM0683::NC_003197.2:742919-744084(-),default,,ATG,,,,"[10, 1165]",mORF,"[0.0, 0.0, 3.0]",,0.0,,
gene-STM0684::NC_003197.2:744133-744934(-),default,,ATG,,,,"[0, 801]",mORF,"[0.0, 0.0, 0.0]",,0.0,,
gene-STM0685::NC_003197.2:745260-747213(+),default,,ATG,,,,"[0, 1953]",mORF,"[0.0, 0.0, 0.0]",,0.0,,
gene-STM0686::NC_003197.2:747423-749091(+),default,,ATG,,,,"[0, 1668]",mORF,"[0.0, 0.0, 0.0]",,0.0,,
gene-STM0687::NC_003197.2:749536-750943(+),default,,ATG,,,,"[0, 1407]",mORF,"[0.0, 0.0, 0.0]",,0.0,,
gene-STM0688::NC_003197.2:750992-751325(+),default,,ATG,,,,"[0, 333]",mORF,"[0.0, 0.0, 0.0]",,0.0,,
gene-STM0689::NC_003197.2:751373-752678(-),default,,ATG,,,,"[0, 1305]",mORF,"[0.0, 0.0, 0.0]",,0.0,,
gene-STM0690::NC_003197.2:752728-755258(-),default,,ATG,,,,"[0, 1404]",mORF,"[0.0, 0.0, 0.0]",,0.0,,
gene-STM0690::NC_003197.2:752728-755258(-),default,,ATG,,,,"[1390, 2530]",mORF,"[0.0, 0.0, 0.0]",,0.0,,
gene-STM0692::NC_003197.2:755355-756282(-),default,,ATG,,,,"[0, 927]",mORF,"[0.0, 0.0, 0.0]",,0.0,,
gene-STM0693::NC_003197.2:756396-756887(-),default,,ATG,,,,"[38, 491]",mORF,"[0.0, 0.0, 0.0]",,0.0,,
gene-STM0694::NC_003197.2:757130-757661(-),default,,ATG,,,,"[0, 531]",mORF,"[0.0, 0.0, 0.0]",,0.0,,
gene-STM0696::NC_003197.2:758238-759009(-),default,,ATG,,,,"[0, 771]",mORF,"[0.0, 0.0, 0.0]",,0.0,,
gene-STM0697::NC_003197.2:759193-759736(+),default,,ATG,,,,"[0, 543]",mORF,"[0.0, 0.0, 0.0]",,0.0,,
gene-STM0698::NC_003197.2:759760-761401(+),default,,ATG,,,,"[0, 1641]",mORF,"[0.0, 0.0, 0.0]",,0.0,,
gene-STM0700::NC_003197.2:762065-765580(-),default,,ATG,,,,"[0, 2199]",mORF,"[0.0, 0.0, 0.0]",,0.0,,
gene-STM0700::NC_003197.2:762065-765580(-),default,,ATG,,,,"[2195, 3515]",mORF,"[0.0, 0.0, 0.0]",,0.0,,
gene-STM0708::NC_003197.2:774463-774670(+),default,,ATG,,,,"[0, 207]",mORF,"[0.0, 0.0, 0.0]",,0.0,,
gene-STM0711::NC_003197.2:778050-778794(+),default,,ATG,,,,"[0, 744]",mORF,"[0.0, 0.0, 0.0]",,0.0,,
gene-STM0716::NC_003197.2:781630-782197(+),default,,GTG,,,,"[0, 567]",mORF,"[0.0, 0.0, 0.0]",,0.0,,
gene-STM0719::NC_003197.2:784019-786064(+),default,,ATG,,,,"[0, 1152]",mORF,"[0.0, 0.0, 0.0]",,0.0,,
gene-STM0729::NC_003197.2:794773-795820(-),default,,ATG,,,,"[0, 1047]",mORF,"[0.0, 0.0, 0.0]",,0.0,,
gene-STM0732::NC_003197.2:797994-798724(+),default,,ATG,,,,"[0, 390]",mORF,"[0.0, 0.0, 0.0]",,0.0,,
gene-STM0733::NC_003197.2:798377-800504(+),default,,ATG,,,,"[0, 348]",mORF,"[0.0, 0.0, 0.0]",,0.0,,
gene-STM0735::NC_003197.2:800504-801260(+),default,,ATG,,,,"[0, 720]",mORF,"[0.0, 0.0, 0.0]",,0.0,,
gene-STM0736::NC_003197.2:801747-804563(+),default,,ATG,,,,"[0, 2802]",mORF,"[0.0, 0.0, 0.0]",,0.0,,
gene-STM0738::NC_003197.2:805913-808022(+),default,,ATG,,,,"[0, 1167]",mORF,"[0.0, 0.0, 0.0]",,0.0,,
gene-STM0740::NC_003197.2:809531-811100(+),default,,ATG,,,,"[0, 1569]",mORF,"[0.0, 0.0, 0.0]",,0.0,,
gene-STM0741::NC_003197.2:811115-812255(+),default,,ATG,,,,"[0, 1140]",mORF,"[0.0, 0.0, 0.0]",,0.0,,
gene-STM0743::NC_003197.2:812519-812801(+),default,,ATG,,,,"[0, 282]",mORF,"[0.0, 0.0, 0.0]",,0.0,,
gene-STM0744::NC_003197.2:813029-814126(+),default,,GTG,,,,"[401, 1094]",mORF,"[44.0, 0.0, 0.0]",,0.0,,
gene-STM0744::NC_003197.2:813029-814126(+),default,,ATG,,,,"[0, 405]",mORF,"[0.0, 0.0, 0.0]",,0.0,,
gene-STM0746::NC_003197.2:814126-814619(+),default,,ATG,,,,"[0, 429]",mORF,"[0.0, 0.0, 0.0]",,0.0,,
gene-STM0747::NC_003197.2:814619-815843(+),default,,GTG,,,,"[0, 1224]",mORF,"[0.0, 0.0, 0.0]",,0.0,,
gene-STM0748::NC_003197.2:815966-817259(+),default,,ATG,,,,"[0, 1293]",mORF,"[0.0, 0.0, 0.0]",,0.0,,
gene-STM0749::NC_003197.2:817293-817827(+),default,,ATG,,,,"[0, 525]",mORF,"[0.0, 0.0, 0.0]",,0.0,,
gene-STM0750::NC_003197.2:817827-818777(+),default,,ATG,,,,"[0, 789]",mORF,"[0.0, 0.0, 0.0]",,0.0,,
gene-STM0757::NC_003197.2:821303-822958(+),default,,ATG,,,,"[0, 720]",mORF,"[0.0, 0.0, 0.0]",,0.0,,
gene-STM0759::NC_003197.2:823068-823455(-),default,,ATG,,,,"[0, 387]",mORF,"[0.0, 0.0, 0.0]",,0.0,,
gene-STM0760::NC_003197.2:823774-824907(+),default,,ATG,,,,"[0, 1053]",mORF,"[0.0, 0.0, 0.0]",,0.0,,
gene-STM0761::NC_003197.2:824920-825466(-),default,,ATG,,,,"[0, 546]",mORF,"[0.0, 0.0, 0.0]",,0.0,,
gene-STM0762::NC_003197.2:825480-826326(-),default,,ATG,,,,"[0, 846]",mORF,"[0.0, 0.0, 0.0]",,0.0,,
gene-STM0764::NC_003197.2:827346-828330(-),default,,GTG,,,,"[0, 984]",mORF,"[0.0, 0.0, 0.0]",,0.0,,
gene-STM0772::NC_003197.2:836365-837118(-),default,,ATG,,,,"[0, 753]",mORF,"[0.0, 0.0, 0.0]",,0.0,,
gene-STM0773::NC_003197.2:837341-839524(-),default,,GTG,,,,"[1142, 2183]",mORF,"[0.0, 0.0, 0.0]",,0.0,,
gene-STM0776::NC_003197.2:840583-841600(-),default,,ATG,,,,"[0, 1017]",mORF,"[0.0, 0.0, 0.0]",,0.0,,
gene-STM0777::NC_003197.2:841822-842731(-),default,,ATG,,,,"[0, 909]",mORF,"[0.0, 0.0, 0.0]",,0.0,,
gene-STM0778::NC_003197.2:842901-844377(-),default,,ATG,,,,"[0, 1476]",mORF,"[0.0, 0.0, 0.0]",,0.0,,
gene-STM0779::NC_003197.2:844444-845233(-),default,,ATG,,,,"[0, 789]",mORF,"[0.0, 0.0, 0.0]",,0.0,,
gene-STM0780::NC_003197.2:845361-845511(+),default,,ATG,,,,"[0, 150]",mORF,"[0.0, 0.0, 0.0]",,0.0,,
gene-STM0781::NC_003197.2:845677-847140(+),default,,ATG,,,,"[773, 1463]",mORF,"[57.0, 0.0, 0.0]",,0.0,,
gene-STM0781::NC_003197.2:845677-847140(+),default,,ATG,,,,"[0, 774]",mORF,"[0.0, 0.0, 0.0]",,0.0,,
gene-STM0783::NC_003197.2:847142-848201(+),default,,ATG,,,,"[0, 1059]",mORF,"[0.0, 0.0, 0.0]",,0.0,,
gene-STM0784::NC_003197.2:848201-849020(-),default,,ATG,,,,"[0, 819]",mORF,"[0.0, 0.0, 0.0]",,0.0,,
gene-STM0785::NC_003197.2:849183-850179(+),default,,ATG,,,,"[0, 996]",mORF,"[0.0, 0.0, 0.0]",,0.0,,
gene-STM0786::NC_003197.2:850322-851606(-),default,,GTG,,,,"[0, 1284]",mORF,"[0.0, 0.0, 0.0]",,0.0,,
gene-STM0787::NC_003197.2:851843-854005(+),default,,ATG,,,,"[0, 1224]",mORF,"[0.0, 0.0, 0.0]",,0.0,,
gene-STM0791::NC_003197.2:856657-858178(+),default,,ATG,,,,"[0, 1521]",mORF,"[0.0, 0.0, 0.0]",,0.0,,
gene-STM0792::NC_003197.2:858262-858796(-),default,,ATG,,,,"[57, 534]",mORF,"[0.0, 0.0, 0.0]",,0.0,,
gene-STM0793::NC_003197.2:858796-860086(-),default,,ATG,,,,"[0, 1290]",mORF,"[0.0, 0.0, 0.0]",,0.0,,
gene-STM0798::NC_003197.2:864435-866457(+),default,,ATG,,,,"[0, 2022]",mORF,"[0.0, 0.0, 0.0]",,0.0,,
gene-STM0800::NC_003197.2:866946-869244(+),default,,ATG,,,,"[0, 2298]",mORF,"[0.0, 0.0, 0.0]",,0.0,,
gene-STM0801::NC_003197.2:869335-870244(-),default,,ATG,,,,"[0, 909]",mORF,"[0.0, 0.0, 0.0]",,0.0,,
gene-STM0802::NC_003197.2:870640-871630(+),default,,ATG,,,,"[0, 990]",mORF,"[0.0, 0.0, 0.0]",,0.0,,
gene-STM0803::NC_003197.2:871651-872166(+),default,,ATG,,,,"[0, 513]",mORF,"[0.0, 0.0, 0.0]",,0.0,,
gene-STM0804::NC_003197.2:872166-872890(+),default,,ATG,,,,"[0, 486]",mORF,"[0.0, 0.0, 0.0]",,0.0,,
gene-STM0806::NC_003197.2:872891-873344(+),default,,ATG,,,,"[0, 453]",mORF,"[0.0, 0.0, 0.0]",,0.0,,
gene-STM0807::NC_003197.2:873391-874138(+),default,,ATG,,,,"[0, 705]",mORF,"[0.0, 0.0, 0.0]",,0.0,,
gene-STM0812::NC_003197.2:877114-879111(-),default,,ATG,,,,"[755, 1997]",mORF,"[0.0, 0.0, 0.0]",,0.0,,
gene-STM0814::NC_003197.2:879243-880722(+),default,,ATG,,,,"[0, 411]",mORF,"[0.0, 0.0, 0.0]",,0.0,,
gene-STM0815::NC_003197.2:879615-880722(-),default,,ATG,,,,"[0, 1107]",mORF,"[0.0, 0.0, 0.0]",,0.0,,
gene-STM0816::NC_003197.2:880837-883689(-),default,,ATG,,,,"[1721, 2852]",mORF,"[0.0, 0.0, 1.0]",,0.0,,
gene-STM0818::NC_003197.2:883689-885359(-),default,,ATG,,,,"[674, 1670]",mORF,"[0.0, 0.0, 0.0]",,0.0,,
gene-STM0820::NC_003197.2:885588-886953(+),default,,ATG,,,,"[0, 1365]",mORF,"[0.0, 0.0, 0.0]",,0.0,,
gene-STM0822::NC_003197.2:889334-890309(+),default,,ATG,,,,"[0, 975]",mORF,"[0.0, 0.0, 0.0]",,0.0,,
gene-STM0823::NC_003197.2:890464-890725(-),default,,ATG,,,,"[0, 261]",mORF,"[0.0, 0.0, 0.0]",,0.0,,
gene-STM0826::NC_003197.2:891480-894626(+),default,,ATG,,,,"[0, 927]",mORF,"[0.0, 0.0, 0.0]",,0.0,,
gene-STM0828::NC_003197.2:894744-896123(-),default,,ATG,,,,"[0, 660]",mORF,"[0.0, 0.0, 0.0]",,0.0,,
gene-STM0828::NC_003197.2:894744-896123(-),default,,GTG,,,,"[656, 1379]",mORF,"[0.0, 0.0, 0.0]",,0.0,,
gene-STM0830::NC_003197.2:896266-897013(-),default,,ATG,,,,"[0, 747]",mORF,"[0.0, 0.0, 0.0]",,0.0,,
gene-STM0831::NC_003197.2:897489-897993(-),default,,ATG,,,,"[0, 504]",mORF,"[0.0, 0.0, 0.0]",,0.0,,
gene-STM0833::NC_003197.2:899536-900097(+),default,,ATG,,,,"[0, 516]",mORF,"[0.0, 0.0, 0.0]",,0.0,,
gene-STM0834::NC_003197.2:900114-901695(-),default,,ATG,,,,"[0, 1581]",mORF,"[0.0, 0.0, 0.0]",,0.0,,
gene-STM0837::NC_003197.2:903899-904820(-),default,,ATG,,,,"[0, 921]",mORF,"[0.0, 0.0, 0.0]",,0.0,,
gene-STM0838::NC_003197.2:905038-906631(+),default,,GTG,,,,"[0, 1593]",mORF,"[0.0, 0.0, 0.0]",,0.0,,
gene-STM0843::NC_003197.2:911349-913782(-),default,,ATG,,,,"[0, 2433]",mORF,"[0.0, 0.0, 0.0]",,0.0,,
gene-STM0845::NC_003197.2:914964-916955(-),default,,ATG,,,,"[0, 1242]",mORF,"[0.0, 0.0, 0.0]",,0.0,,
gene-STM0845::NC_003197.2:914964-916955(-),default,,ATG,,,,"[1241, 1991]",mORF,"[0.0, 0.0, 0.0]",,0.0,,
gene-STM0848::NC_003197.2:918103-919975(+),default,,GTG,,,,"[0, 1872]",mORF,"[0.0, 0.0, 0.0]",,0.0,,
gene-STM0849::NC_003197.2:920007-921606(+),default,,ATG,,,,"[0, 1539]",mORF,"[0.0, 0.0, 0.0]",,0.0,,
gene-STM0850::NC_003197.2:921606-922527(+),default,,ATG,,,,"[0, 921]",mORF,"[0.0, 0.0, 0.0]",,0.0,,
gene-STM0852::NC_003197.2:923531-924857(-),default,,ATG,,,,"[0, 1326]",mORF,"[0.0, 0.0, 0.0]",,0.0,,
gene-STM0853::NC_003197.2:925087-925471(+),default,,ATG,,,,"[0, 384]",mORF,"[0.0, 0.0, 0.0]",,0.0,,
gene-STM0854::NC_003197.2:926183-927471(+),default,,ATG,,,,"[433, 1288]",mORF,"[0.0, 0.0, 0.0]",,0.0,,
gene-STM0856::NC_003197.2:927481-928429(+),default,,ATG,,,,"[0, 948]",mORF,"[0.0, 0.0, 0.0]",,0.0,,
gene-STM0857::NC_003197.2:928722-929886(+),default,,ATG,,,,"[0, 1164]",mORF,"[0.0, 0.0, 0.0]",,0.0,,
gene-STM0858::NC_003197.2:930334-932020(+),default,,ATG,,,,"[0, 1686]",mORF,"[0.0, 0.0, 0.0]",,0.0,,
gene-STM0859::NC_003197.2:932025-932916(-),default,,ATG,,,,"[0, 891]",mORF,"[0.0, 0.0, 0.0]",,0.0,,
gene-STM0862::NC_003197.2:934629-935256(-),default,,ATG,,,,"[0, 627]",mORF,"[0.0, 0.0, 0.0]",,0.0,,
gene-STM0863::NC_003197.2:935499-937505(+),default,,ATG,,,,"[0, 1203]",mORF,"[0.0, 0.0, 0.0]",,0.0,,
gene-STM0864::NC_003197.2:936746-937505(-),default,,ATG,,,,"[0, 759]",mORF,"[0.0, 0.0, 0.0]",,0.0,,
gene-STM0865::NC_003197.2:937576-938185(-),default,,ATG,,,,"[0, 609]",mORF,"[0.0, 0.0, 0.0]",,0.0,,
gene-STM0866::NC_003197.2:938497-939730(+),default,,ATG,,,,"[0, 1233]",mORF,"[0.0, 0.0, 0.0]",,0.0,,
gene-STM0867::NC_003197.2:939783-941807(-),default,,ATG,,,,"[0, 1212]",mORF,"[0.0, 0.0, 0.0]",,0.0,,
gene-STM0867::NC_003197.2:939783-941807(-),default,,ATG,,,,"[1208, 2024]",mORF,"[0.0, 0.0, 0.0]",,0.0,,
gene-STM0869::NC_003197.2:941974-942595(+),default,,ATG,,,,"[0, 621]",mORF,"[0.0, 0.0, 0.0]",,0.0,,
gene-STM0870::NC_003197.2:942711-944397(-),default,,GTG,,,,"[0, 1686]",mORF,"[0.0, 0.0, 0.0]",,0.0,,
gene-STM0872::NC_003197.2:945076-946506(-),default,,ATG,,,,"[1166, 1430]",mORF,"[4.0, 4.0, 5.0]",,0.0,,
gene-STM0873::NC_003197.2:945509-946506(+),default,,ATG,,,,"[274, 997]",mORF,"[0.0, 1.0, 0.0]",,0.0,,
gene-STM0875::NC_003197.2:946563-947466(+),default,,GTG,,,,"[0, 903]",mORF,"[0.0, 0.0, 0.0]",,0.0,,
gene-STM0876::NC_003197.2:947562-948039(+),default,,ATG,,,,"[0, 477]",mORF,"[0.0, 0.0, 0.0]",,0.0,,
gene-STM0881::NC_003197.2:952599-953073(+),default,,TTG,,,,"[0, 474]",mORF,"[0.0, 0.0, 0.0]",,0.0,,
gene-STM0882::NC_003197.2:953115-954246(+),default,,ATG,,,,"[0, 1131]",mORF,"[0.0, 0.0, 0.0]",,0.0,,
gene-STM0887::NC_003197.2:957937-958905(-),default,,ATG,,,,"[236, 968]",mORF,"[0.0, 0.0, 0.0]",,0.0,,
gene-STM0888::NC_003197.2:958905-960290(-),default,,ATG,,,,"[0, 717]",mORF,"[0.0, 0.0, 0.0]",,0.0,,
gene-STM0890::NC_003197.2:960296-961028(-),default,,ATG,,,,"[0, 732]",mORF,"[0.0, 0.0, 0.0]",,0.0,,
gene-STM0892::NC_003197.2:962003-962519(-),default,,ATG,,,,"[0, 516]",mORF,"[0.0, 0.0, 0.0]",,0.0,,
gene-STM0893::NC_003197.2:962614-963940(-),default,,ATG,,,,"[0, 1326]",mORF,"[0.0, 0.0, 0.0]",,0.0,,
gene-STM0898::NC_003197.2:967913-968609(-),default,,ATG,,,,"[0, 696]",mORF,"[0.0, 0.0, 0.0]",,0.0,,
gene-STM0905::NC_003197.2:975826-976225(+),default,,ATG,,,,"[0, 399]",mORF,"[0.0, 0.0, 0.0]",,0.0,,
gene-STM0907::NC_003197.2:977161-978258(+),default,,ATG,,,,"[0, 615]",mORF,"[0.0, 0.0, 0.0]",,0.0,,
gene-STM0909::NC_003197.2:979092-981679(+),default,,ATG,,,,"[478, 2587]",mORF,"[0.0, 0.0, 0.0]",,0.0,,
gene-STM0911::NC_003197.2:981878-985452(+),default,,ATG,,,,"[0, 1536]",mORF,"[0.0, 0.0, 0.0]",,0.0,,
gene-STM0916::NC_003197.2:987128-987872(+),default,,ATG,,,,"[0, 744]",mORF,"[0.0, 0.0, 0.0]",,0.0,,
gene-STM0918::NC_003197.2:988627-992118(+),default,,ATG,,,,"[0, 3162]",mORF,"[0.0, 0.0, 0.0]",,0.0,,
gene-STM0920::NC_003197.2:992244-992763(+),default,,ATG,,,,"[0, 519]",mORF,"[0.0, 0.0, 0.0]",,0.0,,
gene-STM0921::NC_003197.2:992894-993590(+),default,,ATG,,,,"[0, 696]",mORF,"[0.0, 0.0, 0.0]",,0.0,,
gene-STM0922::NC_003197.2:993601-994911(+),default,,ATG,,,,"[0, 735]",mORF,"[0.0, 0.0, 0.0]",,0.0,,
gene-STM0922::NC_003197.2:993601-994911(+),default,,ATG,,,,"[632, 1310]",mORF,"[0.0, 0.0, 0.0]",,0.0,,
gene-STM0926::NC_003197.2:999072-1002020(+),default,,ATG,,,,"[0, 2373]",mORF,"[0.0, 0.0, 0.0]",,0.0,,
gene-STM0928::NC_003197.2:1002090-1003329(-),default,,TTG,,,,"[0, 1239]",mORF,"[0.0, 0.0, 0.0]",,0.0,,
gene-STM0932::NC_003197.2:1006516-1007530(-),default,,ATG,,,,"[0, 1014]",mORF,"[0.0, 0.0, 0.0]",,0.0,,
gene-STM0934::NC_003197.2:1009069-1010071(-),default,,ATG,,,,"[0, 1002]",mORF,"[0.0, 0.0, 0.0]",,0.0,,
gene-STM0935::NC_003197.2:1010109-1011828(-),default,,ATG,,,,"[0, 1719]",mORF,"[0.0, 0.0, 0.0]",,0.0,,
gene-STM0937::NC_003197.2:1012965-1014618(-),default,,ATG,,,,"[0, 1653]",mORF,"[0.0, 0.0, 0.0]",,0.0,,
gene-STM0938::NC_003197.2:1014761-1015661(-),default,,ATG,,,,"[0, 900]",mORF,"[0.0, 0.0, 0.0]",,0.0,,
gene-STM0939::NC_003197.2:1015862-1018486(+),default,,ATG,,,,"[0, 1659]",mORF,"[0.0, 0.0, 0.0]",,0.0,,
gene-STM0940::NC_003197.2:1017517-1018486(-),default,,ATG,,,,"[0, 969]",mORF,"[0.0, 0.0, 0.0]",,0.0,,
gene-STM0941::NC_003197.2:1018613-1021675(+),default,,ATG,,,,"[0, 1119]",mORF,"[0.0, 0.0, 0.0]",,0.0,,
gene-STM0941::NC_003197.2:1018613-1021675(+),default,,ATG,,,,"[1115, 3062]",mORF,"[0.0, 0.0, 0.0]",,0.0,,
gene-STM0943::NC_003197.2:1021804-1022026(-),default,,ATG,,,,"[0, 222]",mORF,"[0.0, 0.0, 0.0]",,0.0,,
gene-STM0944::NC_003197.2:1022349-1022700(+),default,,ATG,,,,"[0, 321]",mORF,"[0.0, 0.0, 0.0]",,0.0,,
gene-STM0945::NC_003197.2:1022700-1024977(+),default,,ATG,,,,"[0, 2277]",mORF,"[0.0, 0.0, 0.0]",,0.0,,
gene-STM0946::NC_003197.2:1025168-1025627(+),default,,ATG,,,,"[0, 459]",mORF,"[0.0, 0.0, 0.0]",,0.0,,
gene-STM0950::NC_003197.2:1027681-1028359(-),default,,ATG,,,,"[0, 678]",mORF,"[0.0, 0.0, 0.0]",,0.0,,
gene-STM0952::NC_003197.2:1029347-1030259(+),default,,ATG,,,,"[0, 912]",mORF,"[0.0, 0.0, 0.0]",,0.0,,
gene-STM0953::NC_003197.2:1030349-1030879(-),default,,ATG,,,,"[311, 530]",mORF,"[0.0, 0.0, 7.0]",,0.0,,
gene-STM0956::NC_003197.2:1031628-1033350(-),default,,ATG,,,,"[0, 1722]",mORF,"[0.0, 0.0, 0.0]",,0.0,,
gene-STM0957::NC_003197.2:1033350-1035117(-),default,,ATG,,,,"[0, 1767]",mORF,"[0.0, 0.0, 0.0]",,0.0,,
gene-STM0958::NC_003197.2:1035230-1036199(-),default,,ATG,,,,"[0, 969]",mORF,"[0.0, 0.0, 0.0]",,0.0,,
gene-STM0959::NC_003197.2:1036744-1037288(+),default,,ATG,,,,"[0, 495]",mORF,"[0.0, 0.0, 0.0]",,0.0,,
gene-STM0960::NC_003197.2:1037373-1041429(+),default,,TTG,,,,"[0, 4056]",mORF,"[0.0, 0.0, 0.0]",,0.0,,
gene-STM0961::NC_003197.2:1041568-1042192(+),default,,ATG,,,,"[0, 615]",mORF,"[0.0, 0.0, 0.0]",,0.0,,
gene-STM0962::NC_003197.2:1042192-1043536(+),default,,GTG,,,,"[0, 1344]",mORF,"[0.0, 0.0, 0.0]",,0.0,,
gene-STM0963::NC_003197.2:1043794-1045087(+),default,,ATG,,,,"[0, 1293]",mORF,"[0.0, 0.0, 0.0]",,0.0,,
gene-STM0964::NC_003197.2:1045323-1047768(+),default,,ATG,,,,"[0, 2445]",mORF,"[0.0, 0.0, 0.0]",,0.0,,
gene-STM0965::NC_003197.2:1047778-1048396(+),default,,ATG,,,,"[0, 618]",mORF,"[0.0, 0.0, 0.0]",,0.0,,
gene-STM0966::NC_003197.2:1048397-1049261(+),default,,ATG,,,,"[0, 864]",mORF,"[0.0, 0.0, 0.0]",,0.0,,
gene-STM0968::NC_003197.2:1049610-1050759(+),default,,ATG,,,,"[0, 1149]",mORF,"[0.0, 0.0, 0.0]",,0.0,,
gene-STM0970::NC_003197.2:1052690-1053515(-),default,,ATG,,,,"[0, 825]",mORF,"[0.0, 0.0, 0.0]",,0.0,,
gene-STM0972::NC_003197.2:1054063-1055062(+),default,,ATG,,,,"[0, 960]",mORF,"[0.0, 0.0, 0.0]",,0.0,,
gene-STM0974::NC_003197.2:1057440-1058298(-),default,,GTG,,,,"[0, 858]",mORF,"[0.0, 0.0, 0.0]",,0.0,,
gene-STM0976::NC_003197.2:1060599-1061292(+),default,,ATG,,,,"[0, 693]",mORF,"[0.0, 0.0, 0.0]",,0.0,,
gene-STM0977::NC_003197.2:1061477-1062566(+),default,,ATG,,,,"[0, 1089]",mORF,"[0.0, 0.0, 0.0]",,0.0,,
gene-STM0978::NC_003197.2:1062636-1063920(+),default,,ATG,,,,"[0, 1284]",mORF,"[0.0, 0.0, 0.0]",,0.0,,
gene-STM0979::NC_003197.2:1064062-1064824(+),default,,ATG,,,,"[0, 762]",mORF,"[0.0, 0.0, 0.0]",,0.0,,
gene-STM0981::NC_003197.2:1065793-1067467(+),default,,ATG,,,,"[0, 1674]",mORF,"[0.0, 0.0, 0.0]",,0.0,,
gene-STM0982::NC_003197.2:1067622-1067907(+),default,,ATG,,,,"[0, 285]",mORF,"[0.0, 0.0, 0.0]",,0.0,,
gene-STM0984::NC_003197.2:1070437-1073160(+),default,,ATG,,,,"[0, 1749]",mORF,"[0.0, 0.0, 0.0]",,0.0,,
gene-STM0984::NC_003197.2:1070437-1073160(+),default,,ATG,,,,"[1745, 2723]",mORF,"[0.0, 0.0, 0.0]",,0.0,,
gene-STM0987::NC_003197.2:1074487-1075465(+),default,,ATG,,,,"[0, 183]",mORF,"[0.0, 0.0, 0.0]",,0.0,,
gene-STM0989::NC_003197.2:1075623-1077273(+),default,,ATG,,,,"[0, 894]",mORF,"[0.0, 0.0, 0.0]",,0.0,,
gene-STM0991::NC_003197.2:1077408-1079507(+),default,,ATG,,,,"[0, 804]",mORF,"[0.0, 0.0, 0.0]",,0.0,,
gene-STM0992::NC_003197.2:1078204-1080211(+),default,,ATG,,,,"[0, 1323]",mORF,"[0.0, 0.0, 0.0]",,0.0,,
gene-STM0993::NC_003197.2:1079507-1084678(+),default,,ATG,,,,"[0, 705]",mORF,"[0.0, 0.0, 0.0]",,0.0,,
gene-STM0995::NC_003197.2:1085022-1086864(+),default,,ATG,,,,"[0, 1842]",mORF,"[0.0, 0.0, 0.0]",,0.0,,
gene-STM0996::NC_003197.2:1087123-1087672(+),default,,ATG,,,,"[0, 549]",mORF,"[0.0, 0.0, 0.0]",,0.0,,
gene-STM0997::NC_003197.2:1087699-1088347(+),default,,ATG,,,,"[0, 648]",mORF,"[0.0, 0.0, 0.0]",,0.0,,
gene-STM0998::NC_003197.2:1088408-1089599(-),default,,ATG,,,,"[0, 1191]",mORF,"[0.0, 0.0, 0.0]",,0.0,,
gene-STM1000::NC_003197.2:1091481-1093082(-),default,,ATG,,,,"[200, 1601]",mORF,"[214.0, 7.0, 35.0]",,0.0,,
gene-STM1001::NC_003197.2:1093082-1093544(-),default,,ATG,,,,"[0, 462]",mORF,"[0.0, 0.0, 0.0]",,0.0,,
gene-STM1002::NC_003197.2:1093860-1095075(+),default,,ATG,,,,"[0, 1215]",mORF,"[0.0, 0.0, 0.0]",,0.0,,
gene-STM1004::NC_003197.2:1096833-1098036(-),default,,ATG,,,,"[0, 1203]",mORF,"[0.0, 0.0, 0.0]",,0.0,,
gene-STM1005::NC_003197.2:1098230-1099523(-),default,,ATG,,,,"[0, 1293]",mORF,"[0.0, 0.0, 0.0]",,0.0,,
gene-STM1007::NC_003197.2:1099856-1100096(-),default,,ATG,,,,"[0, 240]",mORF,"[0.0, 0.0, 0.0]",,0.0,,
gene-STM1008::NC_003197.2:1100138-1104144(-),default,,ATG,,,,"[0, 2886]",mORF,"[0.0, 0.0, 0.0]",,0.0,,
gene-STM1008::NC_003197.2:1100138-1104144(-),default,,ATG,,,,"[2848, 4006]",mORF,"[0.0, 0.0, 0.0]",,0.0,,
gene-STM1010::NC_003197.2:1104270-1104570(-),default,,ATG,,,,"[0, 300]",mORF,"[0.0, 0.0, 0.0]",,0.0,,
gene-STM1011::NC_003197.2:1104742-1105003(-),default,,ATG,,,,"[0, 261]",mORF,"[0.0, 0.0, 0.0]",,0.0,,
gene-STM1014::NC_003197.2:1106246-1107230(+),default,,ATG,,,,"[0, 984]",mORF,"[0.0, 0.0, 0.0]",,0.0,,
gene-STM1018::NC_003197.2:1108725-1109016(+),default,,ATG,,,,"[0, 291]",mORF,"[0.0, 0.0, 0.0]",,0.0,,
gene-STM1019::NC_003197.2:1109307-1109541(+),default,,ATG,,,,"[0, 234]",mORF,"[0.0, 0.0, 0.0]",,0.0,,
gene-STM1025::NC_003197.2:1113127-1113577(-),default,,ATG,,,,"[0, 450]",mORF,"[0.0, 0.0, 0.0]",,0.0,,
gene-STM1026::NC_003197.2:1113937-1114450(-),default,,ATG,,,,"[0, 513]",mORF,"[0.0, 0.0, 0.0]",,0.0,,
gene-STM1030::NC_003197.2:1116369-1118998(+),default,,ATG,,,,"[490, 2629]",mORF,"[0.0, 0.0, 0.0]",,0.0,,
gene-STM1039::NC_003197.2:1125207-1125932(+),default,,ATG,,,,"[0, 399]",mORF,"[0.0, 0.0, 0.0]",,0.0,,
gene-STM1044::NC_003197.2:1130040-1130574(-),default,,ATG,,,,"[0, 534]",mORF,"[0.0, 0.0, 0.0]",,0.0,,
gene-STM1046::NC_003197.2:1131368-1132779(+),default,,ATG,,,,"[635, 1340]",mORF,"[0.0, 0.0, 0.0]",,0.0,,
gene-STM1051::NC_003197.2:1139958-1141188(+),default,,ATG,,,,"[0, 969]",mORF,"[0.0, 0.0, 0.0]",,0.0,,
gene-STM1057::NC_003197.2:1144128-1146741(+),default,,ATG,,,,"[0, 2613]",mORF,"[0.0, 0.0, 0.0]",,0.0,,
gene-STM1058::NC_003197.2:1146948-1147959(+),default,,ATG,,,,"[0, 1011]",mORF,"[0.0, 0.0, 0.0]",,0.0,,
gene-STM1059::NC_003197.2:1148124-1149773(+),default,,ATG,,,,"[0, 543]",mORF,"[0.0, 0.0, 0.0]",,0.0,,
gene-STM1061::NC_003197.2:1149871-1151980(+),default,,ATG,,,,"[0, 2109]",mORF,"[0.0, 0.0, 0.0]",,0.0,,
gene-STM1062::NC_003197.2:1151992-1153900(+),default,,ATG,,,,"[0, 1908]",mORF,"[0.0, 0.0, 0.0]",,0.0,,
gene-STM1063::NC_003197.2:1153914-1155168(+),default,,ATG,,,,"[0, 1254]",mORF,"[0.0, 0.0, 0.0]",,0.0,,
gene-STM1064::NC_003197.2:1155172-1157373(+),default,,ATG,,,,"[0, 1641]",mORF,"[0.0, 0.0, 0.0]",,0.0,,
gene-STM1064::NC_003197.2:1155172-1157373(+),default,,ATG,,,,"[1637, 2201]",mORF,"[0.0, 0.0, 0.0]",,0.0,,
gene-STM1066::NC_003197.2:1157628-1157796(+),default,,ATG,,,,"[0, 168]",mORF,"[0.0, 0.0, 0.0]",,0.0,,
gene-STM1067::NC_003197.2:1157895-1158414(-),default,,ATG,,,,"[0, 519]",mORF,"[0.0, 0.0, 0.0]",,0.0,,
gene-STM1068::NC_003197.2:1158482-1160243(-),default,,TTG,,,,"[0, 1761]",mORF,"[0.0, 0.0, 0.0]",,0.0,,
gene-STM1069::NC_003197.2:1160428-1160881(+),default,,ATG,,,,"[0, 453]",mORF,"[0.0, 0.0, 0.0]",,0.0,,
gene-STM1070::NC_003197.2:1160952-1162005(-),default,,ATG,,,,"[0, 1053]",mORF,"[0.0, 0.0, 0.0]",,0.0,,
gene-STM1071::NC_003197.2:1162361-1162871(-),default,,ATG,,,,"[0, 510]",mORF,"[0.0, 0.0, 0.0]",,0.0,,
gene-STM1072::NC_003197.2:1163087-1165833(+),default,,ATG,,,,"[0, 606]",mORF,"[0.0, 0.0, 0.0]",,0.0,,
gene-STM1073::NC_003197.2:1163679-1165833(-),default,,ATG,,,,"[0, 2154]",mORF,"[0.0, 0.0, 0.0]",,0.0,,
gene-STM1074::NC_003197.2:1165851-1166298(-),default,,ATG,,,,"[0, 447]",mORF,"[0.0, 0.0, 0.0]",,0.0,,
gene-STM1075::NC_003197.2:1166421-1168476(+),default,,ATG,,,,"[0, 2055]",mORF,"[0.0, 0.0, 0.0]",,0.0,,
gene-STM1076::NC_003197.2:1168511-1168970(-),default,,ATG,,,,"[0, 459]",mORF,"[0.0, 0.0, 0.0]",,0.0,,
gene-STM1078::NC_003197.2:1169897-1170314(+),default,,ATG,,,,"[0, 417]",mORF,"[0.0, 0.0, 0.0]",,0.0,,
gene-STM1079::NC_003197.2:1170358-1170676(-),default,,ATG,,,,"[0, 318]",mORF,"[0.0, 0.0, 0.0]",,0.0,,
gene-STM1080::NC_003197.2:1170733-1171945(-),default,,ATG,,,,"[0, 1212]",mORF,"[0.0, 0.0, 0.0]",,0.0,,
gene-STM1081::NC_003197.2:1172159-1172708(+),default,,ATG,,,,"[0, 549]",mORF,"[0.0, 0.0, 0.0]",,0.0,,
gene-STM1082::NC_003197.2:1172733-1173513(+),default,,ATG,,,,"[0, 780]",mORF,"[0.0, 0.0, 0.0]",,0.0,,
gene-STM1083::NC_003197.2:1173561-1174169(+),default,,ATG,,,,"[0, 282]",mORF,"[0.0, 0.0, 0.0]",,0.0,,
gene-STM1084::NC_003197.2:1173839-1174169(-),default,,ATG,,,,"[0, 330]",mORF,"[0.0, 0.0, 0.0]",,0.0,,
gene-STM1085::NC_003197.2:1174255-1174915(-),default,,ATG,,,,"[0, 660]",mORF,"[0.0, 0.0, 0.0]",,0.0,,
gene-STM1090::NC_003197.2:1177860-1178202(-),default,,ATG,,,,"[0, 342]",mORF,"[0.0, 0.0, 0.0]",,0.0,,
gene-STM1091::NC_003197.2:1178218-1179904(-),default,,ATG,,,,"[0, 1686]",mORF,"[0.0, 0.0, 0.0]",,0.0,,
gene-STM1092::NC_003197.2:1180235-1180406(+),default,,ATG,,,,"[0, 171]",mORF,"[0.0, 0.0, 0.0]",,0.0,,
gene-STM1094::NC_003197.2:1180625-1182095(-),default,,ATG,,,,"[0, 1470]",mORF,"[0.0, 0.0, 0.0]",,0.0,,
gene-STM1095::NC_003197.2:1182267-1184371(-),default,,ATG,,,,"[739, 2104]",mORF,"[0.0, 0.0, 0.0]",,0.0,,
gene-STM1099::NC_003197.2:1185713-1187493(-),default,,ATG,,,,"[217, 1780]",mORF,"[0.0, 0.0, 0.0]",,0.0,,
gene-STM1100::NC_003197.2:1187493-1187999(-),default,,ATG,,,,"[65, 506]",mORF,"[0.0, 0.0, 0.0]",,0.0,,
gene-STM1101::NC_003197.2:1188208-1190962(+),default,,ATG,,,,"[0, 1290]",mORF,"[0.0, 0.0, 0.0]",,0.0,,
gene-STM1103::NC_003197.2:1190962-1191823(+),default,,ATG,,,,"[0, 852]",mORF,"[0.0, 0.0, 0.0]",,0.0,,
gene-STM1105::NC_003197.2:1192346-1193160(+),default,,ATG,,,,"[0, 804]",mORF,"[0.0, 0.0, 0.0]",,0.0,,
gene-STM1106::NC_003197.2:1193160-1194023(+),default,,ATG,,,,"[0, 792]",mORF,"[0.0, 0.0, 0.0]",,0.0,,
gene-STM1107::NC_003197.2:1194023-1195409(+),default,,ATG,,,,"[0, 1377]",mORF,"[0.0, 0.0, 0.0]",,0.0,,
gene-STM1108::NC_003197.2:1195409-1196319(+),default,,ATG,,,,"[0, 897]",mORF,"[0.0, 0.0, 0.0]",,0.0,,
gene-STM1109::NC_003197.2:1196319-1197258(+),default,,ATG,,,,"[0, 939]",mORF,"[0.0, 0.0, 0.0]",,0.0,,
gene-STM1114::NC_003197.2:1200552-1203048(+),default,,ATG,,,,"[0, 1887]",mORF,"[0.0, 0.0, 0.0]",,0.0,,
gene-STM1117::NC_003197.2:1203687-1204929(+),default,,ATG,,,,"[0, 1242]",mORF,"[0.0, 0.0, 0.0]",,0.0,,
gene-STM1118::NC_003197.2:1204962-1205210(-),default,,ATG,,,,"[20, 248]",mORF,"[0.0, 0.0, 0.0]",,0.0,,
gene-STM1119::NC_003197.2:1205210-1205807(-),default,,ATG,,,,"[0, 597]",mORF,"[0.0, 0.0, 0.0]",,0.0,,
gene-STM1122::NC_003197.2:1206495-1211547(+),default,,ATG,,,,"[0, 639]",mORF,"[0.0, 0.0, 0.0]",,0.0,,
gene-STM1123::NC_003197.2:1207130-1207526(-),default,,ATG,,,,"[0, 396]",mORF,"[0.0, 0.0, 0.0]",,0.0,,
gene-STM1124::NC_003197.2:1207584-1211547(-),default,,ATG,,,,"[0, 3963]",mORF,"[0.0, 0.0, 0.0]",,0.0,,
gene-STM1125::NC_003197.2:1211968-1213477(+),default,,ATG,,,,"[0, 1509]",mORF,"[0.0, 0.0, 0.0]",,0.0,,
gene-STM1126::NC_003197.2:1214303-1215158(+),default,,GTG,,,,"[0, 855]",mORF,"[0.0, 0.0, 0.0]",,0.0,,
gene-STM1127::NC_003197.2:1215263-1216145(-),default,,ATG,,,,"[0, 882]",mORF,"[0.0, 0.0, 0.0]",,0.0,,
gene-STM1128::NC_003197.2:1216429-1217926(-),default,,ATG,,,,"[0, 1497]",mORF,"[0.0, 0.0, 0.0]",,0.0,,
gene-STM1130::NC_003197.2:1219448-1220609(+),default,,ATG,,,,"[0, 1161]",mORF,"[0.0, 0.0, 0.0]",,0.0,,
gene-STM1131::NC_003197.2:1220654-1221347(+),default,,ATG,,,,"[0, 693]",mORF,"[0.0, 0.0, 0.0]",,0.0,,
gene-STM1132::NC_003197.2:1221629-1222920(+),default,,GTG,,,,"[0, 1281]",mORF,"[0.0, 0.0, 0.0]",,0.0,,
gene-STM1133::NC_003197.2:1222920-1224027(+),default,,ATG,,,,"[0, 1107]",mORF,"[0.0, 0.0, 0.0]",,0.0,,
gene-STM1135::NC_003197.2:1225054-1225993(+),default,,ATG,,,,"[0, 939]",mORF,"[0.0, 0.0, 0.0]",,0.0,,
gene-STM1136::NC_003197.2:1226076-1226814(+),default,,ATG,,,,"[0, 738]",mORF,"[0.0, 0.0, 0.0]",,0.0,,
gene-STM1138::NC_003197.2:1227444-1227975(+),default,,GTG,,,,"[0, 531]",mORF,"[0.0, 0.0, 0.0]",,0.0,,
gene-STM1139::NC_003197.2:1228013-1228847(-),default,,ATG,,,,"[0, 834]",mORF,"[0.0, 0.0, 0.0]",,0.0,,
gene-STM1140::NC_003197.2:1228873-1229290(-),default,,ATG,,,,"[0, 417]",mORF,"[0.0, 0.0, 0.0]",,0.0,,
gene-STM1141::NC_003197.2:1229316-1229712(-),default,,ATG,,,,"[0, 396]",mORF,"[0.0, 0.0, 0.0]",,0.0,,
gene-STM1142::NC_003197.2:1229716-1230367(-),default,,ATG,,,,"[0, 651]",mORF,"[0.0, 0.0, 0.0]",,0.0,,
gene-STM1147::NC_003197.2:1233001-1234964(+),default,,ATG,,,,"[0, 540]",mORF,"[0.0, 0.0, 0.0]",,0.0,,
gene-STM1147::NC_003197.2:1233001-1234964(+),default,,ATG,,,,"[478, 1963]",mORF,"[0.0, 0.0, 1.0]",,0.0,,
gene-STM1149::NC_003197.2:1234980-1236135(-),default,,ATG,,,,"[0, 1155]",mORF,"[0.0, 0.0, 0.0]",,0.0,,
gene-STM1150::NC_003197.2:1236406-1240478(+),default,,ATG,,,,"[1528, 4072]",mORF,"[4.0, 0.0, 0.0]",,0.0,,
gene-STM1150::NC_003197.2:1236406-1240478(+),default,,ATG,,,,"[0, 1536]",mORF,"[0.0, 0.0, 0.0]",,0.0,,
gene-STM1155::NC_003197.2:1242604-1243525(-),default,,ATG,,,,"[0, 921]",mORF,"[0.0, 0.0, 0.0]",,0.0,,
gene-STM1156::NC_003197.2:1243744-1244797(+),default,,ATG,,,,"[0, 1053]",mORF,"[0.0, 0.0, 0.0]",,0.0,,
gene-STM1157::NC_003197.2:1244848-1245993(-),default,,ATG,,,,"[569, 1145]",mORF,"[0.0, 0.0, 0.0]",,0.0,,
gene-STM1160::NC_003197.2:1246409-1247528(-),default,,ATG,,,,"[0, 1119]",mORF,"[0.0, 0.0, 0.0]",,0.0,,
gene-STM1161::NC_003197.2:1247640-1247960(-),default,,ATG,,,,"[65, 320]",mORF,"[0.0, 0.0, 0.0]",,0.0,,
gene-STM1162::NC_003197.2:1248184-1248430(-),default,,ATG,,,,"[0, 246]",mORF,"[0.0, 0.0, 0.0]",,0.0,,
gene-STM1163::NC_003197.2:1248503-1249654(-),default,,ATG,,,,"[104, 1151]",mORF,"[0.0, 0.0, 0.0]",,0.0,,
gene-STM1164::NC_003197.2:1249654-1250339(-),default,,ATG,,,,"[124, 685]",mORF,"[0.0, 0.0, 0.0]",,0.0,,
gene-STM1165::NC_003197.2:1250339-1250987(-),default,,GTG,,,,"[0, 648]",mORF,"[0.0, 0.0, 0.0]",,0.0,,
gene-STM1166::NC_003197.2:1251050-1252259(-),default,,ATG,,,,"[0, 1209]",mORF,"[0.0, 0.0, 0.0]",,0.0,,
gene-STM1167::NC_003197.2:1252495-1253080(+),default,,ATG,,,,"[0, 585]",mORF,"[0.0, 0.0, 0.0]",,0.0,,
gene-STM1168::NC_003197.2:1253115-1253763(+),default,,ATG,,,,"[0, 648]",mORF,"[0.0, 0.0, 0.0]",,0.0,,
gene-STM1169::NC_003197.2:1253764-1254688(+),default,,GTG,,,,"[0, 924]",mORF,"[0.0, 0.0, 0.0]",,0.0,,
gene-STM1170::NC_003197.2:1254952-1256527(+),default,,ATG,,,,"[0, 1575]",mORF,"[0.0, 0.0, 0.0]",,0.0,,
gene-STM1171::NC_003197.2:1256608-1257031(-),default,,ATG,,,,"[0, 423]",mORF,"[0.0, 0.0, 0.0]",,0.0,,
gene-STM1172::NC_003197.2:1257035-1257329(-),default,,ATG,,,,"[0, 294]",mORF,"[0.0, 0.0, 0.0]",,0.0,,
gene-STM1173::NC_003197.2:1257420-1258080(-),default,,ATG,,,,"[0, 660]",mORF,"[0.0, 0.0, 0.0]",,0.0,,
gene-STM1174::NC_003197.2:1258236-1258653(+),default,,ATG,,,,"[0, 417]",mORF,"[0.0, 0.0, 0.0]",,0.0,,
gene-STM1175::NC_003197.2:1258656-1259061(+),default,,GTG,,,,"[0, 405]",mORF,"[0.0, 0.0, 0.0]",,0.0,,
gene-STM1176::NC_003197.2:1259072-1259771(+),default,,ATG,,,,"[0, 699]",mORF,"[0.0, 0.0, 0.0]",,0.0,,
gene-STM1177::NC_003197.2:1259797-1261009(+),default,,ATG,,,,"[0, 1212]",mORF,"[0.0, 0.0, 0.0]",,0.0,,
gene-STM1178::NC_003197.2:1261029-1261785(+),default,,ATG,,,,"[0, 756]",mORF,"[0.0, 0.0, 0.0]",,0.0,,
gene-STM1179::NC_003197.2:1261798-1262581(+),default,,ATG,,,,"[0, 783]",mORF,"[0.0, 0.0, 0.0]",,0.0,,
gene-STM1180::NC_003197.2:1262635-1263334(+),default,,ATG,,,,"[0, 699]",mORF,"[0.0, 0.0, 0.0]",,0.0,,
gene-STM1181::NC_003197.2:1263345-1265393(+),default,,GTG,,,,"[0, 1098]",mORF,"[0.0, 0.0, 0.0]",,0.0,,
gene-STM1183::NC_003197.2:1265457-1267119(+),default,,ATG,,,,"[0, 1662]",mORF,"[0.0, 0.0, 0.0]",,0.0,,
gene-STM1184::NC_003197.2:1267133-1268087(+),default,,ATG,,,,"[0, 954]",mORF,"[0.0, 0.0, 0.0]",,0.0,,
gene-STM1185::NC_003197.2:1268343-1271547(-),default,,ATG,,,,"[0, 3204]",mORF,"[0.0, 0.0, 0.0]",,0.0,,
gene-STM1189::NC_003197.2:1274480-1275065(-),default,,ATG,,,,"[0, 585]",mORF,"[0.0, 0.0, 0.0]",,0.0,,
gene-STM1190::NC_003197.2:1275262-1275784(+),default,,ATG,,,,"[0, 522]",mORF,"[0.0, 0.0, 0.0]",,0.0,,
gene-STM1191::NC_003197.2:1275835-1276009(+),default,,ATG,,,,"[0, 174]",mORF,"[0.0, 0.0, 0.0]",,0.0,,
gene-STM1192::NC_003197.2:1276142-1277222(+),default,,TTG,,,,"[0, 1080]",mORF,"[0.0, 0.0, 0.0]",,0.0,,
gene-STM1193::NC_003197.2:1277301-1278255(+),default,,ATG,,,,"[0, 954]",mORF,"[0.0, 0.0, 0.0]",,0.0,,
gene-STM1194::NC_003197.2:1278270-1279212(+),default,,ATG,,,,"[0, 930]",mORF,"[0.0, 0.0, 0.0]",,0.0,,
gene-STM1195::NC_003197.2:1279212-1279947(+),default,,ATG,,,,"[0, 735]",mORF,"[0.0, 0.0, 0.0]",,0.0,,
gene-STM1196::NC_003197.2:1280102-1280339(+),default,,ATG,,,,"[0, 237]",mORF,"[0.0, 0.0, 0.0]",,0.0,,
gene-STM1197::NC_003197.2:1280424-1281666(+),default,,GTG,,,,"[0, 1242]",mORF,"[0.0, 0.0, 0.0]",,0.0,,
gene-STM1198::NC_003197.2:1281789-1282599(+),default,,ATG,,,,"[0, 810]",mORF,"[0.0, 0.0, 0.0]",,0.0,,
gene-STM1199::NC_003197.2:1282601-1284251(+),default,,ATG,,,,"[0, 1023]",mORF,"[0.0, 0.0, 0.0]",,0.0,,
gene-STM1200::NC_003197.2:1283613-1285256(+),default,,ATG,,,,"[638, 1643]",mORF,"[0.0, 0.0, 0.0]",,0.0,,
gene-STM1202::NC_003197.2:1285266-1286358(+),default,,ATG,,,,"[0, 798]",mORF,"[0.0, 0.0, 0.0]",,0.0,,
gene-STM1203::NC_003197.2:1286358-1287792(+),default,,ATG,,,,"[0, 1434]",mORF,"[0.0, 0.0, 0.0]",,0.0,,
gene-STM1205::NC_003197.2:1290392-1290752(+),default,,GTG,,,,"[0, 360]",mORF,"[0.0, 0.0, 0.0]",,0.0,,
gene-STM1206::NC_003197.2:1290754-1291129(+),default,,ATG,,,,"[0, 375]",mORF,"[0.0, 0.0, 0.0]",,0.0,,
gene-STM1207::NC_003197.2:1291142-1292586(+),default,,ATG,,,,"[0, 639]",mORF,"[0.0, 0.0, 0.0]",,0.0,,
gene-STM1209::NC_003197.2:1292596-1293622(+),default,,GTG,,,,"[0, 1026]",mORF,"[0.0, 0.0, 0.0]",,0.0,,
gene-STM1210::NC_003197.2:1293646-1294189(+),default,,ATG,,,,"[0, 543]",mORF,"[0.0, 0.0, 0.0]",,0.0,,
gene-STM1211::NC_003197.2:1294443-1295748(+),default,,TTG,,,,"[0, 1305]",mORF,"[0.0, 0.0, 0.0]",,0.0,,
gene-STM1212::NC_003197.2:1295926-1296486(+),default,,GTG,,,,"[0, 540]",mORF,"[0.0, 0.0, 0.0]",,0.0,,
gene-STM1213::NC_003197.2:1296540-1297176(-),default,,ATG,,,,"[0, 636]",mORF,"[0.0, 0.0, 0.0]",,0.0,,
gene-STM1214::NC_003197.2:1297417-1297675(+),default,,ATG,,,,"[0, 258]",mORF,"[0.0, 0.0, 0.0]",,0.0,,
gene-STM1215::NC_003197.2:1297771-1298737(-),default,,ATG,,,,"[0, 966]",mORF,"[0.0, 0.0, 0.0]",,0.0,,
gene-STM1216::NC_003197.2:1298884-1302331(-),default,,ATG,,,,"[0, 3447]",mORF,"[0.0, 0.0, 0.0]",,0.0,,
gene-STM1218::NC_003197.2:1303860-1305806(+),default,,ATG,,,,"[0, 702]",mORF,"[0.0, 0.0, 0.0]",,0.0,,
gene-STM1220::NC_003197.2:1305834-1306746(+),default,,ATG,,,,"[0, 912]",mORF,"[0.0, 0.0, 0.0]",,0.0,,
gene-STM1221::NC_003197.2:1306764-1308714(+),default,,ATG,,,,"[0, 822]",mORF,"[0.0, 0.0, 0.0]",,0.0,,
gene-STM1222::NC_003197.2:1307667-1308714(-),default,,ATG,,,,"[0, 1047]",mORF,"[0.0, 0.0, 0.0]",,0.0,,
gene-STM1223::NC_003197.2:1308738-1309518(-),default,,ATG,,,,"[0, 780]",mORF,"[0.0, 0.0, 0.0]",,0.0,,
gene-STM1225::NC_003197.2:1311172-1313156(-),default,,ATG,,,,"[0, 1137]",mORF,"[0.0, 0.0, 0.0]",,0.0,,
gene-STM1227::NC_003197.2:1313406-1314636(+),default,,ATG,,,,"[0, 1230]",mORF,"[0.0, 0.0, 0.0]",,0.0,,
gene-STM1229::NC_003197.2:1316013-1317148(-),default,,ATG,,,,"[13, 1135]",mORF,"[0.0, 0.0, 0.0]",,0.0,,
gene-STM1230::NC_003197.2:1317215-1319353(-),default,,ATG,,,,"[674, 2138]",mORF,"[2.0, 0.0, 0.0]",,0.0,,
gene-STM1232::NC_003197.2:1319476-1320847(-),default,,ATG,,,,"[0, 1371]",mORF,"[0.0, 0.0, 0.0]",,0.0,,
gene-STM1233::NC_003197.2:1320850-1321498(-),default,,GTG,,,,"[0, 648]",mORF,"[0.0, 0.0, 0.0]",,0.0,,
gene-STM1234::NC_003197.2:1321578-1322730(-),default,,GTG,,,,"[0, 1152]",mORF,"[0.0, 0.0, 0.0]",,0.0,,
gene-STM1235::NC_003197.2:1322738-1323211(-),default,,ATG,,,,"[11, 473]",mORF,"[0.0, 0.0, 0.0]",,0.0,,
gene-STM1236::NC_003197.2:1323211-1324203(-),default,,ATG,,,,"[0, 666]",mORF,"[0.0, 0.0, 0.0]",,0.0,,
gene-STM1236::NC_003197.2:1323211-1324203(-),default,,ATG,,,,"[662, 992]",mORF,"[0.0, 0.0, 0.0]",,0.0,,
gene-STM1238::NC_003197.2:1324374-1325676(+),default,,ATG,,,,"[0, 1251]",mORF,"[0.0, 0.0, 0.0]",,0.0,,
gene-STM1239::NC_003197.2:1326072-1327197(+),default,,ATG,,,,"[0, 1125]",mORF,"[0.0, 0.0, 0.0]",,0.0,,
gene-STM1241::NC_003197.2:1329455-1329695(-),default,,ATG,,,,"[0, 240]",mORF,"[0.0, 0.0, 0.0]",,0.0,,
gene-STM1242::NC_003197.2:1329885-1330407(-),default,,ATG,,,,"[0, 522]",mORF,"[0.0, 0.0, 0.0]",,0.0,,
gene-STM1246::NC_003197.2:1332240-1332961(+),default,,ATG,,,,"[0, 558]",mORF,"[0.0, 0.0, 0.0]",,0.0,,
gene-STM1250::NC_003197.2:1335081-1335354(+),default,,TTG,,,,"[0, 273]",mORF,"[0.0, 0.0, 0.0]",,0.0,,
gene-STM1251::NC_003197.2:1335505-1335973(+),default,,ATG,,,,"[0, 468]",mORF,"[0.0, 0.0, 0.0]",,0.0,,
gene-STM1252::NC_003197.2:1336311-1337968(+),default,,ATG,,,,"[0, 1044]",mORF,"[0.0, 0.0, 0.0]",,0.0,,
gene-STM1254::NC_003197.2:1338116-1338431(-),default,,ATG,,,,"[0, 315]",mORF,"[0.0, 0.0, 0.0]",,0.0,,
gene-STM1255::NC_003197.2:1339112-1341710(+),default,,ATG,,,,"[0, 1635]",mORF,"[0.0, 0.0, 0.0]",,0.0,,
gene-STM1256::NC_003197.2:1340746-1342516(+),default,,ATG,,,,"[0, 975]",mORF,"[0.0, 0.0, 0.0]",,0.0,,
gene-STM1257::NC_003197.2:1341710-1343307(+),default,,ATG,,,,"[0, 813]",mORF,"[0.0, 0.0, 0.0]",,0.0,,
gene-STM1258::NC_003197.2:1342516-1343898(+),default,,ATG,,,,"[0, 798]",mORF,"[0.0, 0.0, 0.0]",,0.0,,
gene-STM1260::NC_003197.2:1343979-1345113(-),default,,ATG,,,,"[0, 1134]",mORF,"[0.0, 0.0, 0.0]",,0.0,,
gene-STM1261::NC_003197.2:1345306-1345633(+),default,,ATG,,,,"[0, 327]",mORF,"[0.0, 0.0, 0.0]",,0.0,,
gene-STM1263::NC_003197.2:1345829-1346477(+),default,,GTG,,,,"[0, 648]",mORF,"[0.0, 0.0, 0.0]",,0.0,,
gene-STM1264::NC_003197.2:1346585-1347374(+),default,,ATG,,,,"[0, 789]",mORF,"[0.0, 0.0, 0.0]",,0.0,,
gene-STM1266::NC_003197.2:1348180-1349029(+),default,,ATG,,,,"[0, 849]",mORF,"[0.0, 0.0, 0.0]",,0.0,,
gene-STM1267::NC_003197.2:1349283-1349532(-),default,,ATG,,,,"[0, 249]",mORF,"[0.0, 0.0, 0.0]",,0.0,,
gene-STM1269::NC_003197.2:1349842-1350388(+),default,,ATG,,,,"[0, 546]",mORF,"[0.0, 0.0, 0.0]",,0.0,,
gene-STM1270::NC_003197.2:1350584-1351223(+),default,,GTG,,,,"[0, 639]",mORF,"[0.0, 0.0, 0.0]",,0.0,,
gene-STM1271::NC_003197.2:1351395-1351758(+),default,,ATG,,,,"[0, 363]",mORF,"[0.0, 0.0, 0.0]",,0.0,,
gene-STM1272::NC_003197.2:1351760-1351943(+),default,,ATG,,,,"[0, 183]",mORF,"[0.0, 0.0, 0.0]",,0.0,,
gene-STM1278::NC_003197.2:1354892-1356077(-),default,,ATG,,,,"[0, 1185]",mORF,"[0.0, 0.0, 0.0]",,0.0,,
gene-STM1279::NC_003197.2:1356177-1357398(+),default,,ATG,,,,"[0, 795]",mORF,"[0.0, 0.0, 0.0]",,0.0,,
gene-STM1282::NC_003197.2:1357707-1358226(-),default,,ATG,,,,"[0, 519]",mORF,"[0.0, 0.0, 0.0]",,0.0,,
gene-STM1283::NC_003197.2:1358275-1359769(-),default,,ATG,,,,"[0, 1494]",mORF,"[0.0, 0.0, 0.0]",,0.0,,
gene-STM1284::NC_003197.2:1360409-1361803(-),default,,ATG,,,,"[107, 1394]",mORF,"[0.0, 0.0, 0.0]",,0.0,,
gene-STM1285::NC_003197.2:1361818-1363753(-),default,,ATG,,,,"[0, 1935]",mORF,"[0.0, 0.0, 0.0]",,0.0,,
gene-STM1286::NC_003197.2:1364179-1364926(+),default,,GTG,,,,"[0, 747]",mORF,"[0.0, 0.0, 0.0]",,0.0,,
gene-STM1288::NC_003197.2:1366508-1367366(+),default,,ATG,,,,"[0, 858]",mORF,"[0.0, 0.0, 0.0]",,0.0,,
gene-STM1289::NC_003197.2:1367464-1368349(-),default,,ATG,,,,"[0, 885]",mORF,"[0.0, 0.0, 0.0]",,0.0,,
gene-STM1290::NC_003197.2:1368683-1369679(-),default,,ATG,,,,"[0, 996]",mORF,"[0.0, 0.0, 0.0]",,0.0,,
gene-STM1291::NC_003197.2:1369990-1370434(+),default,,GTG,,,,"[0, 444]",mORF,"[0.0, 0.0, 0.0]",,0.0,,
gene-STM1292::NC_003197.2:1370475-1370754(+),default,,ATG,,,,"[0, 279]",mORF,"[0.0, 0.0, 0.0]",,0.0,,
gene-STM1293::NC_003197.2:1371105-1371762(-),default,,ATG,,,,"[0, 657]",mORF,"[0.0, 0.0, 0.0]",,0.0,,
gene-STM1294::NC_003197.2:1371788-1372805(-),default,,ATG,,,,"[0, 1017]",mORF,"[0.0, 0.0, 0.0]",,0.0,,
gene-STM1295::NC_003197.2:1372900-1374757(-),default,,ATG,,,,"[0, 1857]",mORF,"[0.0, 0.0, 0.0]",,0.0,,
gene-STM1296::NC_003197.2:1374930-1375482(+),default,,ATG,,,,"[0, 552]",mORF,"[0.0, 0.0, 0.0]",,0.0,,
gene-STM1297::NC_003197.2:1375599-1376643(+),default,,ATG,,,,"[0, 1044]",mORF,"[0.0, 0.0, 0.0]",,0.0,,
gene-STM1298::NC_003197.2:1376647-1378597(+),default,,ATG,,,,"[0, 1950]",mORF,"[0.0, 0.0, 0.0]",,0.0,,
gene-STM1299::NC_003197.2:1378626-1379970(-),default,,ATG,,,,"[0, 1344]",mORF,"[0.0, 0.0, 0.0]",,0.0,,
gene-STM1300::NC_003197.2:1380208-1380860(+),default,,ATG,,,,"[0, 276]",mORF,"[0.0, 0.0, 0.0]",,0.0,,
gene-STM1302::NC_003197.2:1380932-1381739(-),default,,ATG,,,,"[0, 807]",mORF,"[0.0, 0.0, 0.0]",,0.0,,
gene-STM1303::NC_003197.2:1382184-1384432(+),default,,ATG,,,,"[0, 1227]",mORF,"[0.0, 0.0, 0.0]",,0.0,,
gene-STM1305::NC_003197.2:1384432-1387243(+),default,,ATG,,,,"[0, 1479]",mORF,"[0.0, 0.0, 0.0]",,0.0,,
gene-STM1306::NC_003197.2:1385907-1388212(+),default,,ATG,,,,"[0, 1344]",mORF,"[0.0, 0.0, 0.0]",,0.0,,
gene-STM1308::NC_003197.2:1388547-1389033(+),default,,ATG,,,,"[0, 486]",mORF,"[0.0, 0.0, 0.0]",,0.0,,
gene-STM1310::NC_003197.2:1390109-1390937(-),default,,ATG,,,,"[0, 828]",mORF,"[0.0, 0.0, 0.0]",,0.0,,
gene-STM1311::NC_003197.2:1391155-1391497(+),default,,ATG,,,,"[0, 342]",mORF,"[0.0, 0.0, 0.0]",,0.0,,
gene-STM1312::NC_003197.2:1391797-1392185(+),default,,ATG,,,,"[0, 321]",mORF,"[0.0, 0.0, 0.0]",,0.0,,
gene-STM1313::NC_003197.2:1392200-1393559(+),default,,ATG,,,,"[0, 1359]",mORF,"[0.0, 0.0, 0.0]",,0.0,,
gene-STM1315::NC_003197.2:1393967-1394810(+),default,,ATG,,,,"[0, 843]",mORF,"[0.0, 0.0, 0.0]",,0.0,,
gene-STM1316::NC_003197.2:1394934-1396290(+),default,,ATG,,,,"[0, 1356]",mORF,"[0.0, 0.0, 0.0]",,0.0,,
gene-STM1317::NC_003197.2:1396302-1397061(+),default,,ATG,,,,"[0, 759]",mORF,"[0.0, 0.0, 0.0]",,0.0,,
gene-STM1318::NC_003197.2:1397104-1399390(-),default,,ATG,,,,"[33, 2286]",mORF,"[0.0, 0.0, 0.0]",,0.0,,
gene-STM1319::NC_003197.2:1399721-1399964(+),default,,ATG,,,,"[0, 243]",mORF,"[0.0, 0.0, 0.0]",,0.0,,
gene-STM1320::NC_003197.2:1400065-1401457(-),default,,ATG,,,,"[0, 1392]",mORF,"[0.0, 0.0, 0.0]",,0.0,,
gene-STM1322::NC_003197.2:1402330-1402999(-),default,,ATG,,,,"[0, 669]",mORF,"[0.0, 0.0, 0.0]",,0.0,,
gene-STM1323::NC_003197.2:1403147-1404587(+),default,,ATG,,,,"[0, 537]",mORF,"[0.0, 0.0, 0.0]",,0.0,,
gene-STM1324::NC_003197.2:1403726-1404587(-),default,,ATG,,,,"[0, 861]",mORF,"[0.0, 0.0, 0.0]",,0.0,,
gene-STM1325::NC_003197.2:1404693-1404984(-),default,,ATG,,,,"[0, 291]",mORF,"[0.0, 0.0, 0.0]",,0.0,,
gene-STM1326::NC_003197.2:1405080-1406013(-),default,,ATG,,,,"[0, 933]",mORF,"[0.0, 0.0, 0.0]",,0.0,,
gene-STM1327::NC_003197.2:1406301-1407060(+),default,,ATG,,,,"[0, 759]",mORF,"[0.0, 0.0, 0.0]",,0.0,,
gene-STM1328::NC_003197.2:1407108-1408068(-),default,,GTG,,,,"[0, 960]",mORF,"[0.0, 0.0, 0.0]",,0.0,,
gene-STM1332::NC_003197.2:1410077-1411301(-),default,,ATG,,,,"[0, 1224]",mORF,"[0.0, 0.0, 0.0]",,0.0,,
gene-STM1334::NC_003197.2:1414232-1414762(+),default,,GTG,,,,"[0, 435]",mORF,"[0.0, 0.0, 0.0]",,0.0,,
gene-STM1335::NC_003197.2:1414762-1415010(+),default,,ATG,,,,"[0, 198]",mORF,"[0.0, 0.0, 0.0]",,0.0,,
gene-STM1336::NC_003197.2:1415010-1415432(+),default,,ATG,,,,"[0, 357]",mORF,"[0.0, 0.0, 0.0]",,0.0,,
gene-STM1337::NC_003197.2:1415668-1416667(+),default,,ATG,,,,"[0, 984]",mORF,"[0.0, 0.0, 0.0]",,0.0,,
gene-STM1338::NC_003197.2:1416667-1419059(+),default,,ATG,,,,"[0, 2388]",mORF,"[0.0, 0.0, 0.0]",,0.0,,
gene-STM1339::NC_003197.2:1419059-1419359(+),default,,ATG,,,,"[0, 300]",mORF,"[0.0, 0.0, 0.0]",,0.0,,
gene-STM1340::NC_003197.2:1419561-1420542(+),default,,ATG,,,,"[0, 981]",mORF,"[0.0, 0.0, 0.0]",,0.0,,
gene-STM1341::NC_003197.2:1420633-1421934(+),default,,ATG,,,,"[0, 552]",mORF,"[0.0, 0.0, 0.0]",,0.0,,
gene-STM1341::NC_003197.2:1420633-1421934(+),default,,ATG,,,,"[551, 1301]",mORF,"[0.0, 0.0, 0.0]",,0.0,,
gene-STM1343::NC_003197.2:1422010-1422475(+),default,,ATG,,,,"[0, 465]",mORF,"[0.0, 0.0, 0.0]",,0.0,,
gene-STM1344::NC_003197.2:1422788-1423502(+),default,,ATG,,,,"[0, 714]",mORF,"[0.0, 0.0, 0.0]",,0.0,,
gene-STM1345::NC_003197.2:1423563-1425006(+),default,,ATG,,,,"[0, 1443]",mORF,"[0.0, 0.0, 0.0]",,0.0,,
gene-STM1347::NC_003197.2:1425388-1426435(-),default,,ATG,,,,"[0, 1047]",mORF,"[0.0, 0.0, 0.0]",,0.0,,
gene-STM1349::NC_003197.2:1427760-1431821(+),default,,ATG,,,,"[0, 2379]",mORF,"[0.0, 0.0, 0.0]",,0.0,,
gene-STM1355::NC_003197.2:1435727-1436618(+),default,,ATG,,,,"[0, 891]",mORF,"[0.0, 0.0, 0.0]",,0.0,,
gene-STM1356::NC_003197.2:1436693-1437858(-),default,,ATG,,,,"[13, 1165]",mORF,"[0.0, 0.0, 0.0]",,0.0,,
gene-STM1358::NC_003197.2:1439607-1440366(-),default,,ATG,,,,"[0, 759]",mORF,"[0.0, 0.0, 0.0]",,0.0,,
gene-STM1364::NC_003197.2:1445111-1446230(-),default,,ATG,,,,"[0, 1119]",mORF,"[0.0, 0.0, 0.0]",,0.0,,
gene-STM1365::NC_003197.2:1446494-1449958(+),default,,ATG,,,,"[0, 3057]",mORF,"[0.0, 0.0, 0.0]",,0.0,,
gene-STM1367::NC_003197.2:1450017-1450245(+),default,,GTG,,,,"[0, 228]",mORF,"[0.0, 0.0, 0.0]",,0.0,,
gene-STM1370::NC_003197.2:1452682-1454170(+),default,,ATG,,,,"[0, 1488]",mORF,"[0.0, 0.0, 0.0]",,0.0,,
gene-STM1371::NC_003197.2:1454186-1456175(+),default,,ATG,,,,"[0, 747]",mORF,"[0.0, 0.0, 0.0]",,0.0,,
gene-STM1372::NC_003197.2:1454907-1457396(+),default,,ATG,,,,"[0, 1272]",mORF,"[0.0, 0.0, 0.0]",,0.0,,
gene-STM1375::NC_003197.2:1457979-1458981(+),default,,ATG,,,,"[0, 1002]",mORF,"[0.0, 0.0, 0.0]",,0.0,,
gene-STM1376::NC_003197.2:1459047-1459287(-),default,,ATG,,,,"[0, 240]",mORF,"[0.0, 0.0, 0.0]",,0.0,,
gene-STM1377::NC_003197.2:1459369-1459634(-),default,,ATG,,,,"[28, 265]",mORF,"[250.0, 56.0, 1.0]",,0.0,,
gene-STM1378::NC_003197.2:1459916-1461329(-),default,,ATG,,,,"[0, 1413]",mORF,"[0.0, 0.0, 0.0]",,0.0,,
gene-STM1379::NC_003197.2:1461730-1463074(-),default,,ATG,,,,"[0, 1344]",mORF,"[0.0, 0.0, 0.0]",,0.0,,
gene-STM1380::NC_003197.2:1463095-1463989(-),default,,ATG,,,,"[0, 894]",mORF,"[0.0, 0.0, 0.0]",,0.0,,
gene-STM1381::NC_003197.2:1464047-1464785(-),default,,ATG,,,,"[0, 738]",mORF,"[0.0, 0.0, 0.0]",,0.0,,
gene-STM1382::NC_003197.2:1464796-1466023(-),default,,ATG,,,,"[0, 1227]",mORF,"[0.0, 0.0, 0.0]",,0.0,,
gene-STM1386::NC_003197.2:1471339-1473713(+),default,,ATG,,,,"[1753, 2374]",mORF,"[0.0, 0.0, 0.0]",,0.0,,
gene-STM1386::NC_003197.2:1471339-1473713(+),default,,GTG,,,,"[0, 1779]",mORF,"[0.0, 0.0, 0.0]",,0.0,,
gene-STM1389::NC_003197.2:1474118-1475078(-),default,,ATG,,,,"[0, 960]",mORF,"[0.0, 0.0, 0.0]",,0.0,,
gene-STM1390::NC_003197.2:1475250-1475979(-),default,,ATG,,,,"[0, 729]",mORF,"[0.0, 0.0, 0.0]",,0.0,,
gene-STM1392::NC_003197.2:1476826-1479589(-),default,,ATG,,,,"[0, 2763]",mORF,"[0.0, 0.0, 0.0]",,0.0,,
gene-STM1413::NC_003197.2:1493293-1495681(+),default,,ATG,,,,"[0, 369]",mORF,"[0.0, 0.0, 0.0]",,0.0,,
gene-STM1425::NC_003197.2:1501952-1503326(-),default,,GTG,,,,"[0, 1374]",mORF,"[0.0, 0.0, 0.0]",,0.0,,
gene-STM1426::NC_003197.2:1503542-1504184(+),default,,ATG,,,,"[0, 642]",mORF,"[0.0, 0.0, 0.0]",,0.0,,
gene-STM1427::NC_003197.2:1504225-1505374(-),default,,ATG,,,,"[0, 1149]",mORF,"[0.0, 0.0, 0.0]",,0.0,,
gene-STM1428::NC_003197.2:1505663-1506869(-),default,,ATG,,,,"[0, 1206]",mORF,"[0.0, 0.0, 0.0]",,0.0,,
gene-STM1429::NC_003197.2:1506981-1509076(+),default,,ATG,,,,"[0, 933]",mORF,"[0.0, 0.0, 0.0]",,0.0,,
gene-STM1430::NC_003197.2:1507910-1508936(-),default,,ATG,,,,"[0, 1026]",mORF,"[0.0, 0.0, 0.0]",,0.0,,
gene-STM1431::NC_003197.2:1509403-1509985(-),default,,ATG,,,,"[0, 582]",mORF,"[0.0, 0.0, 0.0]",,0.0,,
gene-STM1432::NC_003197.2:1510111-1510966(-),default,,ATG,,,,"[0, 855]",mORF,"[0.0, 0.0, 0.0]",,0.0,,
gene-STM1433::NC_003197.2:1511267-1511615(+),default,,ATG,,,,"[0, 348]",mORF,"[0.0, 0.0, 0.0]",,0.0,,
gene-STM1435::NC_003197.2:1512440-1512848(-),default,,ATG,,,,"[0, 408]",mORF,"[0.0, 0.0, 0.0]",,0.0,,
gene-STM1436::NC_003197.2:1512916-1514014(-),default,,ATG,,,,"[0, 1098]",mORF,"[0.0, 0.0, 0.0]",,0.0,,
gene-STM1437::NC_003197.2:1514072-1514672(-),default,,ATG,,,,"[0, 600]",mORF,"[0.0, 0.0, 0.0]",,0.0,,
gene-STM1439::NC_003197.2:1515064-1515961(+),default,,ATG,,,,"[0, 897]",mORF,"[0.0, 0.0, 0.0]",,0.0,,
gene-STM1440::NC_003197.2:1516040-1519676(+),default,,ATG,,,,"[0, 522]",mORF,"[0.0, 0.0, 0.0]",,0.0,,
gene-STM1441::NC_003197.2:1516537-1519439(-),default,,ATG,,,,"[862, 2902]",mORF,"[0.0, 0.0, 0.0]",,0.0,,
gene-STM1446::NC_003197.2:1521097-1522219(+),default,,ATG,,,,"[0, 1122]",mORF,"[0.0, 0.0, 0.0]",,0.0,,
gene-STM1448::NC_003197.2:1522694-1523351(+),default,,ATG,,,,"[0, 657]",mORF,"[0.0, 0.0, 0.0]",,0.0,,
gene-STM1449::NC_003197.2:1523477-1524752(+),default,,ATG,,,,"[0, 1275]",mORF,"[0.0, 0.0, 0.0]",,0.0,,
gene-STM1451::NC_003197.2:1525730-1526336(-),default,,ATG,,,,"[0, 606]",mORF,"[0.0, 0.0, 0.0]",,0.0,,
gene-STM1452::NC_003197.2:1526440-1527946(-),default,,GTG,,,,"[0, 1506]",mORF,"[0.0, 0.0, 0.0]",,0.0,,
gene-STM1453::NC_003197.2:1528547-1529875(-),default,,ATG,,,,"[0, 693]",mORF,"[0.0, 0.0, 0.0]",,0.0,,
gene-STM1453::NC_003197.2:1528547-1529875(-),default,,ATG,,,,"[692, 1328]",mORF,"[0.0, 0.0, 0.0]",,0.0,,
gene-STM1455::NC_003197.2:1529877-1530498(-),default,,ATG,,,,"[0, 621]",mORF,"[0.0, 0.0, 0.0]",,0.0,,
gene-STM1456::NC_003197.2:1530501-1531560(-),default,,ATG,,,,"[0, 1059]",mORF,"[0.0, 0.0, 0.0]",,0.0,,
gene-STM1457::NC_003197.2:1531560-1534338(-),default,,ATG,,,,"[570, 2778]",mORF,"[0.0, 0.0, 0.0]",,0.0,,
gene-STM1458::NC_003197.2:1533760-1534973(-),default,,ATG,,,,"[634, 1213]",mORF,"[0.0, 0.0, 0.0]",,0.0,,
gene-STM1460::NC_003197.2:1534996-1535437(-),default,,ATG,,,,"[0, 441]",mORF,"[0.0, 0.0, 0.0]",,0.0,,
gene-STM1461::NC_003197.2:1535525-1535781(-),default,,ATG,,,,"[40, 256]",mORF,"[0.0, 0.0, 1.0]",,0.0,,
gene-STM1462::NC_003197.2:1536296-1537412(+),default,,TTG,,,,"[0, 1116]",mORF,"[0.0, 0.0, 0.0]",,0.0,,
gene-STM1463::NC_003197.2:1537486-1538488(-),default,,ATG,,,,"[0, 1002]",mORF,"[0.0, 0.0, 0.0]",,0.0,,
gene-STM1466::NC_003197.2:1539191-1540745(-),default,,ATG,,,,"[45, 1554]",mORF,"[0.0, 1.0, 1.0]",,0.0,,
gene-STM1467::NC_003197.2:1540802-1541978(-),default,,ATG,,,,"[0, 1176]",mORF,"[0.0, 0.0, 0.0]",,0.0,,
gene-STM1469::NC_003197.2:1543991-1546321(+),default,,ATG,,,,"[0, 1404]",mORF,"[0.0, 0.0, 0.0]",,0.0,,
gene-STM1471::NC_003197.2:1546396-1547698(-),default,,ATG,,,,"[0, 1302]",mORF,"[0.0, 0.0, 0.0]",,0.0,,
gene-STM1473::NC_003197.2:1549667-1550802(-),default,,ATG,,,,"[1, 1135]",mORF,"[0.0, 0.0, 0.0]",,0.0,,
gene-STM1475::NC_003197.2:1551280-1552026(-),default,,ATG,,,,"[14, 746]",mORF,"[0.0, 1.0, 0.0]",,0.0,,
gene-STM1477::NC_003197.2:1552535-1553918(-),default,,ATG,,,,"[0, 1383]",mORF,"[0.0, 0.0, 0.0]",,0.0,,
gene-STM1478::NC_003197.2:1554216-1555161(-),default,,ATG,,,,"[0, 945]",mORF,"[0.0, 0.0, 0.0]",,0.0,,
gene-STM1479::NC_003197.2:1555687-1557217(+),default,,ATG,,,,"[0, 1530]",mORF,"[0.0, 0.0, 0.0]",,0.0,,
gene-STM1480::NC_003197.2:1557227-1558616(+),default,,ATG,,,,"[0, 1389]",mORF,"[0.0, 0.0, 0.0]",,0.0,,
gene-STM1481::NC_003197.2:1558790-1559825(-),default,,ATG,,,,"[0, 1035]",mORF,"[0.0, 0.0, 0.0]",,0.0,,
gene-STM1482::NC_003197.2:1560242-1560921(+),default,,ATG,,,,"[0, 363]",mORF,"[0.0, 0.0, 0.0]",,0.0,,
gene-STM1484::NC_003197.2:1560960-1561828(-),default,,ATG,,,,"[46, 868]",mORF,"[0.0, 0.0, 0.0]",,0.0,,
gene-STM1485::NC_003197.2:1562050-1562335(-),default,,GTG,,,,"[0, 285]",mORF,"[0.0, 0.0, 0.0]",,0.0,,
gene-STM1486::NC_003197.2:1562693-1563947(-),default,,GTG,,,,"[0, 1254]",mORF,"[0.0, 0.0, 0.0]",,0.0,,
gene-STM1487::NC_003197.2:1564066-1564966(+),default,,ATG,,,,"[0, 900]",mORF,"[0.0, 0.0, 0.0]",,0.0,,
gene-STM1488::NC_003197.2:1565093-1566314(+),default,,GTG,,,,"[0, 1221]",mORF,"[0.0, 0.0, 0.0]",,0.0,,
gene-STM1489::NC_003197.2:1566439-1568380(+),default,,ATG,,,,"[0, 696]",mORF,"[0.0, 0.0, 0.0]",,0.0,,
gene-STM1491::NC_003197.2:1568515-1570311(-),default,,ATG,,,,"[647, 1796]",mORF,"[0.0, 0.0, 0.0]",,0.0,,
gene-STM1493::NC_003197.2:1570320-1571223(-),default,,ATG,,,,"[0, 903]",mORF,"[0.0, 0.0, 0.0]",,0.0,,
gene-STM1495::NC_003197.2:1572266-1572881(-),default,,ATG,,,,"[0, 615]",mORF,"[0.0, 0.0, 0.0]",,0.0,,
gene-STM1498::NC_003197.2:1574410-1576846(-),default,,ATG,,,,"[0, 2436]",mORF,"[0.0, 0.0, 0.0]",,0.0,,
gene-STM1499::NC_003197.2:1576944-1579386(-),default,,GTG,,,,"[0, 2442]",mORF,"[0.0, 0.0, 0.0]",,0.0,,
gene-STM1500::NC_003197.2:1579539-1579848(-),default,,ATG,,,,"[0, 309]",mORF,"[0.0, 0.0, 0.0]",,0.0,,
gene-STM1502::NC_003197.2:1580702-1581263(-),default,,ATG,,,,"[0, 561]",mORF,"[0.0, 0.0, 0.0]",,0.0,,
gene-STM1503::NC_003197.2:1581298-1581640(-),default,,ATG,,,,"[0, 342]",mORF,"[0.0, 0.0, 0.0]",,0.0,,
gene-STM1505::NC_003197.2:1582240-1583455(+),default,,ATG,,,,"[0, 1215]",mORF,"[0.0, 0.0, 0.0]",,0.0,,
gene-STM1507::NC_003197.2:1584538-1586061(+),default,,ATG,,,,"[0, 978]",mORF,"[0.0, 0.0, 0.0]",,0.0,,
gene-STM1508::NC_003197.2:1586061-1587528(+),default,,ATG,,,,"[0, 1467]",mORF,"[0.0, 0.0, 0.0]",,0.0,,
gene-STM1509::NC_003197.2:1587594-1587798(-),default,,ATG,,,,"[0, 204]",mORF,"[0.0, 0.0, 0.0]",,0.0,,
gene-STM1510::NC_003197.2:1587978-1588665(-),default,,ATG,,,,"[0, 687]",mORF,"[0.0, 0.0, 0.0]",,0.0,,
gene-STM1511::NC_003197.2:1588794-1589558(-),default,,ATG,,,,"[17, 764]",mORF,"[0.0, 0.0, 0.0]",,0.0,,
gene-STM1512::NC_003197.2:1589679-1591722(+),default,,ATG,,,,"[0, 2043]",mORF,"[0.0, 0.0, 0.0]",,0.0,,
gene-STM1516::NC_003197.2:1594406-1595594(-),default,,ATG,,,,"[0, 1188]",mORF,"[0.0, 0.0, 0.0]",,0.0,,
gene-STM1519::NC_003197.2:1597086-1597924(-),default,,TTG,,,,"[0, 435]",mORF,"[0.0, 0.0, 0.0]",,0.0,,
gene-STM1521::NC_003197.2:1598182-1598893(+),default,,ATG,,,,"[0, 666]",mORF,"[0.0, 0.0, 0.0]",,0.0,,
gene-STM1522::NC_003197.2:1598894-1600085(-),default,,ATG,,,,"[0, 1191]",mORF,"[0.0, 0.0, 0.0]",,0.0,,
gene-STM1524::NC_003197.2:1601175-1602564(+),default,,ATG,,,,"[0, 1389]",mORF,"[0.0, 0.0, 0.0]",,0.0,,
gene-STM1527::NC_003197.2:1604145-1605093(+),default,,ATG,,,,"[0, 948]",mORF,"[0.0, 0.0, 0.0]",,0.0,,
gene-STM1528::NC_003197.2:1605148-1605866(-),default,,ATG,,,,"[175, 718]",mORF,"[0.0, 0.0, 0.0]",,0.0,,
gene-STM1530::NC_003197.2:1606407-1607526(+),default,,ATG,,,,"[0, 1119]",mORF,"[0.0, 0.0, 0.0]",,0.0,,
gene-STM1531::NC_003197.2:1607666-1608008(-),default,,ATG,,,,"[0, 342]",mORF,"[0.0, 0.0, 0.0]",,0.0,,
gene-STM1532::NC_003197.2:1608020-1609957(-),default,,GTG,,,,"[1049, 1937]",mORF,"[0.0, 0.0, 0.0]",,0.0,,
gene-STM1534::NC_003197.2:1609974-1610680(-),default,,ATG,,,,"[295, 706]",mORF,"[0.0, 0.0, 0.0]",,0.0,,
gene-STM1535::NC_003197.2:1610381-1611289(-),default,,ATG,,,,"[0, 609]",mORF,"[0.0, 0.0, 0.0]",,0.0,,
gene-STM1535::NC_003197.2:1610381-1611289(-),default,,ATG,,,,"[608, 908]",mORF,"[0.0, 0.0, 0.0]",,0.0,,
gene-STM1537::NC_003197.2:1611294-1613791(-),default,,ATG,,,,"[0, 1803]",mORF,"[0.0, 0.0, 0.0]",,0.0,,
gene-STM1537::NC_003197.2:1611294-1613791(-),default,,ATG,,,,"[1753, 2497]",mORF,"[0.0, 0.0, 0.0]",,0.0,,
gene-STM1539::NC_003197.2:1613793-1614897(-),default,,ATG,,,,"[0, 1104]",mORF,"[0.0, 0.0, 0.0]",,0.0,,
gene-STM1540::NC_003197.2:1615325-1616417(+),default,,ATG,,,,"[0, 1092]",mORF,"[0.0, 0.0, 0.0]",,0.0,,
gene-STM1541::NC_003197.2:1616462-1617254(+),default,,ATG,,,,"[0, 792]",mORF,"[0.0, 0.0, 0.0]",,0.0,,
gene-STM1542::NC_003197.2:1617312-1619599(-),default,,ATG,,,,"[1261, 2287]",mORF,"[0.0, 0.0, 0.0]",,0.0,,
gene-STM1547::NC_003197.2:1624185-1624674(+),default,,ATG,,,,"[0, 489]",mORF,"[0.0, 0.0, 0.0]",,0.0,,
gene-STM1548::NC_003197.2:1624905-1625946(+),default,,ATG,,,,"[0, 1041]",mORF,"[0.0, 0.0, 0.0]",,0.0,,
gene-STM1550::NC_003197.2:1626557-1627080(-),default,,ATG,,,,"[0, 249]",mORF,"[0.0, 0.0, 0.0]",,0.0,,
gene-STM1550::NC_003197.2:1626557-1627080(-),default,,ATG,,,,"[238, 523]",mORF,"[0.0, 0.0, 0.0]",,0.0,,
gene-STM1552::NC_003197.2:1627911-1628820(+),default,,GTG,,,,"[0, 909]",mORF,"[0.0, 0.0, 0.0]",,0.0,,
gene-STM1554::NC_003197.2:1630397-1631864(-),default,,ATG,,,,"[0, 1467]",mORF,"[0.0, 0.0, 0.0]",,0.0,,
gene-STM1555::NC_003197.2:1632122-1633130(+),default,,ATG,,,,"[0, 1008]",mORF,"[0.0, 0.0, 0.0]",,0.0,,
gene-STM1557::NC_003197.2:1634737-1635940(+),default,,ATG,,,,"[0, 1203]",mORF,"[0.0, 0.0, 0.0]",,0.0,,
gene-STM1558::NC_003197.2:1636052-1638128(-),default,,ATG,,,,"[0, 2076]",mORF,"[0.0, 0.0, 0.0]",,0.0,,
gene-STM1559::NC_003197.2:1638184-1642494(-),default,,ATG,,,,"[0, 1785]",mORF,"[0.0, 0.0, 0.0]",,0.0,,
gene-STM1562::NC_003197.2:1643550-1643880(-),default,,ATG,,,,"[0, 330]",mORF,"[0.0, 0.0, 0.0]",,0.0,,
gene-STM1564::NC_003197.2:1645173-1645389(+),default,,ATG,,,,"[0, 216]",mORF,"[0.0, 0.0, 0.0]",,0.0,,
gene-STM1565::NC_003197.2:1645483-1645627(+),default,,ATG,,,,"[0, 144]",mORF,"[0.0, 0.0, 0.0]",,0.0,,
gene-STM1566::NC_003197.2:1645803-1647581(+),default,,ATG,,,,"[0, 1698]",mORF,"[0.0, 0.0, 0.0]",,0.0,,
gene-STM1567::NC_003197.2:1647786-1648797(+),default,,ATG,,,,"[0, 1011]",mORF,"[0.0, 0.0, 0.0]",,0.0,,
gene-STM1568::NC_003197.2:1648887-1650421(-),default,,ATG,,,,"[877, 1534]",mORF,"[0.0, 0.0, 0.0]",,0.0,,
gene-STM1571::NC_003197.2:1653816-1654661(+),default,,ATG,,,,"[0, 825]",mORF,"[0.0, 0.0, 0.0]",,0.0,,
gene-STM1572::NC_003197.2:1655165-1656300(+),default,,ATG,,,,"[0, 1089]",mORF,"[0.0, 0.0, 0.0]",,0.0,,
gene-STM1574::NC_003197.2:1656802-1658290(-),default,,ATG,,,,"[0, 1488]",mORF,"[0.0, 0.0, 0.0]",,0.0,,
gene-STM1577::NC_003197.2:1660680-1665961(+),default,,ATG,,,,"[0, 3741]",mORF,"[0.0, 0.0, 0.0]",,0.0,,
gene-STM1581::NC_003197.2:1667439-1669214(+),default,,ATG,,,,"[0, 894]",mORF,"[0.0, 0.0, 0.0]",,0.0,,
gene-STM1582::NC_003197.2:1668368-1669214(-),default,,ATG,,,,"[0, 846]",mORF,"[0.0, 0.0, 0.0]",,0.0,,
gene-STM1586::NC_003197.2:1672578-1673640(-),default,,ATG,,,,"[0, 1062]",mORF,"[0.0, 0.0, 0.0]",,0.0,,
gene-STM1587::NC_003197.2:1673903-1676024(+),default,,ATG,,,,"[0, 2121]",mORF,"[0.0, 0.0, 0.0]",,0.0,,
gene-STM1589::NC_003197.2:1677089-1678160(-),default,,TTG,,,,"[0, 1071]",mORF,"[0.0, 0.0, 0.0]",,0.0,,
gene-STM1593::NC_003197.2:1679764-1681084(+),default,,GTG,,,,"[0, 1320]",mORF,"[0.0, 0.0, 0.0]",,0.0,,
gene-STM1594::NC_003197.2:1681088-1686211(+),default,,ATG,,,,"[0, 2982]",mORF,"[0.0, 0.0, 0.0]",,0.0,,
gene-STM1597::NC_003197.2:1686827-1688387(-),default,,ATG,,,,"[114, 1560]",mORF,"[0.0, 0.0, 0.0]",,0.0,,
gene-STM1599::NC_003197.2:1689947-1690718(-),default,,ATG,,,,"[0, 771]",mORF,"[0.0, 0.0, 0.0]",,0.0,,
gene-STM1601::NC_003197.2:1691239-1691638(-),default,,ATG,,,,"[0, 399]",mORF,"[0.0, 0.0, 0.0]",,0.0,,
gene-STM1604::NC_003197.2:1693629-1695594(-),default,,ATG,,,,"[0, 1965]",mORF,"[0.0, 0.0, 0.0]",,0.0,,
gene-STM1605::NC_003197.2:1695672-1696209(-),default,,ATG,,,,"[0, 537]",mORF,"[0.0, 0.0, 0.0]",,0.0,,
gene-STM1606::NC_003197.2:1696299-1697478(+),default,,ATG,,,,"[0, 1179]",mORF,"[0.0, 0.0, 0.0]",,0.0,,
gene-STM1607::NC_003197.2:1697531-1698209(-),default,,ATG,,,,"[9, 678]",mORF,"[3.0, 0.0, 0.0]",,0.0,,
gene-STM1608::NC_003197.2:1698355-1699952(-),default,,ATG,,,,"[0, 1014]",mORF,"[0.0, 0.0, 0.0]",,0.0,,
gene-STM1608::NC_003197.2:1698355-1699952(-),default,,ATG,,,,"[1000, 1597]",mORF,"[0.0, 0.0, 0.0]",,0.0,,
gene-STM1610::NC_003197.2:1700058-1701575(+),default,,ATG,,,,"[0, 981]",mORF,"[0.0, 0.0, 0.0]",,0.0,,
gene-STM1611::NC_003197.2:1701035-1701575(-),default,,ATG,,,,"[0, 540]",mORF,"[0.0, 0.0, 0.0]",,0.0,,
gene-STM1618::NC_003197.2:1706560-1707789(+),default,,ATG,,,,"[0, 792]",mORF,"[0.0, 0.0, 0.0]",,0.0,,
gene-STM1622::NC_003197.2:1709820-1711476(-),default,,ATG,,,,"[0, 1656]",mORF,"[0.0, 0.0, 0.0]",,0.0,,
gene-STM1623::NC_003197.2:1711695-1713204(-),default,,ATG,,,,"[0, 1509]",mORF,"[0.0, 0.0, 0.0]",,0.0,,
gene-STM1624::NC_003197.2:1713252-1714596(-),default,,ATG,,,,"[0, 1344]",mORF,"[0.0, 0.0, 0.0]",,0.0,,
gene-STM1625::NC_003197.2:1714888-1715812(+),default,,ATG,,,,"[0, 924]",mORF,"[0.0, 0.0, 0.0]",,0.0,,
gene-STM1626::NC_003197.2:1715872-1717498(-),default,,ATG,,,,"[0, 1626]",mORF,"[0.0, 0.0, 0.0]",,0.0,,
gene-STM1627::NC_003197.2:1717666-1718785(-),default,,ATG,,,,"[0, 1119]",mORF,"[0.0, 0.0, 0.0]",,0.0,,
gene-STM1629::NC_003197.2:1719614-1720016(+),default,,ATG,,,,"[0, 402]",mORF,"[0.0, 0.0, 0.0]",,0.0,,
gene-STM1633::NC_003197.2:1723884-1724646(+),default,,ATG,,,,"[0, 762]",mORF,"[0.0, 0.0, 0.0]",,0.0,,
gene-STM1635::NC_003197.2:1725324-1726759(+),default,,ATG,,,,"[0, 732]",mORF,"[0.0, 0.0, 0.0]",,0.0,,
gene-STM1637::NC_003197.2:1726869-1728420(+),default,,ATG,,,,"[0, 1551]",mORF,"[0.0, 0.0, 0.0]",,0.0,,
gene-STM1638::NC_003197.2:1729108-1729546(+),default,,ATG,,,,"[0, 438]",mORF,"[0.0, 0.0, 0.0]",,0.0,,
gene-STM1641::NC_003197.2:1731327-1735230(-),default,,ATG,,,,"[0, 3903]",mORF,"[0.0, 0.0, 0.0]",,0.0,,
gene-STM1642::NC_003197.2:1735430-1736482(+),default,,ATG,,,,"[0, 606]",mORF,"[0.0, 0.0, 0.0]",,0.0,,
gene-STM1643::NC_003197.2:1736032-1736482(-),default,,ATG,,,,"[0, 450]",mORF,"[0.0, 0.0, 0.0]",,0.0,,
gene-STM1645::NC_003197.2:1736955-1739783(-),default,,ATG,,,,"[0, 2637]",mORF,"[0.0, 0.0, 0.0]",,0.0,,
gene-STM1645::NC_003197.2:1736955-1739783(-),default,,ATG,,,,"[2636, 2828]",mORF,"[0.0, 0.0, 0.0]",,0.0,,
gene-STM1647::NC_003197.2:1740022-1741012(+),default,,ATG,,,,"[0, 990]",mORF,"[0.0, 0.0, 0.0]",,0.0,,
gene-STM1651::NC_003197.2:1742118-1745643(+),default,,ATG,,,,"[0, 3525]",mORF,"[0.0, 0.0, 0.0]",,0.0,,
gene-STM1652::NC_003197.2:1746124-1746559(+),default,,ATG,,,,"[0, 435]",mORF,"[0.0, 0.0, 0.0]",,0.0,,
gene-STM1653::NC_003197.2:1746608-1746947(-),default,,ATG,,,,"[0, 339]",mORF,"[0.0, 0.0, 0.0]",,0.0,,
gene-STM1654::NC_003197.2:1747302-1748238(+),default,,ATG,,,,"[0, 936]",mORF,"[0.0, 0.0, 0.0]",,0.0,,
gene-STM1656::NC_003197.2:1750141-1751125(-),default,,GTG,,,,"[0, 984]",mORF,"[0.0, 0.0, 0.0]",,0.0,,
gene-STM1657::NC_003197.2:1751270-1752425(-),default,,ATG,,,,"[0, 1155]",mORF,"[0.0, 0.0, 0.0]",,0.0,,
gene-STM1658::NC_003197.2:1752835-1753399(-),default,,ATG,,,,"[0, 564]",mORF,"[0.0, 0.0, 0.0]",,0.0,,
gene-STM1659::NC_003197.2:1753656-1754172(+),default,,ATG,,,,"[0, 516]",mORF,"[0.0, 0.0, 0.0]",,0.0,,
gene-STM1660::NC_003197.2:1754325-1755120(+),default,,ATG,,,,"[0, 795]",mORF,"[0.0, 0.0, 0.0]",,0.0,,
gene-STM1661::NC_003197.2:1755270-1756259(+),default,,ATG,,,,"[0, 948]",mORF,"[0.0, 0.0, 0.0]",,0.0,,
gene-STM1662::NC_003197.2:1756272-1756527(-),default,,ATG,,,,"[0, 255]",mORF,"[0.0, 0.0, 0.0]",,0.0,,
gene-STM1663::NC_003197.2:1756765-1757797(+),default,,ATG,,,,"[0, 1032]",mORF,"[0.0, 0.0, 0.0]",,0.0,,
gene-STM1664::NC_003197.2:1757882-1758485(-),default,,ATG,,,,"[0, 603]",mORF,"[0.0, 0.0, 0.0]",,0.0,,
gene-STM1665::NC_003197.2:1758528-1759215(+),default,,ATG,,,,"[0, 687]",mORF,"[0.0, 0.0, 0.0]",,0.0,,
gene-STM1672::NC_003197.2:1765637-1766747(+),default,,ATG,,,,"[0, 1110]",mORF,"[0.0, 0.0, 0.0]",,0.0,,
gene-STM1673::NC_003197.2:1766960-1767215(-),default,,GTG,,,,"[0, 255]",mORF,"[0.0, 0.0, 0.0]",,0.0,,
gene-STM1674::NC_003197.2:1767325-1767916(-),default,,ATG,,,,"[0, 591]",mORF,"[0.0, 0.0, 0.0]",,0.0,,
gene-STM1675::NC_003197.2:1767993-1768707(+),default,,ATG,,,,"[0, 714]",mORF,"[0.0, 0.0, 0.0]",,0.0,,
gene-STM1676::NC_003197.2:1768797-1769667(-),default,,GTG,,,,"[0, 870]",mORF,"[0.0, 0.0, 0.0]",,0.0,,
gene-STM1677::NC_003197.2:1769940-1770846(-),default,,ATG,,,,"[0, 906]",mORF,"[0.0, 0.0, 0.0]",,0.0,,
gene-STM1678::NC_003197.2:1770964-1773604(+),default,,ATG,,,,"[0, 930]",mORF,"[0.0, 0.0, 0.0]",,0.0,,
gene-STM1679::NC_003197.2:1771990-1773604(-),default,,ATG,,,,"[0, 1614]",mORF,"[0.0, 0.0, 0.0]",,0.0,,
gene-STM1680::NC_003197.2:1773793-1775462(+),default,,ATG,,,,"[0, 729]",mORF,"[0.0, 0.0, 0.0]",,0.0,,
gene-STM1681::NC_003197.2:1774496-1775462(-),default,,ATG,,,,"[0, 966]",mORF,"[0.0, 0.0, 0.0]",,0.0,,
gene-STM1682::NC_003197.2:1775577-1777715(+),default,,ATG,,,,"[0, 507]",mORF,"[0.0, 0.0, 0.0]",,0.0,,
gene-STM1683::NC_003197.2:1776173-1777715(-),default,,ATG,,,,"[0, 1542]",mORF,"[0.0, 0.0, 0.0]",,0.0,,
gene-STM1684::NC_003197.2:1777862-1780324(-),default,,ATG,,,,"[1400, 2462]",mORF,"[0.0, 0.0, 0.0]",,0.0,,
gene-STM1686::NC_003197.2:1780466-1780781(-),default,,ATG,,,,"[0, 315]",mORF,"[0.0, 0.0, 0.0]",,0.0,,
gene-STM1688::NC_003197.2:1781097-1781681(-),default,,ATG,,,,"[0, 225]",mORF,"[0.0, 0.0, 0.0]",,0.0,,
gene-STM1690::NC_003197.2:1781740-1782409(-),default,,ATG,,,,"[0, 669]",mORF,"[0.0, 0.0, 0.0]",,0.0,,
gene-STM1691::NC_003197.2:1782579-1783560(+),default,,ATG,,,,"[0, 981]",mORF,"[0.0, 0.0, 0.0]",,0.0,,
gene-STM1694::NC_003197.2:1786269-1788152(+),default,,ATG,,,,"[0, 891]",mORF,"[0.0, 0.0, 0.0]",,0.0,,
gene-STM1696::NC_003197.2:1788153-1789847(+),default,,ATG,,,,"[0, 807]",mORF,"[0.0, 0.0, 0.0]",,0.0,,
gene-STM1698::NC_003197.2:1790150-1791535(-),default,,ATG,,,,"[11, 1385]",mORF,"[0.0, 0.0, 0.0]",,0.0,,
gene-STM1700::NC_003197.2:1792129-1792926(+),default,,ATG,,,,"[0, 789]",mORF,"[0.0, 0.0, 0.0]",,0.0,,
gene-STM1702::NC_003197.2:1794339-1796274(+),default,,ATG,,,,"[0, 1935]",mORF,"[0.0, 0.0, 0.0]",,0.0,,
gene-STM1703::NC_003197.2:1796535-1798518(+),default,,ATG,,,,"[0, 1983]",mORF,"[0.0, 0.0, 0.0]",,0.0,,
gene-STM1704::NC_003197.2:1798905-1799658(+),default,,ATG,,,,"[0, 753]",mORF,"[0.0, 0.0, 0.0]",,0.0,,
gene-STM1705::NC_003197.2:1799916-1800135(+),default,,ATG,,,,"[0, 219]",mORF,"[0.0, 0.0, 0.0]",,0.0,,
gene-STM1706::NC_003197.2:1800254-1801318(-),default,,ATG,,,,"[737, 1064]",mORF,"[0.0, 0.0, 0.0]",,0.0,,
gene-STM1711::NC_003197.2:1804102-1804693(+),default,,ATG,,,,"[0, 591]",mORF,"[0.0, 0.0, 0.0]",,0.0,,
gene-STM1712::NC_003197.2:1804748-1807424(-),default,,ATG,,,,"[0, 2676]",mORF,"[0.0, 0.0, 0.0]",,0.0,,
gene-STM1713::NC_003197.2:1808400-1809375(-),default,,ATG,,,,"[0, 975]",mORF,"[0.0, 0.0, 0.0]",,0.0,,
gene-STM1715::NC_003197.2:1812785-1813037(+),default,,ATG,,,,"[0, 252]",mORF,"[0.0, 0.0, 0.0]",,0.0,,
gene-STM1716::NC_003197.2:1813078-1814144(-),default,,GTG,,,,"[19, 1066]",mORF,"[0.0, 0.0, 0.0]",,0.0,,
gene-STM1717::NC_003197.2:1814362-1815711(+),default,,ATG,,,,"[0, 762]",mORF,"[0.0, 0.0, 0.0]",,0.0,,
gene-STM1719::NC_003197.2:1815797-1816673(-),default,,ATG,,,,"[0, 876]",mORF,"[0.0, 0.0, 0.0]",,0.0,,
gene-STM1720::NC_003197.2:1816773-1817394(-),default,,ATG,,,,"[0, 621]",mORF,"[0.0, 0.0, 0.0]",,0.0,,
gene-STM1723::NC_003197.2:1818543-1821701(+),default,,ATG,,,,"[0, 1563]",mORF,"[0.0, 0.0, 0.0]",,0.0,,
gene-STM1725::NC_003197.2:1821704-1823063(+),default,,ATG,,,,"[0, 1359]",mORF,"[0.0, 0.0, 0.0]",,0.0,,
gene-STM1726::NC_003197.2:1823072-1825072(+),default,,ATG,,,,"[1193, 2000]",mORF,"[0.0, 0.0, 0.0]",,0.0,,
gene-STM1732::NC_003197.2:1827886-1828525(-),default,,ATG,,,,"[0, 639]",mORF,"[0.0, 0.0, 0.0]",,0.0,,
gene-STM1733::NC_003197.2:1828862-1829267(+),default,,ATG,,,,"[0, 405]",mORF,"[0.0, 0.0, 0.0]",,0.0,,
gene-STM1734::NC_003197.2:1829292-1830036(+),default,,ATG,,,,"[0, 744]",mORF,"[0.0, 0.0, 0.0]",,0.0,,
gene-STM1735::NC_003197.2:1830092-1830632(+),default,,ATG,,,,"[0, 540]",mORF,"[0.0, 0.0, 0.0]",,0.0,,
gene-STM1736::NC_003197.2:1830792-1831194(+),default,,ATG,,,,"[0, 402]",mORF,"[0.0, 0.0, 0.0]",,0.0,,
gene-STM1737::NC_003197.2:1831253-1831982(-),default,,ATG,,,,"[0, 729]",mORF,"[0.0, 0.0, 0.0]",,0.0,,
gene-STM1738::NC_003197.2:1832205-1832536(+),default,,GTG,,,,"[0, 297]",mORF,"[0.0, 0.0, 0.0]",,0.0,,
gene-STM1739::NC_003197.2:1832861-1834322(+),default,,ATG,,,,"[0, 1461]",mORF,"[0.0, 0.0, 0.0]",,0.0,,
gene-STM1740::NC_003197.2:1834355-1834685(+),default,,ATG,,,,"[0, 330]",mORF,"[0.0, 0.0, 0.0]",,0.0,,
gene-STM1742::NC_003197.2:1835616-1837636(-),default,,ATG,,,,"[11, 1019]",mORF,"[0.0, 0.0, 0.0]",,0.0,,
gene-STM1742::NC_003197.2:1835616-1837636(-),default,,ATG,,,,"[1015, 2020]",mORF,"[0.0, 0.0, 0.0]",,0.0,,
gene-STM1744::NC_003197.2:1837636-1838559(-),default,,ATG,,,,"[14, 923]",mORF,"[0.0, 109.0, 0.0]",,0.0,,
gene-STM1745::NC_003197.2:1838559-1839480(-),default,,ATG,,,,"[0, 921]",mORF,"[0.0, 0.0, 0.0]",,0.0,,
gene-STM1750::NC_003197.2:1845996-1846614(-),default,,ATG,,,,"[0, 618]",mORF,"[0.0, 0.0, 0.0]",,0.0,,
gene-STM1751::NC_003197.2:1847276-1847691(+),default,,ATG,,,,"[0, 414]",mORF,"[0.0, 0.0, 0.0]",,0.0,,
gene-STM1752::NC_003197.2:1847821-1848730(-),default,,ATG,,,,"[0, 909]",mORF,"[0.0, 0.0, 0.0]",,0.0,,
gene-STM1754::NC_003197.2:1850036-1850942(-),default,,ATG,,,,"[0, 906]",mORF,"[0.0, 0.0, 0.0]",,0.0,,
gene-STM1755::NC_003197.2:1851052-1851511(+),default,,GTG,,,,"[0, 459]",mORF,"[0.0, 0.0, 0.0]",,0.0,,
gene-STM1756::NC_003197.2:1851561-1852543(+),default,,ATG,,,,"[0, 843]",mORF,"[0.0, 0.0, 0.0]",,0.0,,
gene-STM1760::NC_003197.2:1853719-1855249(-),default,,ATG,,,,"[0, 1530]",mORF,"[0.0, 0.0, 0.0]",,0.0,,
gene-STM1761::NC_003197.2:1855490-1856874(-),default,,ATG,,,,"[706, 1384]",mORF,"[0.0, 0.0, 0.0]",,0.0,,
gene-STM1762::NC_003197.2:1856167-1858406(-),default,,ATG,,,,"[1528, 2239]",mORF,"[0.0, 0.0, 0.0]",,0.0,,
gene-STM1763::NC_003197.2:1856874-1862150(-),default,,ATG,,,,"[3740, 5276]",mORF,"[0.0, 0.0, 0.0]",,0.0,,
gene-STM1765::NC_003197.2:1862537-1863935(-),default,,ATG,,,,"[0, 1398]",mORF,"[0.0, 0.0, 0.0]",,0.0,,
gene-STM1771::NC_003197.2:1869246-1870347(+),default,,ATG,,,,"[0, 1101]",mORF,"[0.0, 0.0, 0.0]",,0.0,,
gene-STM1772::NC_003197.2:1870400-1871255(-),default,,ATG,,,,"[0, 855]",mORF,"[0.0, 0.0, 0.0]",,0.0,,
gene-STM1773::NC_003197.2:1871292-1872102(-),default,,ATG,,,,"[0, 810]",mORF,"[0.0, 0.0, 0.0]",,0.0,,
gene-STM1775::NC_003197.2:1872491-1874407(-),default,,ATG,,,,"[1082, 1916]",mORF,"[0.0, 0.0, 0.0]",,0.0,,
gene-STM1777::NC_003197.2:1874447-1875704(-),default,,ATG,,,,"[0, 1257]",mORF,"[0.0, 0.0, 0.0]",,0.0,,
gene-STM1778::NC_003197.2:1876017-1877489(+),default,,ATG,,,,"[0, 624]",mORF,"[0.0, 0.0, 0.0]",,0.0,,
gene-STM1780::NC_003197.2:1877754-1878702(+),default,,GTG,,,,"[0, 948]",mORF,"[0.0, 0.0, 0.0]",,0.0,,
gene-STM1781::NC_003197.2:1878850-1880512(+),default,,GTG,,,,"[0, 1662]",mORF,"[0.0, 0.0, 0.0]",,0.0,,
gene-STM1782::NC_003197.2:1880556-1880835(-),default,,ATG,,,,"[0, 279]",mORF,"[0.0, 0.0, 0.0]",,0.0,,
gene-STM1783::NC_003197.2:1881086-1881695(+),default,,ATG,,,,"[0, 609]",mORF,"[0.0, 0.0, 0.0]",,0.0,,
gene-STM1784::NC_003197.2:1881811-1882903(+),default,,ATG,,,,"[0, 1092]",mORF,"[0.0, 0.0, 0.0]",,0.0,,
gene-STM1785::NC_003197.2:1883061-1884327(-),default,,ATG,,,,"[0, 1266]",mORF,"[0.0, 0.0, 0.0]",,0.0,,
gene-STM1788::NC_003197.2:1887748-1889062(+),default,,ATG,,,,"[0, 732]",mORF,"[0.0, 0.0, 0.0]",,0.0,,
gene-STM1792::NC_003197.2:1890386-1891931(+),default,,ATG,,,,"[0, 1545]",mORF,"[0.0, 0.0, 0.0]",,0.0,,
gene-STM1795::NC_003197.2:1893524-1894850(+),default,,ATG,,,,"[0, 1326]",mORF,"[0.0, 0.0, 0.0]",,0.0,,
gene-STM1796::NC_003197.2:1895063-1896776(+),default,,ATG,,,,"[0, 1713]",mORF,"[0.0, 0.0, 0.0]",,0.0,,
gene-STM1797::NC_003197.2:1896838-1897093(-),default,,ATG,,,,"[0, 255]",mORF,"[0.0, 0.0, 0.0]",,0.0,,
gene-STM1798::NC_003197.2:1897261-1897996(+),default,,GTG,,,,"[0, 735]",mORF,"[0.0, 0.0, 0.0]",,0.0,,
gene-STM1799::NC_003197.2:1898009-1898621(-),default,,GTG,,,,"[0, 612]",mORF,"[0.0, 0.0, 0.0]",,0.0,,
gene-STM1800::NC_003197.2:1898791-1899706(+),default,,ATG,,,,"[0, 915]",mORF,"[0.0, 0.0, 0.0]",,0.0,,
gene-STM1801::NC_003197.2:1899802-1901536(+),default,,TTG,,,,"[0, 1734]",mORF,"[0.0, 0.0, 0.0]",,0.0,,
gene-STM1802::NC_003197.2:1901598-1902669(-),default,,ATG,,,,"[0, 1071]",mORF,"[0.0, 0.0, 0.0]",,0.0,,
gene-STM1803::NC_003197.2:1902682-1903981(-),default,,ATG,,,,"[0, 1299]",mORF,"[0.0, 0.0, 0.0]",,0.0,,
gene-STM1804::NC_003197.2:1904303-1905836(+),default,,ATG,,,,"[0, 1533]",mORF,"[0.0, 0.0, 0.0]",,0.0,,
gene-STM1805::NC_003197.2:1905882-1906602(-),default,,ATG,,,,"[0, 720]",mORF,"[0.0, 0.0, 0.0]",,0.0,,
gene-STM1806::NC_003197.2:1906821-1908366(+),default,,ATG,,,,"[0, 1545]",mORF,"[0.0, 0.0, 0.0]",,0.0,,
gene-STM1807::NC_003197.2:1908507-1909038(+),default,,ATG,,,,"[0, 531]",mORF,"[0.0, 0.0, 0.0]",,0.0,,
gene-STM1811::NC_003197.2:1910413-1910875(-),default,,ATG,,,,"[0, 462]",mORF,"[0.0, 0.0, 0.0]",,0.0,,
gene-STM1813::NC_003197.2:1911661-1911994(-),default,,TTG,,,,"[0, 333]",mORF,"[0.0, 0.0, 0.0]",,0.0,,
gene-STM1814::NC_003197.2:1912080-1912811(+),default,,ATG,,,,"[0, 708]",mORF,"[0.0, 0.0, 0.0]",,0.0,,
gene-STM1815::NC_003197.2:1912811-1913624(+),default,,ATG,,,,"[0, 813]",mORF,"[0.0, 0.0, 0.0]",,0.0,,
gene-STM1816::NC_003197.2:1913627-1913894(+),default,,ATG,,,,"[0, 267]",mORF,"[0.0, 0.0, 0.0]",,0.0,,
gene-STM1817::NC_003197.2:1914015-1915143(-),default,,TTG,,,,"[0, 1128]",mORF,"[0.0, 0.0, 0.0]",,0.0,,
gene-STM1818::NC_003197.2:1915215-1916901(-),default,,TTG,,,,"[0, 1686]",mORF,"[0.0, 0.0, 0.0]",,0.0,,
gene-STM1819::NC_003197.2:1917105-1917687(-),default,,ATG,,,,"[0, 582]",mORF,"[0.0, 0.0, 0.0]",,0.0,,
gene-STM1821::NC_003197.2:1918511-1920422(-),default,,GTG,,,,"[0, 1911]",mORF,"[0.0, 0.0, 0.0]",,0.0,,
gene-STM1823::NC_003197.2:1920902-1921082(-),default,,ATG,,,,"[0, 180]",mORF,"[0.0, 0.0, 0.0]",,0.0,,
gene-STM1824::NC_003197.2:1921162-1922527(+),default,,ATG,,,,"[0, 1365]",mORF,"[0.0, 0.0, 0.0]",,0.0,,
gene-STM1825::NC_003197.2:1922530-1923109(+),default,,GTG,,,,"[0, 579]",mORF,"[0.0, 0.0, 0.0]",,0.0,,
gene-STM1826::NC_003197.2:1923372-1924737(+),default,,GTG,,,,"[0, 1365]",mORF,"[0.0, 0.0, 0.0]",,0.0,,
gene-STM1830::NC_003197.2:1928529-1929498(+),default,,GTG,,,,"[0, 969]",mORF,"[0.0, 0.0, 0.0]",,0.0,,
gene-STM1831::NC_003197.2:1929550-1930351(+),default,,ATG,,,,"[0, 801]",mORF,"[0.0, 0.0, 0.0]",,0.0,,
gene-STM1832::NC_003197.2:1930354-1931215(+),default,,GTG,,,,"[0, 861]",mORF,"[0.0, 0.0, 0.0]",,0.0,,
gene-STM1834::NC_003197.2:1932086-1933513(+),default,,ATG,,,,"[0, 621]",mORF,"[0.0, 0.0, 0.0]",,0.0,,
gene-STM1835::NC_003197.2:1932703-1933513(-),default,,ATG,,,,"[0, 810]",mORF,"[0.0, 0.0, 0.0]",,0.0,,
gene-STM1836::NC_003197.2:1933578-1935324(-),default,,GTG,,,,"[0, 1746]",mORF,"[0.0, 0.0, 0.0]",,0.0,,
gene-STM1837::NC_003197.2:1935543-1935753(-),default,,ATG,,,,"[0, 210]",mORF,"[0.0, 0.0, 0.0]",,0.0,,
gene-STM1838::NC_003197.2:1935765-1935909(-),default,,ATG,,,,"[0, 144]",mORF,"[0.0, 0.0, 0.0]",,0.0,,
gene-STM1839::NC_003197.2:1936557-1936915(-),default,,ATG,,,,"[70, 358]",mORF,"[0.0, 0.0, 0.0]",,0.0,,
gene-STM1840::NC_003197.2:1936915-1937059(-),default,,GTG,,,,"[0, 144]",mORF,"[0.0, 0.0, 0.0]",,0.0,,
gene-STM1841::NC_003197.2:1937216-1937456(+),default,,ATG,,,,"[0, 240]",mORF,"[0.0, 0.0, 0.0]",,0.0,,
gene-STM1842::NC_003197.2:1937667-1938459(-),default,,ATG,,,,"[0, 792]",mORF,"[0.0, 0.0, 0.0]",,0.0,,
gene-STM1844::NC_003197.2:1940055-1940937(-),default,,ATG,,,,"[0, 882]",mORF,"[0.0, 0.0, 0.0]",,0.0,,
gene-STM1845::NC_003197.2:1941130-1943179(-),default,,ATG,,,,"[0, 2049]",mORF,"[0.0, 0.0, 0.0]",,0.0,,
gene-STM1846::NC_003197.2:1943198-1943885(-),default,,ATG,,,,"[0, 687]",mORF,"[0.0, 0.0, 0.0]",,0.0,,
gene-STM1847::NC_003197.2:1943982-1944567(-),default,,ATG,,,,"[0, 585]",mORF,"[0.0, 0.0, 0.0]",,0.0,,
gene-STM1848::NC_003197.2:1944608-1948494(+),default,,ATG,,,,"[1246, 3886]",mORF,"[0.0, 0.0, 1.0]",,0.0,,
gene-STM1850::NC_003197.2:1948571-1950011(+),default,,GTG,,,,"[0, 1440]",mORF,"[0.0, 0.0, 0.0]",,0.0,,
gene-STM1855::NC_003197.2:1952008-1952731(-),default,,GTG,,,,"[0, 723]",mORF,"[0.0, 0.0, 0.0]",,0.0,,
gene-STM1857::NC_003197.2:1955003-1955423(-),default,,ATG,,,,"[0, 420]",mORF,"[0.0, 0.0, 0.0]",,0.0,,
gene-STM1862::NC_003197.2:1959503-1960418(+),default,,ATG,,,,"[0, 915]",mORF,"[0.0, 0.0, 0.0]",,0.0,,
gene-STM1867::NC_003197.2:1963175-1963376(+),default,,ATG,,,,"[0, 201]",mORF,"[0.0, 0.0, 0.0]",,0.0,,
gene-STM1871::NC_003197.2:1967022-1967919(+),default,,GTG,,,,"[0, 897]",mORF,"[0.0, 0.0, 0.0]",,0.0,,
gene-STM1874::NC_003197.2:1968662-1969538(-),default,,ATG,,,,"[0, 876]",mORF,"[0.0, 0.0, 0.0]",,0.0,,
gene-STM1875::NC_003197.2:1969538-1969913(-),default,,ATG,,,,"[0, 375]",mORF,"[0.0, 0.0, 0.0]",,0.0,,
gene-STM1876::NC_003197.2:1970050-1970281(+),default,,ATG,,,,"[0, 231]",mORF,"[0.0, 0.0, 0.0]",,0.0,,
gene-STM1878::NC_003197.2:1971068-1971767(+),default,,ATG,,,,"[0, 699]",mORF,"[0.0, 0.0, 0.0]",,0.0,,
gene-STM1879::NC_003197.2:1971801-1973853(-),default,,ATG,,,,"[0, 2052]",mORF,"[0.0, 0.0, 0.0]",,0.0,,
gene-STM1880::NC_003197.2:1974065-1974725(-),default,,ATG,,,,"[0, 660]",mORF,"[0.0, 0.0, 0.0]",,0.0,,
gene-STM1882::NC_003197.2:1975239-1975530(-),default,,ATG,,,,"[0, 291]",mORF,"[0.0, 0.0, 0.0]",,0.0,,
gene-STM1883::NC_003197.2:1975660-1976839(+),default,,ATG,,,,"[0, 1179]",mORF,"[0.0, 0.0, 0.0]",,0.0,,
gene-STM1884::NC_003197.2:1976938-1977617(-),default,,ATG,,,,"[37, 679]",mORF,"[0.0, 0.0, 0.0]",,0.0,,
gene-STM1885::NC_003197.2:1977617-1979429(-),default,,ATG,,,,"[0, 1812]",mORF,"[0.0, 0.0, 0.0]",,0.0,,
gene-STM1886::NC_003197.2:1979663-1981139(-),default,,ATG,,,,"[0, 1476]",mORF,"[0.0, 0.0, 0.0]",,0.0,,
gene-STM1888::NC_003197.2:1982473-1983947(+),default,,ATG,,,,"[0, 1443]",mORF,"[0.0, 0.0, 0.0]",,0.0,,
gene-STM1889::NC_003197.2:1983988-1984960(-),default,,ATG,,,,"[0, 972]",mORF,"[0.0, 0.0, 0.0]",,0.0,,
gene-STM1890::NC_003197.2:1985076-1986396(-),default,,GTG,,,,"[0, 1320]",mORF,"[0.0, 0.0, 0.0]",,0.0,,
gene-STM1891::NC_003197.2:1986411-1988972(-),default,,GTG,,,,"[1559, 2561]",mORF,"[0.0, 0.0, 0.0]",,0.0,,
gene-STM1892::NC_003197.2:1987383-1988972(+),default,,ATG,,,,"[803, 1589]",mORF,"[0.0, 0.0, 0.0]",,0.0,,
gene-STM1892::NC_003197.2:1987383-1988972(+),default,,GTG,,,,"[0, 807]",mORF,"[0.0, 0.0, 0.0]",,0.0,,
gene-STM1894::NC_003197.2:1989050-1990061(-),default,,ATG,,,,"[0, 1011]",mORF,"[0.0, 0.0, 0.0]",,0.0,,
gene-STM1895::NC_003197.2:1990069-1990681(-),default,,GTG,,,,"[0, 612]",mORF,"[0.0, 0.0, 0.0]",,0.0,,
gene-STM1897::NC_003197.2:1992623-1993223(+),default,,ATG,,,,"[0, 600]",mORF,"[0.0, 0.0, 0.0]",,0.0,,
gene-STM1898::NC_003197.2:1993224-1993746(-),default,,GTG,,,,"[0, 522]",mORF,"[0.0, 0.0, 0.0]",,0.0,,
gene-STM1899::NC_003197.2:1993782-1994552(-),default,,ATG,,,,"[29, 770]",mORF,"[0.0, 0.0, 1.0]",,0.0,,
gene-STM1901::NC_003197.2:1995107-1996880(-),default,,ATG,,,,"[0, 1773]",mORF,"[0.0, 0.0, 0.0]",,0.0,,
gene-STM1902::NC_003197.2:1997204-1998586(+),default,,ATG,,,,"[0, 567]",mORF,"[0.0, 0.0, 0.0]",,0.0,,
gene-STM1902::NC_003197.2:1997204-1998586(+),default,,ATG,,,,"[563, 1382]",mORF,"[0.0, 0.0, 0.0]",,0.0,,
gene-STM1904::NC_003197.2:1998638-1999034(+),default,,ATG,,,,"[0, 396]",mORF,"[0.0, 0.0, 0.0]",,0.0,,
gene-STM1905::NC_003197.2:1999074-2000786(+),default,,ATG,,,,"[740, 1712]",mORF,"[0.0, 0.0, 0.0]",,0.0,,
gene-STM1907::NC_003197.2:2001021-2001768(-),default,,ATG,,,,"[0, 747]",mORF,"[0.0, 0.0, 0.0]",,0.0,,
gene-STM1908::NC_003197.2:2001787-2002357(-),default,,ATG,,,,"[0, 570]",mORF,"[0.0, 0.0, 0.0]",,0.0,,
gene-STM1909::NC_003197.2:2002593-2004327(+),default,,GTG,,,,"[0, 1734]",mORF,"[0.0, 0.0, 0.0]",,0.0,,
gene-STM1912::NC_003197.2:2007816-2010279(-),default,,ATG,,,,"[2070, 2463]",mORF,"[0.0, 0.0, 0.0]",,0.0,,
gene-STM1913::NC_003197.2:2008208-2011431(-),default,,ATG,,,,"[1144, 3223]",mORF,"[0.0, 0.0, 1.0]",,0.0,,
gene-STM1915::NC_003197.2:2011624-2012269(-),default,,ATG,,,,"[0, 645]",mORF,"[0.0, 0.0, 0.0]",,0.0,,
gene-STM1916::NC_003197.2:2012279-2012669(-),default,,ATG,,,,"[0, 390]",mORF,"[0.0, 0.0, 0.0]",,0.0,,
gene-STM1917::NC_003197.2:2012686-2014599(-),default,,ATG,,,,"[0, 867]",mORF,"[0.0, 0.0, 0.0]",,0.0,,
gene-STM1917::NC_003197.2:2012686-2014599(-),default,,ATG,,,,"[863, 1913]",mORF,"[0.0, 0.0, 0.0]",,0.0,,
gene-STM1919::NC_003197.2:2014752-2016414(-),default,,ATG,,,,"[0, 1662]",mORF,"[0.0, 0.0, 0.0]",,0.0,,
gene-STM1920::NC_003197.2:2016650-2017154(-),default,,ATG,,,,"[0, 504]",mORF,"[0.0, 0.0, 0.0]",,0.0,,
gene-STM1921::NC_003197.2:2017174-2019190(-),default,,GTG,,,,"[0, 2016]",mORF,"[0.0, 0.0, 0.0]",,0.0,,
gene-STM1922::NC_003197.2:2019194-2021008(-),default,,ATG,,,,"[884, 1814]",mORF,"[0.0, 0.0, 0.0]",,0.0,,
gene-STM1924::NC_003197.2:2021132-2022064(-),default,,ATG,,,,"[0, 351]",mORF,"[0.0, 0.0, 0.0]",,0.0,,
gene-STM1924::NC_003197.2:2021132-2022064(-),default,,ATG,,,,"[347, 932]",mORF,"[0.0, 0.0, 0.0]",,0.0,,
gene-STM1928::NC_003197.2:2023296-2025496(-),default,,ATG,,,,"[778, 2200]",mORF,"[0.0, 0.0, 0.0]",,0.0,,
gene-STM1928::NC_003197.2:2023296-2025496(-),default,,GTG,,,,"[0, 804]",mORF,"[0.0, 0.0, 0.0]",,0.0,,
gene-STM1933::NC_003197.2:2027918-2028557(-),default,,ATG,,,,"[0, 639]",mORF,"[0.0, 0.0, 0.0]",,0.0,,
gene-STM1934::NC_003197.2:2028812-2029148(+),default,,ATG,,,,"[0, 336]",mORF,"[0.0, 0.0, 0.0]",,0.0,,
gene-STM1936::NC_003197.2:2029930-2030170(-),default,,ATG,,,,"[0, 240]",mORF,"[0.0, 0.0, 0.0]",,0.0,,
gene-STM1937::NC_003197.2:2030396-2031608(+),default,,GTG,,,,"[0, 1212]",mORF,"[0.0, 0.0, 0.0]",,0.0,,
gene-STM1938::NC_003197.2:2031682-2032348(-),default,,ATG,,,,"[0, 666]",mORF,"[0.0, 0.0, 0.0]",,0.0,,
gene-STM1939::NC_003197.2:2032585-2032912(-),default,,GTG,,,,"[0, 327]",mORF,"[0.0, 0.0, 0.0]",,0.0,,
gene-STM1940::NC_003197.2:2033124-2034564(-),default,,ATG,,,,"[0, 1440]",mORF,"[0.0, 0.0, 0.0]",,0.0,,
gene-STM1941::NC_003197.2:2034776-2035109(-),default,,ATG,,,,"[0, 333]",mORF,"[0.0, 0.0, 0.0]",,0.0,,
gene-STM1945::NC_003197.2:2035809-2036358(-),default,,ATG,,,,"[0, 549]",mORF,"[0.0, 0.0, 0.0]",,0.0,,
gene-STM1946::NC_003197.2:2036414-2038900(-),default,,GTG,,,,"[653, 2486]",mORF,"[0.0, 0.0, 0.0]",,0.0,,
gene-STM1948::NC_003197.2:2039211-2039588(+),default,,ATG,,,,"[0, 156]",mORF,"[0.0, 0.0, 0.0]",,0.0,,
gene-STM1950::NC_003197.2:2039654-2040377(-),default,,ATG,,,,"[0, 723]",mORF,"[0.0, 0.0, 0.0]",,0.0,,
gene-STM1951::NC_003197.2:2040608-2042026(-),default,,ATG,,,,"[0, 669]",mORF,"[0.0, 0.0, 0.0]",,0.0,,
gene-STM1951::NC_003197.2:2040608-2042026(-),default,,ATG,,,,"[665, 1418]",mORF,"[0.0, 0.0, 0.0]",,0.0,,
gene-STM1953::NC_003197.2:2042046-2043033(-),default,,ATG,,,,"[0, 987]",mORF,"[0.0, 0.0, 0.0]",,0.0,,
gene-STM1954::NC_003197.2:2043186-2043987(-),default,,ATG,,,,"[0, 801]",mORF,"[0.0, 0.0, 0.0]",,0.0,,
gene-STM1955::NC_003197.2:2044133-2044685(-),default,,ATG,,,,"[0, 552]",mORF,"[0.0, 0.0, 0.0]",,0.0,,
gene-STM1956::NC_003197.2:2044743-2045463(-),default,,GTG,,,,"[0, 720]",mORF,"[0.0, 0.0, 0.0]",,0.0,,
gene-STM1958::NC_003197.2:2046370-2047576(-),default,,ATG,,,,"[0, 1206]",mORF,"[0.0, 0.0, 0.0]",,0.0,,
gene-STM1959::NC_003197.2:2047654-2049142(-),default,,ATG,,,,"[0, 1488]",mORF,"[0.0, 0.0, 0.0]",,0.0,,
gene-STM1960::NC_003197.2:2049398-2050816(+),default,,ATG,,,,"[0, 1404]",mORF,"[0.0, 0.0, 0.0]",,0.0,,
gene-STM1961::NC_003197.2:2050816-2051592(+),default,,ATG,,,,"[0, 408]",mORF,"[0.0, 0.0, 0.0]",,0.0,,
gene-STM1961::NC_003197.2:2050816-2051592(+),default,,ATG,,,,"[407, 776]",mORF,"[0.0, 0.0, 0.0]",,0.0,,
gene-STM1964::NC_003197.2:2053187-2053613(-),default,,ATG,,,,"[0, 426]",mORF,"[0.0, 0.0, 0.0]",,0.0,,
gene-STM1965::NC_003197.2:2053738-2055234(+),default,,GTG,,,,"[0, 1266]",mORF,"[0.0, 0.0, 0.0]",,0.0,,
gene-STM1968::NC_003197.2:2056004-2056319(-),default,,ATG,,,,"[0, 315]",mORF,"[0.0, 0.0, 0.0]",,0.0,,
gene-STM1969::NC_003197.2:2056535-2059198(+),default,,ATG,,,,"[0, 1683]",mORF,"[0.0, 0.0, 0.0]",,0.0,,
gene-STM1970::NC_003197.2:2058210-2059905(+),default,,ATG,,,,"[0, 996]",mORF,"[0.0, 0.0, 0.0]",,0.0,,
gene-STM1971::NC_003197.2:2059198-2061276(+),default,,ATG,,,,"[0, 708]",mORF,"[0.0, 0.0, 0.0]",,0.0,,
gene-STM1973::NC_003197.2:2061297-2062955(+),default,,ATG,,,,"[0, 444]",mORF,"[0.0, 0.0, 0.0]",,0.0,,
gene-STM1975::NC_003197.2:2063059-2063527(+),default,,ATG,,,,"[0, 468]",mORF,"[0.0, 0.0, 0.0]",,0.0,,
gene-STM1976::NC_003197.2:2063531-2064945(+),default,,ATG,,,,"[0, 1005]",mORF,"[0.0, 0.0, 0.0]",,0.0,,
gene-STM1977::NC_003197.2:2064532-2065322(+),default,,ATG,,,,"[0, 414]",mORF,"[0.0, 0.0, 0.0]",,0.0,,
gene-STM1978::NC_003197.2:2064945-2066060(+),default,,ATG,,,,"[0, 378]",mORF,"[0.0, 0.0, 0.0]",,0.0,,
gene-STM1978::NC_003197.2:2064945-2066060(+),default,,ATG,,,,"[377, 1115]",mORF,"[0.0, 0.0, 0.0]",,0.0,,
gene-STM1980::NC_003197.2:2066069-2066339(+),default,,ATG,,,,"[0, 270]",mORF,"[0.0, 0.0, 0.0]",,0.0,,
gene-STM1981::NC_003197.2:2066347-2067142(+),default,,ATG,,,,"[0, 795]",mORF,"[0.0, 0.0, 0.0]",,0.0,,
gene-STM1982::NC_003197.2:2067423-2068047(+),default,,ATG,,,,"[0, 624]",mORF,"[0.0, 0.0, 0.0]",,0.0,,
gene-STM1986::NC_003197.2:2068945-2071452(+),default,,ATG,,,,"[0, 816]",mORF,"[0.0, 0.0, 0.0]",,0.0,,
gene-STM1987::NC_003197.2:2069739-2071452(-),default,,GTG,,,,"[0, 1713]",mORF,"[0.0, 0.0, 0.0]",,0.0,,
gene-STM1988::NC_003197.2:2071616-2071862(-),default,,ATG,,,,"[0, 246]",mORF,"[0.0, 0.0, 0.0]",,0.0,,
gene-STM1989::NC_003197.2:2071878-2072790(-),default,,TTG,,,,"[0, 912]",mORF,"[0.0, 0.0, 0.0]",,0.0,,
gene-STM1991::NC_003197.2:2073874-2075756(-),default,,ATG,,,,"[1411, 1882]",mORF,"[0.0, 0.0, 0.0]",,0.0,,
gene-STM1993::NC_003197.2:2075829-2076525(-),default,,ATG,,,,"[0, 696]",mORF,"[0.0, 0.0, 0.0]",,0.0,,
gene-STM1995::NC_003197.2:2077565-2078762(+),default,,ATG,,,,"[0, 1197]",mORF,"[0.0, 0.0, 0.0]",,0.0,,
gene-STM2001::NC_003197.2:2082347-2083246(+),default,,ATG,,,,"[0, 798]",mORF,"[0.0, 0.0, 0.0]",,0.0,,
gene-STM2008::NC_003197.2:2088668-2090399(+),default,,ATG,,,,"[0, 1731]",mORF,"[0.0, 0.0, 0.0]",,0.0,,
gene-STM2009::NC_003197.2:2091303-2092758(-),default,,ATG,,,,"[0, 1455]",mORF,"[0.0, 0.0, 0.0]",,0.0,,
gene-STM2011::NC_003197.2:2092953-2093280(-),default,,ATG,,,,"[0, 327]",mORF,"[0.0, 0.0, 0.0]",,0.0,,
gene-STM2015::NC_003197.2:2096292-2097222(-),default,,ATG,,,,"[0, 930]",mORF,"[0.0, 0.0, 0.0]",,0.0,,
gene-STM2017::NC_003197.2:2098396-2099678(-),default,,ATG,,,,"[538, 1282]",mORF,"[0.0, 0.0, 0.0]",,0.0,,
gene-STM2019::NC_003197.2:2099678-2102011(-),default,,ATG,,,,"[812, 2333]",mORF,"[0.0, 0.0, 0.0]",,0.0,,
gene-STM2021::NC_003197.2:2102019-2102965(-),default,,ATG,,,,"[0, 282]",mORF,"[0.0, 0.0, 0.0]",,0.0,,
gene-STM2021::NC_003197.2:2102019-2102965(-),default,,ATG,,,,"[268, 946]",mORF,"[0.0, 0.0, 0.0]",,0.0,,
gene-STM2023::NC_003197.2:2102966-2104410(-),default,,ATG,,,,"[706, 1444]",mORF,"[0.0, 0.0, 0.0]",,0.0,,
gene-STM2024::NC_003197.2:2103700-2105205(-),default,,ATG,,,,"[791, 1505]",mORF,"[0.0, 0.0, 0.0]",,0.0,,
gene-STM2027::NC_003197.2:2105995-2107756(-),default,,ATG,,,,"[1035, 1761]",mORF,"[0.0, 0.0, 1.0]",,0.0,,
gene-STM2030::NC_003197.2:2108513-2109680(-),default,,ATG,,,,"[588, 1167]",mORF,"[0.0, 0.0, 0.0]",,0.0,,
gene-STM2031::NC_003197.2:2109081-2110819(-),default,,ATG,,,,"[1132, 1738]",mORF,"[0.0, 0.0, 0.0]",,0.0,,
gene-STM2034::NC_003197.2:2111462-2113798(-),default,,ATG,,,,"[1376, 2336]",mORF,"[0.0, 0.0, 0.0]",,0.0,,
gene-STM2036::NC_003197.2:2114395-2115307(-),default,,ATG,,,,"[0, 912]",mORF,"[0.0, 0.0, 0.0]",,0.0,,
gene-STM2038::NC_003197.2:2116842-2117127(+),default,,ATG,,,,"[0, 285]",mORF,"[0.0, 0.0, 0.0]",,0.0,,
gene-STM2040::NC_003197.2:2117954-2119619(+),default,,ATG,,,,"[0, 1665]",mORF,"[0.0, 0.0, 0.0]",,0.0,,
gene-STM2041::NC_003197.2:2119629-2120304(+),default,,ATG,,,,"[0, 675]",mORF,"[0.0, 0.0, 0.0]",,0.0,,
gene-STM2042::NC_003197.2:2120318-2120840(+),default,,ATG,,,,"[0, 522]",mORF,"[0.0, 0.0, 0.0]",,0.0,,
gene-STM2043::NC_003197.2:2120849-2123022(+),default,,ATG,,,,"[0, 1833]",mORF,"[0.0, 0.0, 0.0]",,0.0,,
gene-STM2045::NC_003197.2:2123040-2123316(+),default,,ATG,,,,"[0, 276]",mORF,"[0.0, 0.0, 0.0]",,0.0,,
gene-STM2046::NC_003197.2:2123319-2124430(+),default,,ATG,,,,"[0, 483]",mORF,"[0.0, 0.0, 0.0]",,0.0,,
gene-STM2049::NC_003197.2:2124925-2125201(+),default,,ATG,,,,"[0, 276]",mORF,"[0.0, 0.0, 0.0]",,0.0,,
gene-STM2050::NC_003197.2:2125210-2127612(+),default,,ATG,,,,"[1007, 2402]",mORF,"[0.0, 0.0, 0.0]",,0.0,,
gene-STM2054::NC_003197.2:2130090-2130995(+),default,,ATG,,,,"[0, 555]",mORF,"[0.0, 0.0, 0.0]",,0.0,,
gene-STM2060::NC_003197.2:2134224-2135283(-),default,,GTG,,,,"[0, 1059]",mORF,"[0.0, 0.0, 0.0]",,0.0,,
gene-STM2061::NC_003197.2:2135401-2135869(-),default,,ATG,,,,"[0, 468]",mORF,"[0.0, 0.0, 0.0]",,0.0,,
gene-STM2062::NC_003197.2:2136021-2137194(-),default,,ATG,,,,"[0, 1173]",mORF,"[0.0, 0.0, 0.0]",,0.0,,
gene-STM2063::NC_003197.2:2137317-2138657(-),default,,ATG,,,,"[0, 579]",mORF,"[0.0, 0.0, 0.0]",,0.0,,
gene-STM2063::NC_003197.2:2137317-2138657(-),default,,ATG,,,,"[575, 1340]",mORF,"[0.0, 0.0, 0.0]",,0.0,,
gene-STM2065::NC_003197.2:2138671-2140948(-),default,,ATG,,,,"[0, 2277]",mORF,"[0.0, 0.0, 0.0]",,0.0,,
gene-STM2066::NC_003197.2:2141566-2144140(+),default,,ATG,,,,"[0, 2349]",mORF,"[0.0, 0.0, 0.0]",,0.0,,
gene-STM2067::NC_003197.2:2144257-2145731(+),default,,GTG,,,,"[0, 1431]",mORF,"[0.0, 0.0, 0.0]",,0.0,,
gene-STM2068::NC_003197.2:2145823-2147188(-),default,,ATG,,,,"[0, 1365]",mORF,"[0.0, 0.0, 0.0]",,0.0,,
gene-STM2070::NC_003197.2:2148427-2149252(-),default,,ATG,,,,"[0, 825]",mORF,"[0.0, 0.0, 0.0]",,0.0,,
gene-STM2071::NC_003197.2:2149611-2150511(+),default,,ATG,,,,"[0, 900]",mORF,"[0.0, 0.0, 0.0]",,0.0,,
gene-STM2072::NC_003197.2:2150613-2152990(+),default,,ATG,,,,"[0, 1305]",mORF,"[0.0, 0.0, 0.0]",,0.0,,
gene-STM2073::NC_003197.2:2151914-2154054(+),default,,ATG,,,,"[0, 1080]",mORF,"[0.0, 0.0, 0.0]",,0.0,,
gene-STM2074::NC_003197.2:2152990-2154647(+),default,,ATG,,,,"[0, 1068]",mORF,"[0.0, 0.0, 0.0]",,0.0,,
gene-STM2075::NC_003197.2:2154054-2155366(+),default,,GTG,,,,"[0, 594]",mORF,"[0.0, 0.0, 0.0]",,0.0,,
gene-STM2076::NC_003197.2:2154647-2156136(+),default,,ATG,,,,"[0, 738]",mORF,"[0.0, 0.0, 0.0]",,0.0,,
gene-STM2077::NC_003197.2:2155366-2156748(+),default,,ATG,,,,"[0, 777]",mORF,"[0.0, 0.0, 0.0]",,0.0,,
gene-STM2079::NC_003197.2:2156828-2157812(-),default,,ATG,,,,"[0, 984]",mORF,"[0.0, 0.0, 0.0]",,0.0,,
gene-STM2080::NC_003197.2:2157954-2159121(-),default,,ATG,,,,"[0, 1167]",mORF,"[0.0, 0.0, 0.0]",,0.0,,
gene-STM2081::NC_003197.2:2159357-2160764(-),default,,ATG,,,,"[0, 1407]",mORF,"[0.0, 0.0, 0.0]",,0.0,,
gene-STM2082::NC_003197.2:2160927-2162358(-),default,,ATG,,,,"[0, 1431]",mORF,"[0.0, 0.0, 0.0]",,0.0,,
gene-STM2083::NC_003197.2:2162429-2165289(-),default,,ATG,,,,"[1426, 2860]",mORF,"[1.0, 0.0, 0.0]",,0.0,,
gene-STM2083::NC_003197.2:2162429-2165289(-),default,,ATG,,,,"[0, 1440]",mORF,"[0.0, 0.0, 0.0]",,0.0,,
gene-STM2085::NC_003197.2:2165289-2166234(-),default,,ATG,,,,"[0, 945]",mORF,"[0.0, 0.0, 0.0]",,0.0,,
gene-STM2086::NC_003197.2:2166234-2167296(-),default,,ATG,,,,"[0, 1062]",mORF,"[0.0, 0.0, 0.0]",,0.0,,
gene-STM2088::NC_003197.2:2168621-2169914(-),default,,GTG,,,,"[0, 1293]",mORF,"[0.0, 0.0, 0.0]",,0.0,,
gene-STM2089::NC_003197.2:2169995-2170895(-),default,,ATG,,,,"[0, 900]",mORF,"[0.0, 0.0, 0.0]",,0.0,,
gene-STM2090::NC_003197.2:2170922-2172236(-),default,,ATG,,,,"[0, 1314]",mORF,"[0.0, 0.0, 0.0]",,0.0,,
gene-STM2091::NC_003197.2:2172262-2173342(-),default,,ATG,,,,"[0, 1080]",mORF,"[0.0, 0.0, 0.0]",,0.0,,
gene-STM2092::NC_003197.2:2173346-2175109(-),default,,ATG,,,,"[989, 1763]",mORF,"[5.0, 0.0, 0.0]",,0.0,,
gene-STM2092::NC_003197.2:2173346-2175109(-),default,,GTG,,,,"[0, 993]",mORF,"[0.0, 0.0, 0.0]",,0.0,,
gene-STM2094::NC_003197.2:2175114-2175666(-),default,,GTG,,,,"[0, 552]",mORF,"[0.0, 0.0, 0.0]",,0.0,,
gene-STM2095::NC_003197.2:2175666-2176592(-),default,,ATG,,,,"[47, 926]",mORF,"[0.0, 0.0, 2.0]",,0.0,,
gene-STM2098::NC_003197.2:2178953-2179961(-),default,,ATG,,,,"[114, 1008]",mORF,"[0.0, 0.0, 0.0]",,0.0,,
gene-STM2119::NC_003197.2:2203322-2204903(+),default,,ATG,,,,"[0, 1581]",mORF,"[0.0, 0.0, 0.0]",,0.0,,
gene-STM2120::NC_003197.2:2204988-2206845(-),default,,ATG,,,,"[0, 1857]",mORF,"[0.0, 0.0, 0.0]",,0.0,,
gene-STM2121::NC_003197.2:2206883-2207507(-),default,,ATG,,,,"[42, 624]",mORF,"[0.0, 0.0, 0.0]",,0.0,,
gene-STM2122::NC_003197.2:2207555-2208197(-),default,,ATG,,,,"[0, 642]",mORF,"[0.0, 0.0, 0.0]",,0.0,,
gene-STM2124::NC_003197.2:2211485-2212355(-),default,,ATG,,,,"[0, 870]",mORF,"[0.0, 0.0, 0.0]",,0.0,,
gene-STM2125::NC_003197.2:2212488-2213841(+),default,,GTG,,,,"[0, 1353]",mORF,"[0.0, 0.0, 0.0]",,0.0,,
gene-STM2129::NC_003197.2:2221722-2224534(+),default,,ATG,,,,"[0, 1413]",mORF,"[0.0, 0.0, 0.0]",,0.0,,
gene-STM2130::NC_003197.2:2223134-2225257(+),default,,ATG,,,,"[0, 1404]",mORF,"[0.0, 0.0, 0.0]",,0.0,,
gene-STM2135::NC_003197.2:2227454-2229566(+),default,,ATG,,,,"[0, 2112]",mORF,"[0.0, 0.0, 0.0]",,0.0,,
gene-STM2136::NC_003197.2:2229681-2231043(+),default,,ATG,,,,"[0, 1362]",mORF,"[0.0, 0.0, 0.0]",,0.0,,
gene-STM2138::NC_003197.2:2232575-2232992(-),default,,ATG,,,,"[0, 417]",mORF,"[0.0, 0.0, 0.0]",,0.0,,
gene-STM2140::NC_003197.2:2234010-2234910(+),default,,ATG,,,,"[0, 900]",mORF,"[0.0, 0.0, 0.0]",,0.0,,
gene-STM2141::NC_003197.2:2234962-2236015(-),default,,ATG,,,,"[0, 1053]",mORF,"[0.0, 0.0, 0.0]",,0.0,,
gene-STM2142::NC_003197.2:2236268-2238537(+),default,,ATG,,,,"[0, 1272]",mORF,"[0.0, 0.0, 0.0]",,0.0,,
gene-STM2143::NC_003197.2:2237536-2240223(+),default,,ATG,,,,"[1001, 1967]",mORF,"[0.0, 0.0, 0.0]",,0.0,,
gene-STM2148::NC_003197.2:2242252-2242567(+),default,,ATG,,,,"[0, 315]",mORF,"[0.0, 0.0, 0.0]",,0.0,,
gene-STM2150::NC_003197.2:2243852-2246342(-),default,,ATG,,,,"[0, 2490]",mORF,"[0.0, 0.0, 0.0]",,0.0,,
gene-STM2152::NC_003197.2:2247094-2247625(-),default,,ATG,,,,"[0, 531]",mORF,"[0.0, 0.0, 0.0]",,0.0,,
gene-STM2153::NC_003197.2:2247903-2248185(-),default,,ATG,,,,"[0, 282]",mORF,"[0.0, 0.0, 0.0]",,0.0,,
gene-STM2154::NC_003197.2:2248462-2249572(-),default,,ATG,,,,"[0, 1110]",mORF,"[0.0, 0.0, 0.0]",,0.0,,
gene-STM2155::NC_003197.2:2249736-2251770(+),default,,ATG,,,,"[0, 2034]",mORF,"[0.0, 0.0, 0.0]",,0.0,,
gene-STM2156::NC_003197.2:2252010-2252469(+),default,,ATG,,,,"[0, 459]",mORF,"[0.0, 0.0, 0.0]",,0.0,,
gene-STM2156A::NC_003197.2:2252640-2253171(+),default,,ATG,,,,"[0, 531]",mORF,"[0.0, 0.0, 0.0]",,0.0,,
gene-STM2157::NC_003197.2:2253227-2253695(-),default,,ATG,,,,"[0, 468]",mORF,"[0.0, 0.0, 0.0]",,0.0,,
gene-STM2160::NC_003197.2:2256365-2257097(+),default,,ATG,,,,"[0, 732]",mORF,"[0.0, 0.0, 0.0]",,0.0,,
gene-STM2161::NC_003197.2:2257156-2260069(+),default,,ATG,,,,"[0, 108]",mORF,"[0.0, 0.0, 0.0]",,0.0,,
gene-STM2163::NC_003197.2:2257959-2260069(-),default,,ATG,,,,"[1162, 2110]",mORF,"[0.0, 0.0, 0.0]",,0.0,,
gene-STM2165::NC_003197.2:2260072-2260990(-),default,,ATG,,,,"[0, 918]",mORF,"[0.0, 0.0, 0.0]",,0.0,,
gene-STM2166::NC_003197.2:2261170-2263468(-),default,,ATG,,,,"[0, 2298]",mORF,"[0.0, 0.0, 0.0]",,0.0,,
gene-STM2167::NC_003197.2:2263734-2265465(+),default,,ATG,,,,"[0, 1731]",mORF,"[0.0, 0.0, 0.0]",,0.0,,
gene-STM2168::NC_003197.2:2265522-2266470(-),default,,ATG,,,,"[0, 948]",mORF,"[0.0, 0.0, 0.0]",,0.0,,
gene-STM2175::NC_003197.2:2271768-2272962(-),default,,ATG,,,,"[0, 1194]",mORF,"[0.0, 0.0, 0.0]",,0.0,,
gene-STM2176::NC_003197.2:2272976-2273621(-),default,,ATG,,,,"[0, 645]",mORF,"[0.0, 0.0, 0.0]",,0.0,,
gene-STM2178::NC_003197.2:2274346-2275384(-),default,,ATG,,,,"[0, 1038]",mORF,"[0.0, 0.0, 0.0]",,0.0,,
gene-STM2180::NC_003197.2:2276879-2277788(+),default,,ATG,,,,"[0, 909]",mORF,"[0.0, 0.0, 0.0]",,0.0,,
gene-STM2181::NC_003197.2:2277919-2279010(+),default,,ATG,,,,"[0, 399]",mORF,"[0.0, 0.0, 0.0]",,0.0,,
gene-STM2181::NC_003197.2:2277919-2279010(+),default,,ATG,,,,"[395, 1091]",mORF,"[0.0, 0.0, 0.0]",,0.0,,
gene-STM2183::NC_003197.2:2279163-2280048(+),default,,ATG,,,,"[0, 885]",mORF,"[0.0, 0.0, 0.0]",,0.0,,
gene-STM2184::NC_003197.2:2280224-2281186(+),default,,ATG,,,,"[0, 720]",mORF,"[0.0, 0.0, 0.0]",,0.0,,
gene-STM2184::NC_003197.2:2280224-2281186(+),default,,ATG,,,,"[716, 962]",mORF,"[0.0, 0.0, 0.0]",,0.0,,
gene-STM2186::NC_003197.2:2281390-2283861(+),default,,ATG,,,,"[0, 1242]",mORF,"[0.0, 0.0, 0.0]",,0.0,,
gene-STM2188::NC_003197.2:2283935-2284946(-),default,,ATG,,,,"[0, 1011]",mORF,"[0.0, 0.0, 0.0]",,0.0,,
gene-STM2189::NC_003197.2:2284961-2286482(-),default,,ATG,,,,"[0, 1521]",mORF,"[0.0, 0.0, 0.0]",,0.0,,
gene-STM2190::NC_003197.2:2286615-2287614(-),default,,ATG,,,,"[0, 999]",mORF,"[0.0, 0.0, 0.0]",,0.0,,
gene-STM2191::NC_003197.2:2288112-2289135(-),default,,ATG,,,,"[0, 1023]",mORF,"[0.0, 0.0, 0.0]",,0.0,,
gene-STM2192::NC_003197.2:2289284-2290441(-),default,,ATG,,,,"[14, 1157]",mORF,"[0.0, 0.0, 0.0]",,0.0,,
gene-STM2194::NC_003197.2:2291439-2292675(+),default,,ATG,,,,"[0, 858]",mORF,"[0.0, 0.0, 0.0]",,0.0,,
gene-STM2200::NC_003197.2:2298886-2300356(-),default,,ATG,,,,"[0, 1470]",mORF,"[0.0, 0.0, 0.0]",,0.0,,
gene-STM2202::NC_003197.2:2301529-2302579(+),default,,ATG,,,,"[0, 1050]",mORF,"[0.0, 0.0, 0.0]",,0.0,,
gene-STM2203::NC_003197.2:2302657-2303515(+),default,,ATG,,,,"[0, 858]",mORF,"[0.0, 0.0, 0.0]",,0.0,,
gene-STM2204::NC_003197.2:2303579-2305268(-),default,,ATG,,,,"[0, 1689]",mORF,"[0.0, 0.0, 0.0]",,0.0,,
gene-STM2205::NC_003197.2:2305284-2307353(-),default,,ATG,,,,"[1130, 2069]",mORF,"[0.0, 0.0, 0.0]",,0.0,,
gene-STM2211::NC_003197.2:2310491-2311295(+),default,,CTG,,,,"[0, 804]",mORF,"[0.0, 0.0, 0.0]",,0.0,,
gene-STM2212::NC_003197.2:2311507-2312494(+),default,,GTG,,,,"[0, 987]",mORF,"[0.0, 0.0, 0.0]",,0.0,,
gene-STM2213::NC_003197.2:2312523-2313243(+),default,,ATG,,,,"[0, 720]",mORF,"[0.0, 0.0, 0.0]",,0.0,,
gene-STM2214::NC_003197.2:2313656-2314254(+),default,,ATG,,,,"[0, 573]",mORF,"[0.0, 0.0, 0.0]",,0.0,,
gene-STM2215::NC_003197.2:2314554-2316111(+),default,,ATG,,,,"[0, 1557]",mORF,"[0.0, 0.0, 0.0]",,0.0,,
gene-STM2216::NC_003197.2:2316217-2318023(+),default,,ATG,,,,"[0, 1806]",mORF,"[0.0, 0.0, 0.0]",,0.0,,
gene-STM2217::NC_003197.2:2318032-2320152(+),default,,ATG,,,,"[0, 1095]",mORF,"[0.0, 0.0, 0.0]",,0.0,,
gene-STM2217::NC_003197.2:2318032-2320152(+),default,,ATG,,,,"[1094, 2120]",mORF,"[0.0, 0.0, 0.0]",,0.0,,
gene-STM2219::NC_003197.2:2320153-2321743(+),default,,ATG,,,,"[0, 1590]",mORF,"[0.0, 0.0, 0.0]",,0.0,,
gene-STM2220::NC_003197.2:2321746-2322309(-),default,,GTG,,,,"[218, 563]",mORF,"[0.0, 0.0, 0.0]",,0.0,,
gene-STM2221::NC_003197.2:2322481-2323672(-),default,,GTG,,,,"[0, 1191]",mORF,"[0.0, 0.0, 0.0]",,0.0,,
gene-STM2222::NC_003197.2:2323699-2324395(-),default,,ATG,,,,"[0, 696]",mORF,"[0.0, 0.0, 0.0]",,0.0,,
gene-STM2224::NC_003197.2:2326431-2326716(+),default,,ATG,,,,"[0, 285]",mORF,"[0.0, 0.0, 0.0]",,0.0,,
gene-STM2225::NC_003197.2:2326824-2327445(-),default,,GTG,,,,"[0, 621]",mORF,"[0.0, 0.0, 0.0]",,0.0,,
gene-STM2226::NC_003197.2:2327472-2328480(-),default,,ATG,,,,"[0, 1008]",mORF,"[0.0, 0.0, 0.0]",,0.0,,
gene-STM2227::NC_003197.2:2328659-2328887(+),default,,ATG,,,,"[0, 228]",mORF,"[0.0, 0.0, 0.0]",,0.0,,
gene-STM2228::NC_003197.2:2328918-2330679(+),default,,ATG,,,,"[0, 1761]",mORF,"[0.0, 0.0, 0.0]",,0.0,,
gene-STM2232::NC_003197.2:2332128-2333958(+),default,,ATG,,,,"[0, 1830]",mORF,"[0.0, 0.0, 0.0]",,0.0,,
gene-STM2238::NC_003197.2:2337822-2339154(+),default,,ATG,,,,"[0, 1332]",mORF,"[0.0, 0.0, 0.0]",,0.0,,
gene-STM2246::NC_003197.2:2346700-2347348(+),default,,ATG,,,,"[0, 648]",mORF,"[0.0, 0.0, 0.0]",,0.0,,
gene-STM2247::NC_003197.2:2347391-2348985(-),default,,ATG,,,,"[550, 1594]",mORF,"[0.0, 0.0, 0.0]",,0.0,,
gene-STM2248::NC_003197.2:2348431-2350913(-),default,,ATG,,,,"[1924, 2482]",mORF,"[0.0, 0.0, 0.0]",,0.0,,
gene-STM2250::NC_003197.2:2350913-2351598(-),default,,GTG,,,,"[205, 685]",mORF,"[0.0, 0.0, 0.0]",,0.0,,
gene-STM2251::NC_003197.2:2351389-2352336(-),default,,ATG,,,,"[0, 738]",mORF,"[0.0, 0.0, 0.0]",,0.0,,
gene-STM2251::NC_003197.2:2351389-2352336(-),default,,GTG,,,,"[734, 947]",mORF,"[0.0, 0.0, 0.0]",,0.0,,
gene-STM2253::NC_003197.2:2352387-2353661(-),default,,ATG,,,,"[0, 618]",mORF,"[0.0, 0.0, 0.0]",,0.0,,
gene-STM2253::NC_003197.2:2352387-2353661(-),default,,GTG,,,,"[614, 1274]",mORF,"[0.0, 0.0, 0.0]",,0.0,,
gene-STM2255::NC_003197.2:2353681-2354284(-),default,,ATG,,,,"[0, 603]",mORF,"[0.0, 0.0, 0.0]",,0.0,,
gene-STM2256::NC_003197.2:2354293-2354743(-),default,,ATG,,,,"[0, 450]",mORF,"[0.0, 0.0, 0.0]",,0.0,,
gene-STM2257::NC_003197.2:2354858-2356410(-),default,,ATG,,,,"[0, 696]",mORF,"[0.0, 0.0, 0.0]",,0.0,,
gene-STM2257::NC_003197.2:2354858-2356410(-),default,,ATG,,,,"[682, 1552]",mORF,"[0.0, 0.0, 0.0]",,0.0,,
gene-STM2259::NC_003197.2:2356416-2359152(-),default,,ATG,,,,"[249, 2736]",mORF,"[1.0, 0.0, 3.0]",,0.0,,
gene-STM2260::NC_003197.2:2358899-2359644(-),default,,ATG,,,,"[0, 492]",mORF,"[0.0, 0.0, 0.0]",,0.0,,
gene-STM2260::NC_003197.2:2358899-2359644(-),default,,ATG,,,,"[481, 745]",mORF,"[0.0, 0.0, 0.0]",,0.0,,
gene-STM2262::NC_003197.2:2360057-2360552(+),default,,ATG,,,,"[0, 495]",mORF,"[0.0, 0.0, 0.0]",,0.0,,
gene-STM2264::NC_003197.2:2362479-2363130(-),default,,ATG,,,,"[0, 651]",mORF,"[0.0, 0.0, 0.0]",,0.0,,
gene-STM2265::NC_003197.2:2363132-2364194(-),default,,ATG,,,,"[0, 1062]",mORF,"[0.0, 0.0, 0.0]",,0.0,,
gene-STM2266::NC_003197.2:2364274-2365327(-),default,,ATG,,,,"[0, 1053]",mORF,"[0.0, 0.0, 0.0]",,0.0,,
gene-STM2267::NC_003197.2:2365441-2366578(-),default,,ATG,,,,"[0, 1137]",mORF,"[0.0, 0.0, 0.0]",,0.0,,
gene-STM2269::NC_003197.2:2367306-2369976(+),default,,ATG,,,,"[0, 2670]",mORF,"[0.0, 0.0, 0.0]",,0.0,,
gene-STM2270::NC_003197.2:2369992-2370643(+),default,,ATG,,,,"[0, 651]",mORF,"[0.0, 0.0, 0.0]",,0.0,,
gene-STM2271::NC_003197.2:2370745-2373592(-),default,,TTG,,,,"[0, 2847]",mORF,"[0.0, 0.0, 0.0]",,0.0,,
gene-STM2272::NC_003197.2:2373709-2376346(-),default,,ATG,,,,"[0, 2637]",mORF,"[0.0, 0.0, 0.0]",,0.0,,
gene-STM2273::NC_003197.2:2376755-2377958(-),default,,ATG,,,,"[0, 1203]",mORF,"[0.0, 0.0, 0.0]",,0.0,,
gene-STM2275::NC_003197.2:2379347-2380232(+),default,,ATG,,,,"[0, 885]",mORF,"[0.0, 0.0, 0.0]",,0.0,,
gene-STM2277::NC_003197.2:2381398-2383684(+),default,,ATG,,,,"[0, 2286]",mORF,"[0.0, 0.0, 0.0]",,0.0,,
gene-STM2278::NC_003197.2:2383796-2385181(+),default,,ATG,,,,"[0, 1131]",mORF,"[0.0, 0.0, 0.0]",,0.0,,
gene-STM2281::NC_003197.2:2386534-2387413(+),default,,ATG,,,,"[0, 879]",mORF,"[0.0, 0.0, 0.0]",,0.0,,
gene-STM2282::NC_003197.2:2387528-2388599(-),default,,ATG,,,,"[0, 1071]",mORF,"[0.0, 0.0, 0.0]",,0.0,,
gene-STM2283::NC_003197.2:2388603-2389962(-),default,,ATG,,,,"[0, 1359]",mORF,"[0.0, 0.0, 0.0]",,0.0,,
gene-STM2284::NC_003197.2:2390234-2393108(+),default,,ATG,,,,"[0, 1629]",mORF,"[0.0, 0.0, 0.0]",,0.0,,
gene-STM2285::NC_003197.2:2391852-2394299(+),default,,ATG,,,,"[0, 1260]",mORF,"[0.0, 0.0, 0.0]",,0.0,,
gene-STM2289::NC_003197.2:2396038-2396842(-),default,,ATG,,,,"[0, 804]",mORF,"[0.0, 0.0, 0.0]",,0.0,,
gene-STM2290::NC_003197.2:2396867-2398157(-),default,,ATG,,,,"[0, 1290]",mORF,"[0.0, 0.0, 0.0]",,0.0,,
gene-STM2291::NC_003197.2:2398212-2399430(-),default,,ATG,,,,"[0, 1218]",mORF,"[0.0, 0.0, 0.0]",,0.0,,
gene-STM2292::NC_003197.2:2399431-2400214(-),default,,ATG,,,,"[0, 783]",mORF,"[0.0, 0.0, 0.0]",,0.0,,
gene-STM2293::NC_003197.2:2400463-2401660(-),default,,ATG,,,,"[0, 1197]",mORF,"[0.0, 0.0, 0.0]",,0.0,,
gene-STM2294::NC_003197.2:2401774-2402422(-),default,,ATG,,,,"[0, 648]",mORF,"[0.0, 0.0, 0.0]",,0.0,,
gene-STM2296::NC_003197.2:2403065-2403671(-),default,,GTG,,,,"[0, 606]",mORF,"[0.0, 0.0, 0.0]",,0.0,,
gene-STM2298::NC_003197.2:2405111-2408070(+),default,,ATG,,,,"[0, 984]",mORF,"[0.0, 0.0, 0.0]",,0.0,,
gene-STM2299::NC_003197.2:2406091-2408966(+),default,,ATG,,,,"[0, 1983]",mORF,"[0.0, 0.0, 0.0]",,0.0,,
gene-STM2300::NC_003197.2:2408070-2410609(+),default,,ATG,,,,"[0, 900]",mORF,"[0.0, 0.0, 0.0]",,0.0,,
gene-STM2301::NC_003197.2:2408966-2410944(+),default,,ATG,,,,"[0, 1647]",mORF,"[0.0, 0.0, 0.0]",,0.0,,
gene-STM2302::NC_003197.2:2410609-2411589(+),default,,ATG,,,,"[0, 336]",mORF,"[0.0, 0.0, 0.0]",,0.0,,
gene-STM2304::NC_003197.2:2411316-2411574(-),default,,ATG,,,,"[0, 258]",mORF,"[0.0, 0.0, 0.0]",,0.0,,
gene-STM2308::NC_003197.2:2414869-2417295(-),default,,ATG,,,,"[0, 1671]",mORF,"[0.0, 0.0, 0.0]",,0.0,,
gene-STM2311::NC_003197.2:2418776-2419088(-),default,,ATG,,,,"[0, 312]",mORF,"[0.0, 0.0, 0.0]",,0.0,,
gene-STM2312::NC_003197.2:2419136-2419598(-),default,,ATG,,,,"[0, 462]",mORF,"[0.0, 0.0, 0.0]",,0.0,,
gene-STM2314::NC_003197.2:2420641-2421643(+),default,,ATG,,,,"[0, 1002]",mORF,"[0.0, 0.0, 0.0]",,0.0,,
gene-STM2315::NC_003197.2:2421683-2423465(-),default,,ATG,,,,"[0, 1782]",mORF,"[0.0, 0.0, 0.0]",,0.0,,
gene-STM2316::NC_003197.2:2424352-2425630(-),default,,ATG,,,,"[0, 1278]",mORF,"[0.0, 0.0, 0.0]",,0.0,,
gene-STM2317::NC_003197.2:2425816-2427346(-),default,,ATG,,,,"[0, 1530]",mORF,"[0.0, 0.0, 0.0]",,0.0,,
gene-STM2318::NC_003197.2:2427659-2429796(-),default,,ATG,,,,"[295, 2137]",mORF,"[1.0, 0.0, 0.0]",,0.0,,
gene-STM2319::NC_003197.2:2429497-2430351(-),default,,ATG,,,,"[0, 555]",mORF,"[0.0, 0.0, 0.0]",,0.0,,
gene-STM2319::NC_003197.2:2429497-2430351(-),default,,ATG,,,,"[551, 854]",mORF,"[0.0, 0.0, 0.0]",,0.0,,
gene-STM2321::NC_003197.2:2430361-2430904(-),default,,ATG,,,,"[0, 543]",mORF,"[0.0, 0.0, 0.0]",,0.0,,
gene-STM2322::NC_003197.2:2430918-2434625(-),default,,ATG,,,,"[0, 2733]",mORF,"[0.0, 0.0, 0.0]",,0.0,,
gene-STM2322::NC_003197.2:2430918-2434625(-),default,,ATG,,,,"[2729, 3707]",mORF,"[0.0, 0.0, 0.0]",,0.0,,
gene-STM2324::NC_003197.2:2434649-2436484(-),default,,ATG,,,,"[0, 501]",mORF,"[0.0, 0.0, 0.0]",,0.0,,
gene-STM2324::NC_003197.2:2434649-2436484(-),default,,ATG,,,,"[497, 1835]",mORF,"[0.0, 0.0, 0.0]",,0.0,,
gene-STM2327::NC_003197.2:2438375-2439053(-),default,,ATG,,,,"[15, 678]",mORF,"[0.0, 0.0, 0.0]",,0.0,,
gene-STM2328::NC_003197.2:2439053-2439497(-),default,,ATG,,,,"[0, 444]",mORF,"[0.0, 0.0, 0.0]",,0.0,,
gene-STM2330::NC_003197.2:2440123-2441062(-),default,,ATG,,,,"[0, 939]",mORF,"[0.0, 0.0, 0.0]",,0.0,,
gene-STM2331::NC_003197.2:2441993-2443208(+),default,,ATG,,,,"[0, 1215]",mORF,"[0.0, 0.0, 0.0]",,0.0,,
gene-STM2332::NC_003197.2:2443301-2443901(+),default,,ATG,,,,"[0, 600]",mORF,"[0.0, 0.0, 0.0]",,0.0,,
gene-STM2333::NC_003197.2:2443992-2445819(-),default,,GTG,,,,"[0, 1827]",mORF,"[0.0, 0.0, 0.0]",,0.0,,
gene-STM2334::NC_003197.2:2445895-2447060(-),default,,ATG,,,,"[487, 1165]",mORF,"[0.0, 0.0, 0.0]",,0.0,,
gene-STM2337::NC_003197.2:2447937-2449140(+),default,,ATG,,,,"[0, 1203]",mORF,"[0.0, 0.0, 0.0]",,0.0,,
gene-STM2338::NC_003197.2:2449216-2451361(+),default,,GTG,,,,"[0, 2145]",mORF,"[0.0, 0.0, 0.0]",,0.0,,
gene-STM2339::NC_003197.2:2451578-2453099(+),default,,ATG,,,,"[0, 1521]",mORF,"[0.0, 0.0, 0.0]",,0.0,,
gene-STM2340::NC_003197.2:2453147-2454920(-),default,,ATG,,,,"[819, 1773]",mORF,"[0.0, 0.0, 1.0]",,0.0,,
gene-STM2341::NC_003197.2:2454093-2456312(-),default,,ATG,,,,"[1388, 2219]",mORF,"[1.0, 0.0, 0.0]",,0.0,,
gene-STM2341::NC_003197.2:2454093-2456312(-),default,,ATG,,,,"[0, 1392]",mORF,"[0.0, 0.0, 0.0]",,0.0,,
gene-STM2343::NC_003197.2:2456332-2456605(-),default,,ATG,,,,"[0, 273]",mORF,"[0.0, 0.0, 0.0]",,0.0,,
gene-STM2344::NC_003197.2:2456685-2457129(-),default,,ATG,,,,"[0, 444]",mORF,"[0.0, 0.0, 0.0]",,0.0,,
gene-STM2345::NC_003197.2:2457381-2458401(+),default,,ATG,,,,"[0, 1020]",mORF,"[0.0, 0.0, 0.0]",,0.0,,
gene-STM2346::NC_003197.2:2458406-2458961(-),default,,ATG,,,,"[0, 555]",mORF,"[0.0, 0.0, 0.0]",,0.0,,
gene-STM2347::NC_003197.2:2459017-2459569(-),default,,ATG,,,,"[0, 552]",mORF,"[0.0, 0.0, 0.0]",,0.0,,
gene-STM2348::NC_003197.2:2459624-2461059(-),default,,ATG,,,,"[790, 1435]",mORF,"[0.0, 0.0, 0.0]",,0.0,,
gene-STM2350::NC_003197.2:2461184-2462126(+),default,,ATG,,,,"[0, 894]",mORF,"[0.0, 0.0, 0.0]",,0.0,,
gene-STM2351::NC_003197.2:2462129-2462906(-),default,,ATG,,,,"[0, 777]",mORF,"[0.0, 0.0, 0.0]",,0.0,,
gene-STM2352::NC_003197.2:2462916-2464489(-),default,,GTG,,,,"[865, 1573]",mORF,"[0.0, 0.0, 0.0]",,0.0,,
gene-STM2354::NC_003197.2:2464489-2465272(-),default,,ATG,,,,"[0, 783]",mORF,"[0.0, 0.0, 0.0]",,0.0,,
gene-STM2355::NC_003197.2:2465509-2466292(-),default,,ATG,,,,"[0, 783]",mORF,"[0.0, 0.0, 0.0]",,0.0,,
gene-STM2356::NC_003197.2:2466580-2467150(-),default,,ATG,,,,"[0, 570]",mORF,"[0.0, 0.0, 0.0]",,0.0,,
gene-STM2358::NC_003197.2:2468646-2469750(-),default,,ATG,,,,"[0, 1104]",mORF,"[0.0, 0.0, 0.0]",,0.0,,
gene-STM2360::NC_003197.2:2471263-2472661(-),default,,ATG,,,,"[0, 1398]",mORF,"[0.0, 0.0, 0.0]",,0.0,,
gene-STM2361::NC_003197.2:2472871-2474299(+),default,,ATG,,,,"[0, 1428]",mORF,"[0.0, 0.0, 0.0]",,0.0,,
gene-STM2362::NC_003197.2:2474334-2475852(-),default,,ATG,,,,"[0, 1518]",mORF,"[0.0, 0.0, 0.0]",,0.0,,
gene-STM2363::NC_003197.2:2475889-2476378(-),default,,ATG,,,,"[0, 489]",mORF,"[0.0, 0.0, 0.0]",,0.0,,
gene-STM2364::NC_003197.2:2476688-2478621(-),default,,ATG,,,,"[0, 1269]",mORF,"[0.0, 0.0, 0.0]",,0.0,,
gene-STM2364::NC_003197.2:2476688-2478621(-),default,,GTG,,,,"[1258, 1933]",mORF,"[0.0, 0.0, 2.0]",,0.0,,
gene-STM2366::NC_003197.2:2478688-2479603(-),default,,ATG,,,,"[0, 915]",mORF,"[0.0, 0.0, 0.0]",,0.0,,
gene-STM2367::NC_003197.2:2479752-2480460(-),default,,ATG,,,,"[48, 708]",mORF,"[0.0, 1.0, 0.0]",,0.0,,
gene-STM2368::NC_003197.2:2480460-2482286(-),default,,ATG,,,,"[1013, 1826]",mORF,"[0.0, 0.0, 0.0]",,0.0,,
gene-STM2370::NC_003197.2:2482353-2483490(-),default,,GTG,,,,"[0, 1137]",mORF,"[0.0, 0.0, 0.0]",,0.0,,
gene-STM2371::NC_003197.2:2483593-2485770(+),default,,ATG,,,,"[0, 1002]",mORF,"[0.0, 0.0, 0.0]",,0.0,,
gene-STM2372::NC_003197.2:2484591-2485770(-),default,,ATG,,,,"[0, 1179]",mORF,"[0.0, 0.0, 0.0]",,0.0,,
gene-STM2378::NC_003197.2:2488620-2489835(-),default,,ATG,,,,"[0, 1215]",mORF,"[0.0, 0.0, 0.0]",,0.0,,
gene-STM2380::NC_003197.2:2492046-2492322(-),default,,ATG,,,,"[0, 276]",mORF,"[0.0, 0.0, 0.0]",,0.0,,
gene-STM2381::NC_003197.2:2492354-2493711(-),default,,ATG,,,,"[808, 1357]",mORF,"[0.0, 0.0, 0.0]",,0.0,,
gene-STM2382::NC_003197.2:2492902-2494536(-),default,,ATG,,,,"[824, 1634]",mORF,"[90.0, 0.0, 0.0]",,0.0,,
gene-STM2384::NC_003197.2:2494539-2495660(-),default,,ATG,,,,"[35, 1121]",mORF,"[0.0, 0.0, 0.0]",,0.0,,
gene-STM2385::NC_003197.2:2495660-2496593(-),default,,GTG,,,,"[0, 933]",mORF,"[0.0, 0.0, 0.0]",,0.0,,
gene-STM2386::NC_003197.2:2496758-2497895(+),default,,ATG,,,,"[0, 552]",mORF,"[0.0, 0.0, 0.0]",,0.0,,
gene-STM2388::NC_003197.2:2498103-2501577(-),default,,ATG,,,,"[1326, 3474]",mORF,"[0.0, 0.0, 0.0]",,0.0,,
gene-STM2390::NC_003197.2:2501738-2502023(-),default,,ATG,,,,"[0, 285]",mORF,"[0.0, 0.0, 0.0]",,0.0,,
gene-STM2391::NC_003197.2:2502387-2503740(+),default,,ATG,,,,"[0, 1314]",mORF,"[0.0, 0.0, 0.0]",,0.0,,
gene-STM2396::NC_003197.2:2507259-2510499(-),default,,ATG,,,,"[1992, 3240]",mORF,"[0.0, 0.0, 0.0]",,0.0,,
gene-STM2397::NC_003197.2:2508496-2511693(-),default,,ATG,,,,"[1190, 3197]",mORF,"[0.0, 0.0, 0.0]",,0.0,,
gene-STM2400::NC_003197.2:2513795-2514038(-),default,,ATG,,,,"[0, 243]",mORF,"[0.0, 0.0, 0.0]",,0.0,,
gene-STM2401::NC_003197.2:2514559-2515480(+),default,,ATG,,,,"[0, 921]",mORF,"[0.0, 0.0, 0.0]",,0.0,,
gene-STM2402::NC_003197.2:2516003-2517291(-),default,,ATG,,,,"[49, 1288]",mORF,"[0.0, 0.0, 0.0]",,0.0,,
gene-STM2403::NC_003197.2:2517962-2518928(-),default,,ATG,,,,"[0, 966]",mORF,"[0.0, 0.0, 0.0]",,0.0,,
gene-STM2404::NC_003197.2:2519131-2520367(+),default,,ATG,,,,"[0, 1236]",mORF,"[0.0, 0.0, 0.0]",,0.0,,
gene-STM2406::NC_003197.2:2522218-2523217(+),default,,ATG,,,,"[0, 999]",mORF,"[0.0, 0.0, 0.0]",,0.0,,
gene-STM2407::NC_003197.2:2523330-2523657(+),default,,ATG,,,,"[0, 327]",mORF,"[0.0, 0.0, 0.0]",,0.0,,
gene-STM2408::NC_003197.2:2523717-2524959(-),default,,ATG,,,,"[0, 1242]",mORF,"[0.0, 0.0, 0.0]",,0.0,,
gene-STM2409::NC_003197.2:2525301-2526548(+),default,,ATG,,,,"[0, 1203]",mORF,"[0.0, 0.0, 0.0]",,0.0,,
gene-STM2410::NC_003197.2:2526556-2528746(-),default,,ATG,,,,"[0, 2190]",mORF,"[0.0, 0.0, 0.0]",,0.0,,
gene-STM2413::NC_003197.2:2529351-2529714(+),default,,ATG,,,,"[0, 363]",mORF,"[0.0, 0.0, 0.0]",,0.0,,
gene-STM2414::NC_003197.2:2529715-2530108(+),default,,ATG,,,,"[0, 393]",mORF,"[0.0, 0.0, 0.0]",,0.0,,
gene-STM2415::NC_003197.2:2530161-2531577(-),default,,ATG,,,,"[0, 1416]",mORF,"[0.0, 0.0, 0.0]",,0.0,,
gene-STM2424::NC_003197.2:2536768-2537695(-),default,,ATG,,,,"[0, 927]",mORF,"[0.0, 0.0, 0.0]",,0.0,,
gene-STM2425::NC_003197.2:2537784-2541015(+),default,,ATG,,,,"[0, 999]",mORF,"[0.0, 0.0, 0.0]",,0.0,,
gene-STM2426::NC_003197.2:2538779-2541015(-),default,,ATG,,,,"[0, 2016]",mORF,"[0.0, 0.0, 0.0]",,0.0,,
gene-STM2428::NC_003197.2:2541086-2542073(-),default,,ATG,,,,"[0, 987]",mORF,"[0.0, 0.0, 0.0]",,0.0,,
gene-STM2429::NC_003197.2:2542304-2543066(+),default,,ATG,,,,"[0, 762]",mORF,"[0.0, 0.0, 0.0]",,0.0,,
gene-STM2430::NC_003197.2:2543229-2544249(+),default,,ATG,,,,"[0, 972]",mORF,"[0.0, 0.0, 0.0]",,0.0,,
gene-STM2431::NC_003197.2:2544584-2544842(+),default,,ATG,,,,"[0, 258]",mORF,"[0.0, 0.0, 0.0]",,0.0,,
gene-STM2432::NC_003197.2:2544890-2546618(+),default,,ATG,,,,"[0, 1728]",mORF,"[0.0, 0.0, 0.0]",,0.0,,
gene-STM2433::NC_003197.2:2546658-2547168(+),default,,ATG,,,,"[0, 510]",mORF,"[0.0, 0.0, 0.0]",,0.0,,
gene-STM2437::NC_003197.2:2549808-2550528(+),default,,GTG,,,,"[0, 720]",mORF,"[0.0, 0.0, 0.0]",,0.0,,
gene-STM2438::NC_003197.2:2550586-2550967(+),default,,ATG,,,,"[0, 381]",mORF,"[0.0, 0.0, 0.0]",,0.0,,
gene-STM2441::NC_003197.2:2552628-2554590(-),default,,ATG,,,,"[864, 1962]",mORF,"[0.0, 0.0, 0.0]",,0.0,,
gene-STM2442::NC_003197.2:2553715-2555423(-),default,,ATG,,,,"[832, 1708]",mORF,"[0.0, 0.0, 0.0]",,0.0,,
gene-STM2445::NC_003197.2:2556597-2557418(-),default,,ATG,,,,"[29, 821]",mORF,"[0.0, 1.0, 0.0]",,0.0,,
gene-STM2446::NC_003197.2:2557626-2558526(-),default,,ATG,,,,"[0, 900]",mORF,"[0.0, 0.0, 0.0]",,0.0,,
gene-STM2447::NC_003197.2:2558620-2559196(-),default,,ATG,,,,"[0, 576]",mORF,"[0.0, 0.0, 0.0]",,0.0,,
gene-STM2451::NC_003197.2:2561203-2562103(+),default,,ATG,,,,"[0, 900]",mORF,"[0.0, 0.0, 0.0]",,0.0,,
gene-STM2453::NC_003197.2:2562581-2563859(+),default,,ATG,,,,"[0, 1278]",mORF,"[0.0, 0.0, 0.0]",,0.0,,
gene-STM2456::NC_003197.2:2565665-2566325(-),default,,ATG,,,,"[0, 660]",mORF,"[0.0, 0.0, 0.0]",,0.0,,
gene-STM2458::NC_003197.2:2567249-2568622(-),default,,ATG,,,,"[11, 1373]",mORF,"[0.0, 0.0, 0.0]",,0.0,,
gene-STM2464::NC_003197.2:2574810-2575210(-),default,,ATG,,,,"[100, 400]",mORF,"[0.0, 0.0, 0.0]",,0.0,,
gene-STM2468::NC_003197.2:2577354-2578513(-),default,,GTG,,,,"[469, 1159]",mORF,"[0.0, 0.0, 0.0]",,0.0,,
gene-STM2472::NC_003197.2:2579977-2582257(-),default,,ATG,,,,"[0, 2280]",mORF,"[0.0, 0.0, 0.0]",,0.0,,
gene-STM2473::NC_003197.2:2582528-2583498(+),default,,ATG,,,,"[0, 951]",mORF,"[0.0, 0.0, 0.0]",,0.0,,
gene-STM2474::NC_003197.2:2583498-2585792(+),default,,ATG,,,,"[0, 2001]",mORF,"[0.0, 0.0, 0.0]",,0.0,,
gene-STM2475::NC_003197.2:2585561-2585792(-),default,,ATG,,,,"[0, 231]",mORF,"[0.0, 0.0, 0.0]",,0.0,,
gene-STM2478::NC_003197.2:2587866-2589165(+),default,,ATG,,,,"[0, 1299]",mORF,"[0.0, 0.0, 0.0]",,0.0,,
gene-STM2479::NC_003197.2:2589613-2591575(-),default,,ATG,,,,"[0, 1962]",mORF,"[0.0, 0.0, 0.0]",,0.0,,
gene-STM2481::NC_003197.2:2593645-2596759(+),default,,ATG,,,,"[0, 3114]",mORF,"[0.0, 0.0, 0.0]",,0.0,,
gene-STM2482::NC_003197.2:2597332-2597692(+),default,,ATG,,,,"[0, 357]",mORF,"[0.0, 0.0, 0.0]",,0.0,,
gene-STM2483::NC_003197.2:2597692-2598820(+),default,,ATG,,,,"[0, 1128]",mORF,"[0.0, 0.0, 0.0]",,0.0,,
gene-STM2485::NC_003197.2:2599074-2601093(-),default,,ATG,,,,"[0, 2019]",mORF,"[0.0, 0.0, 0.0]",,0.0,,
gene-STM2486::NC_003197.2:2601108-2601972(-),default,,ATG,,,,"[0, 864]",mORF,"[0.0, 0.0, 0.0]",,0.0,,
gene-STM2487::NC_003197.2:2602102-2602816(-),default,,ATG,,,,"[0, 714]",mORF,"[0.0, 0.0, 0.0]",,0.0,,
gene-STM2488::NC_003197.2:2602990-2604025(-),default,,ATG,,,,"[0, 1035]",mORF,"[0.0, 0.0, 0.0]",,0.0,,
gene-STM2489::NC_003197.2:2604041-2604920(-),default,,ATG,,,,"[0, 879]",mORF,"[0.0, 0.0, 0.0]",,0.0,,
gene-STM2493::NC_003197.2:2606694-2607762(-),default,,ATG,,,,"[0, 1068]",mORF,"[0.0, 0.0, 0.0]",,0.0,,
gene-STM2494::NC_003197.2:2607969-2609433(+),default,,ATG,,,,"[0, 1464]",mORF,"[0.0, 0.0, 0.0]",,0.0,,
gene-STM2495::NC_003197.2:2609472-2609832(+),default,,ATG,,,,"[0, 360]",mORF,"[0.0, 0.0, 0.0]",,0.0,,
gene-STM2497::NC_003197.2:2610654-2611944(-),default,,ATG,,,,"[0, 1290]",mORF,"[0.0, 0.0, 0.0]",,0.0,,
gene-STM2498::NC_003197.2:2612031-2612658(-),default,,ATG,,,,"[0, 627]",mORF,"[0.0, 0.0, 0.0]",,0.0,,
gene-STM2499::NC_003197.2:2613071-2614747(+),default,,ATG,,,,"[1037, 1676]",mORF,"[0.0, 0.0, 0.0]",,0.0,,
gene-STM2499::NC_003197.2:2613071-2614747(+),default,,GTG,,,,"[0, 1038]",mORF,"[0.0, 0.0, 0.0]",,0.0,,
gene-STM2501::NC_003197.2:2614935-2617002(+),default,,ATG,,,,"[0, 2067]",mORF,"[0.0, 0.0, 0.0]",,0.0,,
gene-STM2502::NC_003197.2:2617006-2618548(+),default,,ATG,,,,"[0, 1542]",mORF,"[0.0, 0.0, 0.0]",,0.0,,
gene-STM2503::NC_003197.2:2618583-2620797(-),default,,ATG,,,,"[0, 2214]",mORF,"[0.0, 0.0, 0.0]",,0.0,,
gene-STM2506::NC_003197.2:2621209-2621401(+),default,,GTG,,,,"[0, 192]",mORF,"[0.0, 0.0, 0.0]",,0.0,,
gene-STM2508::NC_003197.2:2621941-2622271(+),default,,GTG,,,,"[0, 330]",mORF,"[0.0, 0.0, 0.0]",,0.0,,
gene-STM2510::NC_003197.2:2622803-2624381(-),default,,ATG,,,,"[0, 1578]",mORF,"[0.0, 0.0, 0.0]",,0.0,,
gene-STM2511::NC_003197.2:2624450-2625917(-),default,,ATG,,,,"[0, 1467]",mORF,"[0.0, 0.0, 0.0]",,0.0,,
gene-STM2512::NC_003197.2:2626077-2627427(+),default,,ATG,,,,"[0, 1350]",mORF,"[0.0, 0.0, 0.0]",,0.0,,
gene-STM2514::NC_003197.2:2634401-2641874(-),default,,GTG,,,,"[165, 7473]",mORF,"[0.0, 0.0, 0.0]",,0.0,,
gene-STM2515::NC_003197.2:2641874-2647591(-),default,,ATG,,,,"[119, 5717]",mORF,"[0.0, 0.0, 0.0]",,0.0,,
gene-STM2516::NC_003197.2:2647591-2648551(-),default,,ATG,,,,"[0, 960]",mORF,"[0.0, 0.0, 0.0]",,0.0,,
gene-STM2518::NC_003197.2:2651146-2651456(-),default,,ATG,,,,"[88, 310]",mORF,"[0.0, 0.0, 0.0]",,0.0,,
gene-STM2519::NC_003197.2:2651456-2653047(-),default,,ATG,,,,"[118, 1591]",mORF,"[0.0, 0.0, 0.0]",,0.0,,
gene-STM2520::NC_003197.2:2653047-2654236(-),default,,ATG,,,,"[10, 1189]",mORF,"[0.0, 0.0, 0.0]",,0.0,,
gene-STM2521::NC_003197.2:2654236-2654870(-),default,,GTG,,,,"[13, 634]",mORF,"[0.0, 0.0, 0.0]",,0.0,,
gene-STM2523::NC_003197.2:2656255-2657400(-),default,,ATG,,,,"[26, 1145]",mORF,"[0.0, 0.0, 0.0]",,0.0,,
gene-STM2524::NC_003197.2:2657400-2658696(-),default,,ATG,,,,"[291, 1296]",mORF,"[1.0, 0.0, 0.0]",,0.0,,
gene-STM2525::NC_003197.2:2658696-2660069(-),default,,ATG,,,,"[206, 1373]",mORF,"[0.0, 1.0, 2.0]",,0.0,,
gene-STM2526::NC_003197.2:2660069-2660621(-),default,,ATG,,,,"[120, 552]",mORF,"[14.0, 147.0, 51.0]",,0.0,,
gene-STM2528::NC_003197.2:2661484-2662912(-),default,,ATG,,,,"[618, 1428]",mORF,"[0.0, 0.0, 0.0]",,0.0,,
gene-STM2529::NC_003197.2:2662286-2665318(-),default,,ATG,,,,"[2402, 3032]",mORF,"[0.0, 0.0, 0.0]",,0.0,,
gene-STM2531::NC_003197.2:2665446-2667762(-),default,,ATG,,,,"[0, 2316]",mORF,"[0.0, 0.0, 0.0]",,0.0,,
gene-STM2532::NC_003197.2:2667762-2672697(-),default,,ATG,,,,"[0, 4935]",mORF,"[0.0, 0.0, 0.0]",,0.0,,
gene-STM2533::NC_003197.2:2672905-2673748(+),default,,ATG,,,,"[0, 843]",mORF,"[0.0, 0.0, 0.0]",,0.0,,
gene-STM2535::NC_003197.2:2675231-2676017(-),default,,GTG,,,,"[0, 786]",mORF,"[0.0, 0.0, 0.0]",,0.0,,
gene-STM2536::NC_003197.2:2676117-2677401(-),default,,ATG,,,,"[0, 1284]",mORF,"[0.0, 0.0, 0.0]",,0.0,,
gene-STM2537::NC_003197.2:2677647-2677848(-),default,,ATG,,,,"[0, 201]",mORF,"[0.0, 0.0, 0.0]",,0.0,,
gene-STM2538::NC_003197.2:2677859-2678195(-),default,,ATG,,,,"[0, 336]",mORF,"[0.0, 0.0, 0.0]",,0.0,,
gene-STM2539::NC_003197.2:2678196-2680047(-),default,,ATG,,,,"[0, 1851]",mORF,"[0.0, 0.0, 0.0]",,0.0,,
gene-STM2540::NC_003197.2:2680059-2680575(-),default,,ATG,,,,"[0, 516]",mORF,"[0.0, 0.0, 0.0]",,0.0,,
gene-STM2541::NC_003197.2:2680770-2681094(-),default,,ATG,,,,"[0, 324]",mORF,"[0.0, 0.0, 0.0]",,0.0,,
gene-STM2542::NC_003197.2:2681122-2681509(-),default,,ATG,,,,"[0, 387]",mORF,"[0.0, 0.0, 0.0]",,0.0,,
gene-STM2543::NC_003197.2:2681536-2682751(-),default,,ATG,,,,"[0, 1215]",mORF,"[0.0, 0.0, 0.0]",,0.0,,
gene-STM2544::NC_003197.2:2682931-2683426(-),default,,ATG,,,,"[0, 495]",mORF,"[0.0, 0.0, 0.0]",,0.0,,
gene-STM2545::NC_003197.2:2683585-2684317(-),default,,ATG,,,,"[0, 732]",mORF,"[0.0, 0.0, 0.0]",,0.0,,
gene-STM2546::NC_003197.2:2684435-2685239(+),default,,ATG,,,,"[0, 804]",mORF,"[0.0, 0.0, 0.0]",,0.0,,
gene-STM2548::NC_003197.2:2686443-2687487(+),default,,ATG,,,,"[0, 1044]",mORF,"[0.0, 0.0, 0.0]",,0.0,,
gene-STM2550::NC_003197.2:2688319-2689333(+),default,,ATG,,,,"[0, 1014]",mORF,"[0.0, 0.0, 0.0]",,0.0,,
gene-STM2551::NC_003197.2:2689333-2690949(-),default,,ATG,,,,"[0, 639]",mORF,"[0.0, 0.0, 0.0]",,0.0,,
gene-STM2551::NC_003197.2:2689333-2690949(-),default,,ATG,,,,"[629, 1616]",mORF,"[0.0, 0.0, 0.0]",,0.0,,
gene-STM2554::NC_003197.2:2692346-2693486(-),default,,ATG,,,,"[0, 1140]",mORF,"[0.0, 0.0, 0.0]",,0.0,,
gene-STM2555::NC_003197.2:2693681-2694935(-),default,,ATG,,,,"[0, 1254]",mORF,"[0.0, 0.0, 0.0]",,0.0,,
gene-STM2557::NC_003197.2:2696631-2698176(+),default,,ATG,,,,"[0, 1545]",mORF,"[0.0, 0.0, 0.0]",,0.0,,
gene-STM2558::NC_003197.2:2698536-2699868(+),default,,ATG,,,,"[0, 1332]",mORF,"[0.0, 0.0, 0.0]",,0.0,,
gene-STM2559::NC_003197.2:2699950-2702095(+),default,,ATG,,,,"[0, 2145]",mORF,"[0.0, 0.0, 0.0]",,0.0,,
gene-STM2560::NC_003197.2:2702150-2703611(+),default,,ATG,,,,"[0, 1461]",mORF,"[0.0, 0.0, 0.0]",,0.0,,
gene-STM2561::NC_003197.2:2703659-2703998(-),default,,ATG,,,,"[0, 339]",mORF,"[0.0, 0.0, 0.0]",,0.0,,
gene-STM2562::NC_003197.2:2704074-2706173(-),default,,ATG,,,,"[0, 765]",mORF,"[0.0, 0.0, 0.0]",,0.0,,
gene-STM2562::NC_003197.2:2704074-2706173(-),default,,ATG,,,,"[761, 2099]",mORF,"[0.0, 0.0, 0.0]",,0.0,,
gene-STM2564::NC_003197.2:2706174-2707617(-),default,,GTG,,,,"[0, 1443]",mORF,"[0.0, 0.0, 0.0]",,0.0,,
gene-STM2565::NC_003197.2:2708254-2712142(-),default,,ATG,,,,"[0, 3888]",mORF,"[0.0, 0.0, 0.0]",,0.0,,
gene-STM2567::NC_003197.2:2712397-2713942(+),default,,TTG,,,,"[0, 1545]",mORF,"[0.0, 0.0, 0.0]",,0.0,,
gene-STM2569::NC_003197.2:2714568-2715204(-),default,,TTG,,,,"[0, 636]",mORF,"[0.0, 0.0, 0.0]",,0.0,,
gene-STM2570::NC_003197.2:2715207-2716569(-),default,,ATG,,,,"[0, 1362]",mORF,"[0.0, 0.0, 0.0]",,0.0,,
gene-STM2571::NC_003197.2:2716579-2717473(-),default,,ATG,,,,"[0, 894]",mORF,"[0.0, 0.0, 0.0]",,0.0,,
gene-STM2572::NC_003197.2:2717588-2718437(+),default,,ATG,,,,"[0, 849]",mORF,"[0.0, 0.0, 0.0]",,0.0,,
gene-STM2576::NC_003197.2:2721690-2721951(+),default,,ATG,,,,"[0, 261]",mORF,"[0.0, 0.0, 0.0]",,0.0,,
gene-STM2577::NC_003197.2:2722062-2723174(-),default,,ATG,,,,"[0, 732]",mORF,"[0.0, 0.0, 0.0]",,0.0,,
gene-STM2577::NC_003197.2:2722062-2723174(-),default,,ATG,,,,"[731, 1112]",mORF,"[0.0, 0.0, 0.0]",,0.0,,
gene-STM2580::NC_003197.2:2723925-2725508(-),default,,ATG,,,,"[677, 1583]",mORF,"[2.0, 4.0, 4.0]",,0.0,,
gene-STM2582::NC_003197.2:2725781-2726772(-),default,,ATG,,,,"[16, 991]",mORF,"[1.0, 0.0, 0.0]",,0.0,,
gene-STM2583::NC_003197.2:2726772-2728572(-),default,,ATG,,,,"[0, 1800]",mORF,"[0.0, 0.0, 0.0]",,0.0,,
gene-STM2585::NC_003197.2:2731356-2731902(+),default,,GTG,,,,"[0, 546]",mORF,"[0.0, 0.0, 0.0]",,0.0,,
gene-STM2590::NC_003197.2:2740857-2742002(-),default,,ATG,,,,"[497, 1145]",mORF,"[0.0, 0.0, 0.0]",,0.0,,
gene-STM2602::NC_003197.2:2750477-2750837(-),default,,ATG,,,,"[0, 360]",mORF,"[0.0, 0.0, 0.0]",,0.0,,
gene-STM2603::NC_003197.2:2750894-2751923(-),default,,ATG,,,,"[0, 1029]",mORF,"[0.0, 0.0, 0.0]",,0.0,,
gene-STM2604::NC_003197.2:2751977-2752325(-),default,,ATG,,,,"[0, 348]",mORF,"[0.0, 0.0, 0.0]",,0.0,,
gene-STM2605::NC_003197.2:2752337-2755400(-),default,,GTG,,,,"[1566, 3063]",mORF,"[0.0, 0.0, 0.0]",,0.0,,
gene-STM2606::NC_003197.2:2753823-2755587(-),default,,GTG,,,,"[183, 1764]",mORF,"[0.0, 0.0, 0.0]",,0.0,,
gene-STM2610::NC_003197.2:2758322-2758724(+),default,,ATG,,,,"[0, 402]",mORF,"[0.0, 0.0, 0.0]",,0.0,,
gene-STM2614::NC_003197.2:2760470-2761157(+),default,,ATG,,,,"[0, 687]",mORF,"[0.0, 0.0, 0.0]",,0.0,,
gene-STM2616::NC_003197.2:2762066-2762630(-),default,,ATG,,,,"[0, 564]",mORF,"[0.0, 0.0, 0.0]",,0.0,,
gene-STM2621::NC_003197.2:2765551-2765943(-),default,,ATG,,,,"[158, 392]",mORF,"[0.0, 0.0, 1.0]",,0.0,,
gene-STM2631::NC_003197.2:2770522-2770873(+),default,,ATG,,,,"[0, 351]",mORF,"[0.0, 0.0, 0.0]",,0.0,,
gene-STM2634::NC_003197.2:2775047-2775287(+),default,,ATG,,,,"[0, 240]",mORF,"[0.0, 0.0, 0.0]",,0.0,,
gene-STM2636::NC_003197.2:2775589-2776819(-),default,,ATG,,,,"[0, 1230]",mORF,"[0.0, 0.0, 0.0]",,0.0,,
gene-STM2637::NC_003197.2:2777316-2778748(-),default,,ATG,,,,"[952, 1432]",mORF,"[0.0, 0.0, 0.0]",,0.0,,
gene-STM2638::NC_003197.2:2777792-2779399(-),default,,ATG,,,,"[650, 1607]",mORF,"[0.0, 0.0, 0.0]",,0.0,,
gene-STM2640::NC_003197.2:2779430-2780147(-),default,,ATG,,,,"[141, 717]",mORF,"[0.0, 1.0, 0.0]",,0.0,,
gene-STM2642::NC_003197.2:2782037-2782775(-),default,,ATG,,,,"[0, 738]",mORF,"[0.0, 0.0, 0.0]",,0.0,,
gene-STM2643::NC_003197.2:2782905-2784240(+),default,,ATG,,,,"[0, 1335]",mORF,"[0.0, 0.0, 0.0]",,0.0,,
gene-STM2644::NC_003197.2:2784257-2785157(-),default,,ATG,,,,"[0, 900]",mORF,"[0.0, 0.0, 0.0]",,0.0,,
gene-STM2645::NC_003197.2:2785259-2785847(+),default,,GTG,,,,"[0, 588]",mORF,"[0.0, 0.0, 0.0]",,0.0,,
gene-STM2646::NC_003197.2:2785908-2786292(-),default,,ATG,,,,"[0, 384]",mORF,"[0.0, 0.0, 0.0]",,0.0,,
gene-STM2647::NC_003197.2:2786610-2787300(+),default,,ATG,,,,"[0, 690]",mORF,"[0.0, 0.0, 0.0]",,0.0,,
gene-STM2648::NC_003197.2:2787415-2788453(-),default,,ATG,,,,"[0, 1038]",mORF,"[0.0, 0.0, 0.0]",,0.0,,
gene-STM2649::NC_003197.2:2788656-2789076(+),default,,ATG,,,,"[0, 420]",mORF,"[0.0, 0.0, 0.0]",,0.0,,
gene-STM2650::NC_003197.2:2789148-2789829(+),default,,ATG,,,,"[0, 681]",mORF,"[0.0, 0.0, 0.0]",,0.0,,
gene-STM2651::NC_003197.2:2789882-2792543(+),default,,ATG,,,,"[0, 2661]",mORF,"[0.0, 0.0, 0.0]",,0.0,,
gene-STM2652::NC_003197.2:2792657-2794013(+),default,,ATG,,,,"[0, 1356]",mORF,"[0.0, 0.0, 0.0]",,0.0,,
gene-STM2654::NC_003197.2:2794377-2795679(-),default,,ATG,,,,"[0, 1302]",mORF,"[0.0, 0.0, 0.0]",,0.0,,
gene-STM2660::NC_003197.2:2802118-2804692(-),default,,ATG,,,,"[0, 2574]",mORF,"[0.0, 0.0, 0.0]",,0.0,,
gene-STM2661::NC_003197.2:2804821-2806530(-),default,,ATG,,,,"[0, 981]",mORF,"[0.0, 0.0, 0.0]",,0.0,,
gene-STM2661::NC_003197.2:2804821-2806530(-),default,,ATG,,,,"[977, 1709]",mORF,"[0.0, 1.0, 4.0]",,0.0,,
gene-STM2663::NC_003197.2:2806661-2807399(+),default,,ATG,,,,"[0, 738]",mORF,"[0.0, 0.0, 0.0]",,0.0,,
gene-STM2665::NC_003197.2:2807670-2808009(+),default,,ATG,,,,"[0, 339]",mORF,"[0.0, 0.0, 0.0]",,0.0,,
gene-STM2667::NC_003197.2:2808259-2810289(+),default,,ATG,,,,"[0, 1161]",mORF,"[0.0, 0.0, 0.0]",,0.0,,
gene-STM2669::NC_003197.2:2810346-2811468(-),default,,ATG,,,,"[0, 1122]",mORF,"[0.0, 0.0, 0.0]",,0.0,,
gene-STM2670::NC_003197.2:2811477-2812548(-),default,,ATG,,,,"[0, 1071]",mORF,"[0.0, 0.0, 0.0]",,0.0,,
gene-STM2671::NC_003197.2:2812987-2814719(+),default,,ATG,,,,"[0, 519]",mORF,"[0.0, 0.0, 0.0]",,0.0,,
gene-STM2673::NC_003197.2:2814875-2815223(-),default,,ATG,,,,"[0, 348]",mORF,"[0.0, 0.0, 0.0]",,0.0,,
gene-STM2674::NC_003197.2:2815263-2816031(-),default,,GTG,,,,"[0, 768]",mORF,"[0.0, 0.0, 0.0]",,0.0,,
gene-STM2675::NC_003197.2:2816075-2816642(-),default,,ATG,,,,"[18, 567]",mORF,"[1.0, 0.0, 0.0]",,0.0,,
gene-STM2676::NC_003197.2:2816642-2816891(-),default,,ATG,,,,"[0, 249]",mORF,"[0.0, 0.0, 0.0]",,0.0,,
gene-STM2677::NC_003197.2:2817204-2818603(-),default,,ATG,,,,"[37, 1399]",mORF,"[0.0, 0.0, 0.0]",,0.0,,
gene-STM2678::NC_003197.2:2818731-2819523(+),default,,ATG,,,,"[0, 792]",mORF,"[0.0, 0.0, 0.0]",,0.0,,
gene-STM2679::NC_003197.2:2819587-2820829(+),default,,ATG,,,,"[0, 1242]",mORF,"[0.0, 0.0, 0.0]",,0.0,,
gene-STM2680::NC_003197.2:2820949-2821555(+),default,,ATG,,,,"[0, 606]",mORF,"[0.0, 0.0, 0.0]",,0.0,,
gene-STM2681::NC_003197.2:2821589-2823181(-),default,,ATG,,,,"[1001, 1592]",mORF,"[0.0, 0.0, 0.0]",,0.0,,
gene-STM2683::NC_003197.2:2822302-2823181(+),default,,ATG,,,,"[0, 879]",mORF,"[0.0, 0.0, 0.0]",,0.0,,
gene-STM2684::NC_003197.2:2823266-2824928(+),default,,ATG,,,,"[0, 1662]",mORF,"[0.0, 0.0, 0.0]",,0.0,,
gene-STM2685::NC_003197.2:2825076-2825415(+),default,,ATG,,,,"[0, 339]",mORF,"[0.0, 0.0, 0.0]",,0.0,,
gene-STM2686::NC_003197.2:2825580-2826337(-),default,,GTG,,,,"[466, 757]",mORF,"[0.0, 0.0, 0.0]",,0.0,,
gene-STM2688::NC_003197.2:2826486-2826969(+),default,,ATG,,,,"[0, 483]",mORF,"[0.0, 0.0, 0.0]",,0.0,,
gene-STM2779::NC_003197.2:2926298-2926631(-),default,,TTG,,,,"[0, 333]",mORF,"[0.0, 0.0, 0.0]",,0.0,,
gene-STM2780::NC_003197.2:2926805-2927858(-),default,,ATG,,,,"[0, 1053]",mORF,"[0.0, 0.0, 0.0]",,0.0,,
gene-STM2781::NC_003197.2:2928376-2929306(+),default,,ATG,,,,"[0, 930]",mORF,"[0.0, 0.0, 0.0]",,0.0,,
gene-STM2782::NC_003197.2:2929598-2930495(+),default,,GTG,,,,"[0, 897]",mORF,"[0.0, 0.0, 0.0]",,0.0,,
gene-STM2783::NC_003197.2:2931216-2932230(-),default,,ATG,,,,"[0, 1014]",mORF,"[0.0, 0.0, 0.0]",,0.0,,
gene-STM2784::NC_003197.2:2932362-2934439(-),default,,ATG,,,,"[0, 675]",mORF,"[0.0, 0.0, 0.0]",,0.0,,
gene-STM2784::NC_003197.2:2932362-2934439(-),default,,ATG,,,,"[661, 2077]",mORF,"[0.0, 0.0, 0.0]",,0.0,,
gene-STM2786::NC_003197.2:2934593-2935571(+),default,,ATG,,,,"[0, 978]",mORF,"[0.0, 0.0, 0.0]",,0.0,,
gene-STM2787::NC_003197.2:2935582-2936017(+),default,,ATG,,,,"[0, 435]",mORF,"[0.0, 0.0, 0.0]",,0.0,,
gene-STM2788::NC_003197.2:2936027-2937542(+),default,,ATG,,,,"[0, 1515]",mORF,"[0.0, 0.0, 0.0]",,0.0,,
gene-STM2789::NC_003197.2:2937835-2938847(+),default,,ATG,,,,"[0, 987]",mORF,"[0.0, 0.0, 0.0]",,0.0,,
gene-STM2791::NC_003197.2:2940137-2941586(+),default,,ATG,,,,"[0, 1449]",mORF,"[0.0, 0.0, 0.0]",,0.0,,
gene-STM2792::NC_003197.2:2941600-2942884(+),default,,ATG,,,,"[0, 1284]",mORF,"[0.0, 0.0, 0.0]",,0.0,,
gene-STM2793::NC_003197.2:2943013-2944414(+),default,,ATG,,,,"[0, 1401]",mORF,"[0.0, 0.0, 0.0]",,0.0,,
gene-STM2796::NC_003197.2:2945703-2945886(-),default,,ATG,,,,"[24, 183]",mORF,"[0.0, 0.0, 0.0]",,0.0,,
gene-STM2798::NC_003197.2:2946353-2946881(+),default,,ATG,,,,"[0, 528]",mORF,"[0.0, 0.0, 0.0]",,0.0,,
gene-STM2799::NC_003197.2:2947228-2947630(-),default,,ATG,,,,"[0, 402]",mORF,"[0.0, 0.0, 0.0]",,0.0,,
gene-STM2800::NC_003197.2:2948328-2948778(+),default,,ATG,,,,"[0, 450]",mORF,"[0.0, 0.0, 0.0]",,0.0,,
gene-STM2801::NC_003197.2:2948812-2949163(-),default,,ATG,,,,"[0, 351]",mORF,"[0.0, 0.0, 0.0]",,0.0,,
gene-STM2802::NC_003197.2:2949312-2949651(+),default,,ATG,,,,"[0, 339]",mORF,"[0.0, 0.0, 0.0]",,0.0,,
gene-STM2809::NC_003197.2:2955954-2958214(+),default,,ATG,,,,"[0, 1203]",mORF,"[0.0, 0.0, 0.0]",,0.0,,
gene-STM2811::NC_003197.2:2958283-2959279(+),default,,ATG,,,,"[0, 996]",mORF,"[0.0, 0.0, 0.0]",,0.0,,
gene-STM2812::NC_003197.2:2959443-2960628(+),default,,ATG,,,,"[0, 1185]",mORF,"[0.0, 0.0, 0.0]",,0.0,,
gene-STM2813::NC_003197.2:2961124-2961655(+),default,,ATG,,,,"[0, 531]",mORF,"[0.0, 0.0, 0.0]",,0.0,,
gene-STM2814::NC_003197.2:2961781-2962954(+),default,,ATG,,,,"[0, 1173]",mORF,"[0.0, 0.0, 0.0]",,0.0,,
gene-STM2815::NC_003197.2:2962970-2964509(+),default,,ATG,,,,"[0, 1539]",mORF,"[0.0, 0.0, 0.0]",,0.0,,
gene-STM2817::NC_003197.2:2966273-2966789(-),default,,ATG,,,,"[0, 516]",mORF,"[0.0, 0.0, 0.0]",,0.0,,
gene-STM2818::NC_003197.2:2966938-2968495(-),default,,TTG,,,,"[0, 1557]",mORF,"[0.0, 0.0, 0.0]",,0.0,,
gene-STM2819::NC_003197.2:2968571-2969560(-),default,,GTG,,,,"[563, 989]",mORF,"[0.0, 0.0, 0.0]",,0.0,,
gene-STM2826::NC_003197.2:2970954-2971259(-),default,,ATG,,,,"[119, 305]",mORF,"[0.0, 3.0, 0.0]",,0.0,,
gene-STM2827::NC_003197.2:2971374-2974005(-),default,,ATG,,,,"[0, 2631]",mORF,"[0.0, 0.0, 0.0]",,0.0,,
gene-STM2830::NC_003197.2:2976003-2976501(-),default,,ATG,,,,"[0, 498]",mORF,"[0.0, 0.0, 0.0]",,0.0,,
gene-STM2831::NC_003197.2:2976978-2978058(-),default,,ATG,,,,"[0, 1080]",mORF,"[0.0, 0.0, 0.0]",,0.0,,
gene-STM2832::NC_003197.2:2978311-2979843(+),default,,ATG,,,,"[0, 564]",mORF,"[0.0, 0.0, 0.0]",,0.0,,
gene-STM2834::NC_003197.2:2979854-2980217(+),default,,ATG,,,,"[0, 363]",mORF,"[0.0, 0.0, 0.0]",,0.0,,
gene-STM2835::NC_003197.2:2980228-2981008(+),default,,ATG,,,,"[0, 780]",mORF,"[0.0, 0.0, 0.0]",,0.0,,
gene-STM2837::NC_003197.2:2981640-2982414(+),default,,ATG,,,,"[0, 774]",mORF,"[0.0, 0.0, 0.0]",,0.0,,
gene-STM2838::NC_003197.2:2982445-2984889(+),default,,ATG,,,,"[0, 927]",mORF,"[0.0, 0.0, 0.0]",,0.0,,
gene-STM2839::NC_003197.2:2983368-2984889(-),default,,ATG,,,,"[0, 1521]",mORF,"[0.0, 0.0, 0.0]",,0.0,,
gene-STM2842::NC_003197.2:2987740-2989981(-),default,,ATG,,,,"[0, 2241]",mORF,"[0.0, 0.0, 0.0]",,0.0,,
gene-STM2844::NC_003197.2:2990872-2991682(-),default,,GTG,,,,"[0, 810]",mORF,"[0.0, 0.0, 0.0]",,0.0,,
gene-STM2845::NC_003197.2:2991708-2992578(-),default,,GTG,,,,"[399, 870]",mORF,"[0.0, 0.0, 0.0]",,0.0,,
gene-STM2847::NC_003197.2:2992578-2993888(-),default,,ATG,,,,"[542, 1310]",mORF,"[0.0, 0.0, 0.0]",,0.0,,
gene-STM2855::NC_003197.2:3000226-3001361(+),default,,ATG,,,,"[0, 873]",mORF,"[0.0, 0.0, 0.0]",,0.0,,
gene-STM2856::NC_003197.2:3001089-3002483(+),default,,ATG,,,,"[0, 273]",mORF,"[0.0, 0.0, 0.0]",,0.0,,
gene-STM2856::NC_003197.2:3001089-3002483(+),default,,ATG,,,,"[272, 1394]",mORF,"[0.0, 0.0, 0.0]",,0.0,,
gene-STM2858::NC_003197.2:3002521-3003490(+),default,,ATG,,,,"[0, 969]",mORF,"[0.0, 0.0, 0.0]",,0.0,,
gene-STM2859::NC_003197.2:3003708-3005787(+),default,,ATG,,,,"[0, 2079]",mORF,"[0.0, 0.0, 0.0]",,0.0,,
gene-STM2861::NC_003197.2:3006374-3008106(+),default,,ATG,,,,"[0, 918]",mORF,"[0.0, 0.0, 0.0]",,0.0,,
gene-STM2863::NC_003197.2:3008106-3010813(+),default,,ATG,,,,"[851, 1700]",mORF,"[0.0, 0.0, 0.0]",,0.0,,
gene-STM2865::NC_003197.2:3009904-3010813(-),default,,ATG,,,,"[0, 909]",mORF,"[0.0, 0.0, 0.0]",,0.0,,
gene-STM2866::NC_003197.2:3010973-3011729(-),default,,ATG,,,,"[0, 756]",mORF,"[0.0, 0.0, 0.0]",,0.0,,
gene-STM2867::NC_003197.2:3012113-3013001(-),default,,ATG,,,,"[0, 888]",mORF,"[0.0, 0.0, 0.0]",,0.0,,
gene-STM2869::NC_003197.2:3013794-3015002(-),default,,ATG,,,,"[527, 1208]",mORF,"[0.0, 0.0, 0.0]",,0.0,,
gene-STM2870::NC_003197.2:3014431-3015757(-),default,,ATG,,,,"[726, 1326]",mORF,"[0.0, 0.0, 0.0]",,0.0,,
gene-STM2873::NC_003197.2:3016081-3016324(-),default,,ATG,,,,"[0, 243]",mORF,"[0.0, 0.0, 0.0]",,0.0,,
gene-STM2874::NC_003197.2:3016348-3017527(-),default,,ATG,,,,"[0, 1179]",mORF,"[0.0, 0.0, 0.0]",,0.0,,
gene-STM2875::NC_003197.2:3017842-3018772(+),default,,ATG,,,,"[0, 930]",mORF,"[0.0, 0.0, 0.0]",,0.0,,
gene-STM2876::NC_003197.2:3019862-3021524(+),default,,ATG,,,,"[0, 1662]",mORF,"[0.0, 0.0, 0.0]",,0.0,,
gene-STM2877::NC_003197.2:3021541-3022024(+),default,,ATG,,,,"[0, 483]",mORF,"[0.0, 0.0, 0.0]",,0.0,,
gene-STM2878::NC_003197.2:3022077-3024088(-),default,,ATG,,,,"[379, 2011]",mORF,"[0.0, 0.0, 1.0]",,0.0,,
gene-STM2878::NC_003197.2:3022077-3024088(-),default,,TTG,,,,"[0, 393]",mORF,"[0.0, 0.0, 0.0]",,0.0,,
gene-STM2881::NC_003197.2:3024418-3024667(-),default,,ATG,,,,"[0, 249]",mORF,"[0.0, 0.0, 0.0]",,0.0,,
gene-STM2882::NC_003197.2:3024685-3026743(-),default,,ATG,,,,"[0, 2058]",mORF,"[0.0, 0.0, 0.0]",,0.0,,
gene-STM2883::NC_003197.2:3026761-3027793(-),default,,ATG,,,,"[0, 1032]",mORF,"[0.0, 0.0, 0.0]",,0.0,,
gene-STM2884::NC_003197.2:3027863-3029093(-),default,,ATG,,,,"[0, 1230]",mORF,"[0.0, 0.0, 0.0]",,0.0,,
gene-STM2885::NC_003197.2:3029120-3030902(-),default,,ATG,,,,"[0, 1782]",mORF,"[0.0, 0.0, 0.0]",,0.0,,
gene-STM2886::NC_003197.2:3030904-3031402(-),default,,ATG,,,,"[0, 498]",mORF,"[0.0, 0.0, 0.0]",,0.0,,
gene-STM2887::NC_003197.2:3031539-3033388(-),default,,ATG,,,,"[778, 1849]",mORF,"[0.0, 0.0, 0.0]",,0.0,,
gene-STM2890::NC_003197.2:3033677-3035252(-),default,,ATG,,,,"[900, 1575]",mORF,"[0.0, 0.0, 0.0]",,0.0,,
gene-STM2892::NC_003197.2:3035252-3036683(-),default,,ATG,,,,"[420, 1431]",mORF,"[1.0, 0.0, 0.0]",,0.0,,
gene-STM2894::NC_003197.2:3036683-3038383(-),default,,ATG,,,,"[0, 408]",mORF,"[0.0, 0.0, 0.0]",,0.0,,
gene-STM2894::NC_003197.2:3036683-3038383(-),default,,ATG,,,,"[404, 1700]",mORF,"[0.0, 0.0, 0.0]",,0.0,,
gene-STM2896::NC_003197.2:3038406-3040464(-),default,,GTG,,,,"[0, 2058]",mORF,"[0.0, 0.0, 0.0]",,0.0,,
gene-STM2898::NC_003197.2:3041603-3043939(-),default,,ATG,,,,"[647, 2336]",mORF,"[0.0, 0.0, 0.0]",,0.0,,
gene-STM2900::NC_003197.2:3044395-3044839(+),default,,ATG,,,,"[0, 444]",mORF,"[0.0, 0.0, 0.0]",,0.0,,
gene-STM2901::NC_003197.2:3045269-3046051(+),default,,ATG,,,,"[0, 450]",mORF,"[0.0, 0.0, 0.0]",,0.0,,
gene-STM2901::NC_003197.2:3045269-3046051(+),default,,ATG,,,,"[434, 782]",mORF,"[0.0, 1.0, 0.0]",,0.0,,
gene-STM2903::NC_003197.2:3046323-3046650(-),default,,ATG,,,,"[0, 327]",mORF,"[0.0, 0.0, 0.0]",,0.0,,
gene-STM2904::NC_003197.2:3047338-3048153(+),default,,ATG,,,,"[0, 291]",mORF,"[0.0, 0.0, 0.0]",,0.0,,
gene-STM2907::NC_003197.2:3048777-3049434(+),default,,ATG,,,,"[0, 657]",mORF,"[0.0, 0.0, 0.0]",,0.0,,
gene-STM2909::NC_003197.2:3050285-3052853(+),default,,ATG,,,,"[0, 2568]",mORF,"[0.0, 0.0, 0.0]",,0.0,,
gene-STM2913::NC_003197.2:3055555-3057999(-),default,,ATG,,,,"[0, 951]",mORF,"[0.0, 0.0, 0.0]",,0.0,,
gene-STM2913::NC_003197.2:3055555-3057999(-),default,,ATG,,,,"[947, 2444]",mORF,"[0.0, 0.0, 0.0]",,0.0,,
gene-STM2915::NC_003197.2:3058038-3058815(-),default,,ATG,,,,"[0, 777]",mORF,"[0.0, 0.0, 0.0]",,0.0,,
gene-STM2916::NC_003197.2:3058819-3060710(-),default,,ATG,,,,"[1252, 1891]",mORF,"[0.0, 0.0, 0.0]",,0.0,,
gene-STM2917::NC_003197.2:3059454-3061634(-),default,,ATG,,,,"[917, 2180]",mORF,"[0.0, 0.0, 0.0]",,0.0,,
gene-STM2919::NC_003197.2:3061830-3062595(+),default,,TTG,,,,"[0, 765]",mORF,"[0.0, 0.0, 0.0]",,0.0,,
gene-STM2920::NC_003197.2:3062613-3063018(-),default,,ATG,,,,"[0, 405]",mORF,"[0.0, 0.0, 0.0]",,0.0,,
gene-STM2924::NC_003197.2:3065500-3066493(-),default,,TTG,,,,"[0, 993]",mORF,"[0.0, 0.0, 0.0]",,0.0,,
gene-STM2925::NC_003197.2:3066555-3067689(-),default,,ATG,,,,"[0, 1134]",mORF,"[0.0, 0.0, 0.0]",,0.0,,
gene-STM2926::NC_003197.2:3067864-3069226(-),default,,ATG,,,,"[735, 1362]",mORF,"[0.0, 0.0, 0.0]",,0.0,,
gene-STM2927::NC_003197.2:3068484-3070272(-),default,,ATG,,,,"[1026, 1788]",mORF,"[0.0, 0.0, 0.0]",,0.0,,
gene-STM2928::NC_003197.2:3069226-3070751(-),default,,ATG,,,,"[475, 1525]",mORF,"[0.0, 0.0, 0.0]",,0.0,,
gene-STM2929::NC_003197.2:3070272-3071462(-),default,,ATG,,,,"[0, 711]",mORF,"[0.0, 0.0, 0.0]",,0.0,,
gene-STM2929::NC_003197.2:3070272-3071462(-),default,,ATG,,,,"[710, 1190]",mORF,"[0.0, 0.0, 0.0]",,0.0,,
gene-STM2931::NC_003197.2:3071480-3071792(-),default,,ATG,,,,"[0, 312]",mORF,"[0.0, 0.0, 0.0]",,0.0,,
gene-STM2933::NC_003197.2:3072356-3074388(-),default,,ATG,,,,"[0, 1440]",mORF,"[0.0, 0.0, 0.0]",,0.0,,
gene-STM2933::NC_003197.2:3072356-3074388(-),default,,ATG,,,,"[1426, 2032]",mORF,"[0.0, 0.0, 0.0]",,0.0,,
gene-STM2936::NC_003197.2:3075556-3076603(+),default,,ATG,,,,"[0, 1047]",mORF,"[0.0, 0.0, 0.0]",,0.0,,
gene-STM2939::NC_003197.2:3079460-3080839(-),default,,ATG,,,,"[0, 747]",mORF,"[0.0, 0.0, 0.0]",,0.0,,
gene-STM2941::NC_003197.2:3080849-3081908(-),default,,ATG,,,,"[0, 1059]",mORF,"[0.0, 0.0, 0.0]",,0.0,,
gene-STM2942::NC_003197.2:3081921-3084035(-),default,,ATG,,,,"[1553, 2114]",mORF,"[0.0, 0.0, 0.0]",,0.0,,
gene-STM2945::NC_003197.2:3087154-3088108(+),default,,ATG,,,,"[0, 954]",mORF,"[0.0, 0.0, 0.0]",,0.0,,
gene-STM2947::NC_003197.2:3089005-3092613(-),default,,ATG,,,,"[96, 1896]",mORF,"[0.0, 0.0, 0.0]",,0.0,,
gene-STM2947::NC_003197.2:3089005-3092613(-),default,,ATG,,,,"[1895, 3608]",mORF,"[0.0, 0.0, 0.0]",,0.0,,
gene-STM2949::NC_003197.2:3092940-3093303(+),default,,ATG,,,,"[0, 363]",mORF,"[0.0, 0.0, 0.0]",,0.0,,
gene-STM2950::NC_003197.2:3093390-3094188(-),default,,ATG,,,,"[0, 798]",mORF,"[0.0, 0.0, 0.0]",,0.0,,
gene-STM2951::NC_003197.2:3096563-3097370(-),default,,ATG,,,,"[135, 807]",mORF,"[0.0, 0.0, 0.0]",,0.0,,
gene-STM2952::NC_003197.2:3097370-3098751(-),default,,ATG,,,,"[82, 1381]",mORF,"[0.0, 0.0, 0.0]",,0.0,,
gene-STM2953::NC_003197.2:3098751-3100400(-),default,,ATG,,,,"[11, 1649]",mORF,"[0.0, 0.0, 0.0]",,0.0,,
gene-STM2954::NC_003197.2:3100616-3101923(-),default,,ATG,,,,"[506, 1307]",mORF,"[0.0, 0.0, 0.0]",,0.0,,
gene-STM2955::NC_003197.2:3102446-3102886(-),default,,ATG,,,,"[83, 440]",mORF,"[0.0, 0.0, 0.0]",,0.0,,
gene-STM2956::NC_003197.2:3102886-3105172(-),default,,ATG,,,,"[51, 2286]",mORF,"[1.0, 184.0, 34.0]",,0.0,,
gene-STM2958::NC_003197.2:3106525-3109282(+),default,,ATG,,,,"[0, 2757]",mORF,"[0.0, 0.0, 0.0]",,0.0,,
gene-STM2959::NC_003197.2:3109325-3110468(-),default,,ATG,,,,"[0, 1143]",mORF,"[0.0, 0.0, 0.0]",,0.0,,
gene-STM2960::NC_003197.2:3110545-3111886(-),default,,ATG,,,,"[0, 1341]",mORF,"[0.0, 0.0, 0.0]",,0.0,,
gene-STM2963::NC_003197.2:3115082-3115550(-),default,,ATG,,,,"[18, 468]",mORF,"[0.0, 0.0, 0.0]",,0.0,,
gene-STM2967::NC_003197.2:3117273-3117819(-),default,,GTG,,,,"[0, 546]",mORF,"[0.0, 0.0, 0.0]",,0.0,,
gene-STM2968::NC_003197.2:3117887-3118736(+),default,,ATG,,,,"[0, 849]",mORF,"[0.0, 0.0, 0.0]",,0.0,,
gene-STM2969::NC_003197.2:3118848-3120213(+),default,,TTG,,,,"[0, 1365]",mORF,"[0.0, 0.0, 0.0]",,0.0,,
gene-STM2970::NC_003197.2:3120777-3122067(+),default,,ATG,,,,"[0, 1290]",mORF,"[0.0, 0.0, 0.0]",,0.0,,
gene-STM2971::NC_003197.2:3122125-3123493(+),default,,ATG,,,,"[0, 1368]",mORF,"[0.0, 0.0, 0.0]",,0.0,,
gene-STM2973::NC_003197.2:3124510-3125659(-),default,,ATG,,,,"[0, 1149]",mORF,"[0.0, 0.0, 0.0]",,0.0,,
gene-STM2974::NC_003197.2:3125675-3126323(-),default,,ATG,,,,"[0, 648]",mORF,"[0.0, 0.0, 0.0]",,0.0,,
gene-STM2976::NC_003197.2:3128225-3130001(+),default,,ATG,,,,"[0, 1776]",mORF,"[0.0, 0.0, 0.0]",,0.0,,
gene-STM2978::NC_003197.2:3131521-3131944(+),default,,ATG,,,,"[0, 423]",mORF,"[0.0, 0.0, 0.0]",,0.0,,
gene-STM2979::NC_003197.2:3132001-3132712(+),default,,ATG,,,,"[0, 711]",mORF,"[0.0, 0.0, 0.0]",,0.0,,
gene-STM2980::NC_003197.2:3132770-3134259(-),default,,ATG,,,,"[0, 396]",mORF,"[0.0, 0.0, 0.0]",,0.0,,
gene-STM2980::NC_003197.2:3132770-3134259(-),default,,ATG,,,,"[388, 1489]",mORF,"[0.0, 0.0, 0.0]",,0.0,,
gene-STM2982::NC_003197.2:3134277-3135195(-),default,,ATG,,,,"[0, 918]",mORF,"[0.0, 0.0, 0.0]",,0.0,,
gene-STM2983::NC_003197.2:3135541-3135769(-),default,,ATG,,,,"[0, 228]",mORF,"[0.0, 0.0, 0.0]",,0.0,,
gene-STM2984::NC_003197.2:3135961-3137610(+),default,,ATG,,,,"[0, 1206]",mORF,"[0.0, 0.0, 0.0]",,0.0,,
gene-STM2986::NC_003197.2:3137909-3138797(+),default,,ATG,,,,"[0, 888]",mORF,"[0.0, 0.0, 0.0]",,0.0,,
gene-STM2988::NC_003197.2:3139764-3140862(-),default,,ATG,,,,"[0, 1098]",mORF,"[0.0, 0.0, 0.0]",,0.0,,
gene-STM2991::NC_003197.2:3141361-3142615(-),default,,ATG,,,,"[0, 1254]",mORF,"[0.0, 0.0, 0.0]",,0.0,,
gene-STM2993::NC_003197.2:3144281-3149651(-),default,,ATG,,,,"[3534, 5370]",mORF,"[0.0, 0.0, 0.0]",,0.0,,
gene-STM2994::NC_003197.2:3146113-3152540(-),default,,ATG,,,,"[0, 2889]",mORF,"[0.0, 0.0, 0.0]",,0.0,,
gene-STM2994::NC_003197.2:3146113-3152540(-),default,,ATG,,,,"[2881, 6427]",mORF,"[0.0, 0.0, 0.0]",,0.0,,
gene-STM2996::NC_003197.2:3152717-3156089(-),default,,ATG,,,,"[0, 3372]",mORF,"[0.0, 0.0, 0.0]",,0.0,,
gene-STM3001::NC_003197.2:3158022-3158817(-),default,,ATG,,,,"[0, 795]",mORF,"[0.0, 0.0, 0.0]",,0.0,,
gene-STM3002::NC_003197.2:3158823-3159752(-),default,,ATG,,,,"[53, 929]",mORF,"[1.0, 3.0, 19.0]",,0.0,,
gene-STM3003::NC_003197.2:3159914-3162161(-),default,,ATG,,,,"[0, 2247]",mORF,"[0.0, 0.0, 0.0]",,0.0,,
gene-STM3004::NC_003197.2:3162173-3162716(-),default,,GTG,,,,"[12, 543]",mORF,"[0.0, 0.0, 0.0]",,0.0,,
gene-STM3008::NC_003197.2:3165555-3166596(+),default,,ATG,,,,"[0, 1041]",mORF,"[0.0, 0.0, 0.0]",,0.0,,
gene-STM3009::NC_003197.2:3166682-3170037(-),default,,ATG,,,,"[2152, 3355]",mORF,"[1.0, 0.0, 0.0]",,0.0,,
gene-STM3009::NC_003197.2:3166682-3170037(-),default,,ATG,,,,"[0, 2160]",mORF,"[0.0, 0.0, 0.0]",,0.0,,
gene-STM3011::NC_003197.2:3170629-3171658(+),default,,ATG,,,,"[0, 1029]",mORF,"[0.0, 0.0, 0.0]",,0.0,,
gene-STM3013::NC_003197.2:3172700-3173963(-),default,,ATG,,,,"[0, 1263]",mORF,"[0.0, 0.0, 0.0]",,0.0,,
gene-STM3015::NC_003197.2:3174987-3175695(-),default,,GTG,,,,"[0, 708]",mORF,"[0.0, 0.0, 0.0]",,0.0,,
gene-STM3017::NC_003197.2:3177579-3178341(-),default,,ATG,,,,"[0, 762]",mORF,"[0.0, 0.0, 0.0]",,0.0,,
gene-STM3018::NC_003197.2:3178397-3179234(-),default,,GTG,,,,"[0, 837]",mORF,"[0.0, 0.0, 0.0]",,0.0,,
gene-STM3022::NC_003197.2:3182528-3183758(+),default,,ATG,,,,"[0, 1230]",mORF,"[0.0, 0.0, 0.0]",,0.0,,
gene-STM3023::NC_003197.2:3183788-3184061(-),default,,ATG,,,,"[0, 273]",mORF,"[0.0, 0.0, 0.0]",,0.0,,
gene-STM3024::NC_003197.2:3184182-3185049(+),default,,ATG,,,,"[0, 867]",mORF,"[0.0, 0.0, 0.0]",,0.0,,
gene-STM3030::NC_003197.2:3192428-3193061(-),default,,ATG,,,,"[0, 633]",mORF,"[0.0, 0.0, 0.0]",,0.0,,
gene-STM3033::NC_003197.2:3195161-3195787(-),default,,ATG,,,,"[0, 228]",mORF,"[0.0, 0.0, 0.0]",,0.0,,
gene-STM3033::NC_003197.2:3195161-3195787(-),default,,ATG,,,,"[227, 626]",mORF,"[0.0, 0.0, 0.0]",,0.0,,
gene-STM3038::NC_003197.2:3197580-3198339(-),default,,ATG,,,,"[0, 759]",mORF,"[0.0, 0.0, 0.0]",,0.0,,
gene-STM3039::NC_003197.2:3198603-3199149(+),default,,ATG,,,,"[0, 546]",mORF,"[0.0, 0.0, 0.0]",,0.0,,
gene-STM3040::NC_003197.2:3199224-3200742(-),default,,ATG,,,,"[0, 1518]",mORF,"[0.0, 0.0, 0.0]",,0.0,,
gene-STM3041::NC_003197.2:3200751-3201633(-),default,,ATG,,,,"[0, 882]",mORF,"[0.0, 0.0, 0.0]",,0.0,,
gene-STM3042::NC_003197.2:3201954-3203688(-),default,,GTG,,,,"[0, 1734]",mORF,"[0.0, 0.0, 0.0]",,0.0,,
gene-STM3043::NC_003197.2:3203693-3204407(-),default,,ATG,,,,"[0, 714]",mORF,"[0.0, 0.0, 0.0]",,0.0,,
gene-STM3044::NC_003197.2:3204430-3205327(-),default,,ATG,,,,"[0, 897]",mORF,"[0.0, 0.0, 0.0]",,0.0,,
gene-STM3045::NC_003197.2:3205439-3205965(+),default,,ATG,,,,"[0, 522]",mORF,"[0.0, 0.0, 0.0]",,0.0,,
gene-STM3048::NC_003197.2:3206923-3207904(+),default,,ATG,,,,"[0, 981]",mORF,"[0.0, 0.0, 0.0]",,0.0,,
gene-STM3050::NC_003197.2:3208842-3209198(-),default,,ATG,,,,"[44, 356]",mORF,"[0.0, 0.0, 0.0]",,0.0,,
gene-STM3053::NC_003197.2:3212142-3215016(-),default,,ATG,,,,"[0, 2874]",mORF,"[0.0, 0.0, 0.0]",,0.0,,
gene-STM3054::NC_003197.2:3215178-3215568(-),default,,ATG,,,,"[0, 390]",mORF,"[0.0, 0.0, 0.0]",,0.0,,
gene-STM3055::NC_003197.2:3215593-3216688(-),default,,ATG,,,,"[0, 1095]",mORF,"[0.0, 0.0, 0.0]",,0.0,,
gene-STM3056::NC_003197.2:3217142-3218345(-),default,,GTG,,,,"[0, 1203]",mORF,"[0.0, 0.0, 0.0]",,0.0,,
gene-STM3057::NC_003197.2:3218470-3220962(-),default,,ATG,,,,"[1313, 2492]",mORF,"[0.0, 0.0, 0.0]",,0.0,,
gene-STM3059::NC_003197.2:3220987-3221572(-),default,,ATG,,,,"[0, 585]",mORF,"[0.0, 0.0, 0.0]",,0.0,,
gene-STM3060::NC_003197.2:3221732-3222288(+),default,,ATG,,,,"[0, 330]",mORF,"[0.0, 0.0, 0.0]",,0.0,,
gene-STM3061::NC_003197.2:3222355-3222904(+),default,,ATG,,,,"[0, 549]",mORF,"[0.0, 0.0, 0.0]",,0.0,,
gene-STM3062::NC_003197.2:3223284-3224517(-),default,,ATG,,,,"[0, 1233]",mORF,"[0.0, 0.0, 0.0]",,0.0,,
gene-STM3063::NC_003197.2:3224782-3225442(-),default,,ATG,,,,"[0, 660]",mORF,"[0.0, 0.0, 0.0]",,0.0,,
gene-STM3064::NC_003197.2:3225595-3226489(+),default,,ATG,,,,"[0, 894]",mORF,"[0.0, 0.0, 0.0]",,0.0,,
gene-STM3065::NC_003197.2:3226754-3227501(-),default,,GTG,,,,"[0, 747]",mORF,"[0.0, 0.0, 0.0]",,0.0,,
gene-STM3066::NC_003197.2:3227594-3228230(-),default,,GTG,,,,"[0, 636]",mORF,"[0.0, 0.0, 0.0]",,0.0,,
gene-STM3067::NC_003197.2:3228429-3229290(-),default,,ATG,,,,"[0, 861]",mORF,"[0.0, 0.0, 0.0]",,0.0,,
gene-STM3068::NC_003197.2:3229516-3230697(-),default,,ATG,,,,"[101, 1181]",mORF,"[0.0, 0.0, 0.0]",,0.0,,
gene-STM3069::NC_003197.2:3230697-3231882(-),default,,ATG,,,,"[21, 1185]",mORF,"[0.0, 0.0, 0.0]",,0.0,,
gene-STM3070::NC_003197.2:3231882-3232929(-),default,,ATG,,,,"[0, 1047]",mORF,"[0.0, 0.0, 0.0]",,0.0,,
gene-STM3071::NC_003197.2:3233302-3233728(+),default,,ATG,,,,"[0, 426]",mORF,"[0.0, 0.0, 0.0]",,0.0,,
gene-STM3072::NC_003197.2:3233753-3234332(+),default,,ATG,,,,"[0, 579]",mORF,"[0.0, 0.0, 0.0]",,0.0,,
gene-STM3073::NC_003197.2:3234332-3235698(+),default,,ATG,,,,"[0, 708]",mORF,"[0.0, 0.0, 0.0]",,0.0,,
gene-STM3076::NC_003197.2:3236398-3238390(-),default,,ATG,,,,"[0, 1992]",mORF,"[0.0, 0.0, 0.0]",,0.0,,
gene-STM3078::NC_003197.2:3239524-3240445(-),default,,ATG,,,,"[0, 921]",mORF,"[0.0, 0.0, 0.0]",,0.0,,
gene-STM3079::NC_003197.2:3240649-3241606(-),default,,TTG,,,,"[0, 957]",mORF,"[0.0, 0.0, 0.0]",,0.0,,
gene-STM3080::NC_003197.2:3241819-3242293(-),default,,ATG,,,,"[0, 474]",mORF,"[0.0, 0.0, 0.0]",,0.0,,
gene-STM3083::NC_003197.2:3244371-3245844(-),default,,ATG,,,,"[0, 1473]",mORF,"[0.0, 0.0, 0.0]",,0.0,,
gene-STM3084::NC_003197.2:3247103-3247904(-),default,,TTG,,,,"[0, 801]",mORF,"[0.0, 0.0, 0.0]",,0.0,,
gene-STM3086::NC_003197.2:3248932-3250909(-),default,,ATG,,,,"[0, 1977]",mORF,"[0.0, 0.0, 0.0]",,0.0,,
gene-STM3090::NC_003197.2:3251698-3252853(+),default,,ATG,,,,"[0, 1155]",mORF,"[0.0, 0.0, 0.0]",,0.0,,
gene-STM3091::NC_003197.2:3253345-3254740(+),default,,ATG,,,,"[0, 1395]",mORF,"[0.0, 0.0, 0.0]",,0.0,,
gene-STM3093::NC_003197.2:3255410-3256118(+),default,,ATG,,,,"[0, 708]",mORF,"[0.0, 0.0, 0.0]",,0.0,,
gene-STM3094::NC_003197.2:3256146-3256926(+),default,,ATG,,,,"[0, 780]",mORF,"[0.0, 0.0, 0.0]",,0.0,,
gene-STM3095::NC_003197.2:3256945-3257981(+),default,,ATG,,,,"[0, 948]",mORF,"[0.0, 0.0, 0.0]",,0.0,,
gene-STM3096::NC_003197.2:3258108-3259088(+),default,,ATG,,,,"[0, 564]",mORF,"[0.0, 0.0, 0.0]",,0.0,,
gene-STM3099::NC_003197.2:3259952-3260933(-),default,,ATG,,,,"[0, 981]",mORF,"[0.0, 0.0, 0.0]",,0.0,,
gene-STM3100::NC_003197.2:3260950-3261655(+),default,,ATG,,,,"[0, 705]",mORF,"[0.0, 0.0, 0.0]",,0.0,,
gene-STM3101::NC_003197.2:3261673-3262527(+),default,,ATG,,,,"[0, 567]",mORF,"[0.0, 0.0, 0.0]",,0.0,,
gene-STM3103::NC_003197.2:3262534-3264257(+),default,,ATG,,,,"[586, 1723]",mORF,"[1.0, 0.0, 0.0]",,0.0,,
gene-STM3103::NC_003197.2:3262534-3264257(+),default,,ATG,,,,"[0, 594]",mORF,"[0.0, 0.0, 0.0]",,0.0,,
gene-STM3105::NC_003197.2:3264347-3265355(-),default,,GTG,,,,"[0, 1008]",mORF,"[0.0, 0.0, 0.0]",,0.0,,
gene-STM3106::NC_003197.2:3265487-3266544(-),default,,ATG,,,,"[10, 1057]",mORF,"[0.0, 0.0, 0.0]",,0.0,,
gene-STM3107::NC_003197.2:3266722-3267442(-),default,,ATG,,,,"[0, 720]",mORF,"[0.0, 0.0, 0.0]",,0.0,,
gene-STM3108::NC_003197.2:3267491-3268537(-),default,,ATG,,,,"[719, 1046]",mORF,"[1.0, 0.0, 0.0]",,0.0,,
gene-STM3108::NC_003197.2:3267491-3268537(-),default,,ATG,,,,"[0, 720]",mORF,"[0.0, 0.0, 0.0]",,0.0,,
gene-STM3111::NC_003197.2:3269771-3270047(+),default,,ATG,,,,"[0, 276]",mORF,"[0.0, 0.0, 0.0]",,0.0,,
gene-STM3112::NC_003197.2:3270159-3271245(+),default,,ATG,,,,"[0, 1086]",mORF,"[0.0, 0.0, 0.0]",,0.0,,
gene-STM3113::NC_003197.2:3271461-3272718(+),default,,ATG,,,,"[0, 1257]",mORF,"[0.0, 0.0, 0.0]",,0.0,,
gene-STM3114::NC_003197.2:3272779-3274915(-),default,,ATG,,,,"[0, 2136]",mORF,"[0.0, 0.0, 0.0]",,0.0,,
gene-STM3115::NC_003197.2:3275339-3276047(+),default,,GTG,,,,"[0, 708]",mORF,"[0.0, 0.0, 0.0]",,0.0,,
gene-STM3117::NC_003197.2:3276386-3276821(-),default,,ATG,,,,"[0, 435]",mORF,"[0.0, 0.0, 0.0]",,0.0,,
gene-STM3118::NC_003197.2:3276831-3278157(-),default,,ATG,,,,"[0, 1326]",mORF,"[0.0, 0.0, 0.0]",,0.0,,
gene-STM3121::NC_003197.2:3279666-3280545(+),default,,ATG,,,,"[0, 879]",mORF,"[0.0, 0.0, 0.0]",,0.0,,
gene-STM3123::NC_003197.2:3282400-3283585(-),default,,ATG,,,,"[0, 1185]",mORF,"[0.0, 0.0, 0.0]",,0.0,,
gene-STM3129::NC_003197.2:3288978-3290463(+),default,,ATG,,,,"[0, 1485]",mORF,"[0.0, 0.0, 0.0]",,0.0,,
gene-STM3132::NC_003197.2:3292189-3293113(-),default,,ATG,,,,"[0, 924]",mORF,"[0.0, 0.0, 0.0]",,0.0,,
gene-STM3133::NC_003197.2:3293151-3294030(-),default,,ATG,,,,"[0, 879]",mORF,"[0.0, 0.0, 0.0]",,0.0,,
gene-STM3134::NC_003197.2:3294425-3295730(-),default,,ATG,,,,"[0, 1305]",mORF,"[0.0, 0.0, 0.0]",,0.0,,
gene-STM3135::NC_003197.2:3296134-3297319(+),default,,ATG,,,,"[0, 1185]",mORF,"[0.0, 0.0, 0.0]",,0.0,,
gene-STM3136::NC_003197.2:3297429-3298902(+),default,,ATG,,,,"[0, 1473]",mORF,"[0.0, 0.0, 0.0]",,0.0,,
gene-STM3137::NC_003197.2:3298913-3300504(+),default,,ATG,,,,"[0, 1413]",mORF,"[0.0, 0.0, 0.0]",,0.0,,
gene-STM3138::NC_003197.2:3300625-3301684(-),default,,ATG,,,,"[0, 1059]",mORF,"[0.0, 0.0, 0.0]",,0.0,,
gene-STM3139::NC_003197.2:3302353-3304210(-),default,,ATG,,,,"[0, 1857]",mORF,"[0.0, 0.0, 0.0]",,0.0,,
gene-STM3140::NC_003197.2:3304436-3305303(+),default,,ATG,,,,"[0, 867]",mORF,"[0.0, 0.0, 0.0]",,0.0,,
gene-STM3143::NC_003197.2:3307208-3307457(-),default,,ATG,,,,"[0, 249]",mORF,"[0.0, 0.0, 0.0]",,0.0,,
gene-STM3145::NC_003197.2:3307818-3308793(-),default,,ATG,,,,"[486, 975]",mORF,"[0.0, 0.0, 0.0]",,0.0,,
gene-STM3146::NC_003197.2:3308299-3310493(-),default,,ATG,,,,"[1699, 2194]",mORF,"[0.0, 0.0, 1.0]",,0.0,,
gene-STM3147::NC_003197.2:3308793-3311661(-),default,,ATG,,,,"[1164, 2868]",mORF,"[0.0, 0.0, 0.0]",,0.0,,
gene-STM3148::NC_003197.2:3310493-3312648(-),default,,ATG,,,,"[976, 2155]",mORF,"[0.0, 0.0, 0.0]",,0.0,,
gene-STM3150::NC_003197.2:3312650-3313769(-),default,,ATG,,,,"[0, 1119]",mORF,"[0.0, 0.0, 0.0]",,0.0,,
gene-STM3151::NC_003197.2:3313958-3314246(-),default,,ATG,,,,"[0, 288]",mORF,"[0.0, 0.0, 0.0]",,0.0,,
gene-STM3152::NC_003197.2:3314330-3315974(-),default,,ATG,,,,"[0, 1644]",mORF,"[0.0, 0.0, 0.0]",,0.0,,
gene-STM3153::NC_003197.2:3316280-3316775(-),default,,ATG,,,,"[0, 495]",mORF,"[0.0, 0.0, 0.0]",,0.0,,
gene-STM3154::NC_003197.2:3317054-3317570(-),default,,ATG,,,,"[0, 516]",mORF,"[0.0, 0.0, 0.0]",,0.0,,
gene-STM3155::NC_003197.2:3317661-3318463(+),default,,ATG,,,,"[0, 411]",mORF,"[0.0, 0.0, 0.0]",,0.0,,
gene-STM3157::NC_003197.2:3318586-3319471(+),default,,ATG,,,,"[0, 885]",mORF,"[0.0, 0.0, 0.0]",,0.0,,
gene-STM3158::NC_003197.2:3319583-3320009(-),default,,ATG,,,,"[0, 426]",mORF,"[0.0, 0.0, 0.0]",,0.0,,
gene-STM3159::NC_003197.2:3320015-3320892(-),default,,GTG,,,,"[142, 877]",mORF,"[0.0, 0.0, 0.0]",,0.0,,
gene-STM3161::NC_003197.2:3321001-3322189(+),default,,ATG,,,,"[0, 1188]",mORF,"[0.0, 0.0, 0.0]",,0.0,,
gene-STM3162::NC_003197.2:3322328-3322988(+),default,,ATG,,,,"[0, 660]",mORF,"[0.0, 0.0, 0.0]",,0.0,,
gene-STM3164::NC_003197.2:3324143-3325307(+),default,,ATG,,,,"[0, 1164]",mORF,"[0.0, 0.0, 0.0]",,0.0,,
gene-STM3165::NC_003197.2:3325412-3326240(+),default,,ATG,,,,"[0, 828]",mORF,"[0.0, 0.0, 0.0]",,0.0,,
gene-STM3167::NC_003197.2:3327934-3328390(+),default,,ATG,,,,"[0, 456]",mORF,"[0.0, 0.0, 0.0]",,0.0,,
gene-STM3168::NC_003197.2:3328944-3331116(-),default,,ATG,,,,"[0, 2172]",mORF,"[0.0, 0.0, 0.0]",,0.0,,
gene-STM3171::NC_003197.2:3333121-3334429(+),default,,ATG,,,,"[0, 1308]",mORF,"[0.0, 0.0, 0.0]",,0.0,,
gene-STM3173::NC_003197.2:3335959-3336697(-),default,,ATG,,,,"[0, 738]",mORF,"[0.0, 0.0, 0.0]",,0.0,,
gene-STM3174::NC_003197.2:3336953-3339212(-),default,,ATG,,,,"[0, 2259]",mORF,"[0.0, 0.0, 0.0]",,0.0,,
gene-STM3176::NC_003197.2:3340260-3340653(-),default,,ATG,,,,"[0, 393]",mORF,"[0.0, 0.0, 0.0]",,0.0,,
gene-STM3177::NC_003197.2:3340804-3342810(+),default,,ATG,,,,"[0, 660]",mORF,"[0.0, 0.0, 0.0]",,0.0,,
gene-STM3177::NC_003197.2:3340804-3342810(+),default,,ATG,,,,"[656, 2006]",mORF,"[0.0, 0.0, 0.0]",,0.0,,
gene-STM3179::NC_003197.2:3342916-3343498(+),default,,ATG,,,,"[0, 582]",mORF,"[0.0, 0.0, 0.0]",,0.0,,
gene-STM3180::NC_003197.2:3343529-3343844(+),default,,ATG,,,,"[0, 315]",mORF,"[0.0, 0.0, 0.0]",,0.0,,
gene-STM3181::NC_003197.2:3343968-3345861(-),default,,ATG,,,,"[0, 1893]",mORF,"[0.0, 0.0, 0.0]",,0.0,,
gene-STM3182::NC_003197.2:3345888-3347321(-),default,,ATG,,,,"[851, 1433]",mORF,"[0.0, 0.0, 0.0]",,0.0,,
gene-STM3182::NC_003197.2:3345888-3347321(-),default,,TTG,,,,"[24, 852]",mORF,"[0.0, 0.0, 0.0]",,0.0,,
gene-STM3184::NC_003197.2:3347321-3348373(-),default,,ATG,,,,"[0, 633]",mORF,"[0.0, 0.0, 0.0]",,0.0,,
gene-STM3184::NC_003197.2:3347321-3348373(-),default,,ATG,,,,"[629, 1052]",mORF,"[0.0, 0.0, 0.0]",,0.0,,
gene-STM3186::NC_003197.2:3348573-3350049(+),default,,ATG,,,,"[0, 1476]",mORF,"[0.0, 0.0, 0.0]",,0.0,,
gene-STM3187::NC_003197.2:3350261-3350933(+),default,,ATG,,,,"[0, 672]",mORF,"[0.0, 0.0, 0.0]",,0.0,,
gene-STM3188::NC_003197.2:3350938-3352102(+),default,,ATG,,,,"[0, 1164]",mORF,"[0.0, 0.0, 0.0]",,0.0,,
gene-STM3190::NC_003197.2:3353092-3353866(+),default,,ATG,,,,"[0, 774]",mORF,"[0.0, 0.0, 0.0]",,0.0,,
gene-STM3193::NC_003197.2:3356323-3356995(+),default,,ATG,,,,"[0, 672]",mORF,"[0.0, 0.0, 0.0]",,0.0,,
gene-STM3195::NC_003197.2:3357857-3358511(-),default,,ATG,,,,"[0, 654]",mORF,"[0.0, 0.0, 0.0]",,0.0,,
gene-STM3196::NC_003197.2:3358887-3359247(+),default,,ATG,,,,"[0, 360]",mORF,"[0.0, 0.0, 0.0]",,0.0,,
gene-STM3197::NC_003197.2:3359320-3359530(-),default,,ATG,,,,"[0, 210]",mORF,"[0.0, 0.0, 0.0]",,0.0,,
gene-STM3199::NC_003197.2:3360426-3362106(+),default,,ATG,,,,"[0, 1680]",mORF,"[0.0, 0.0, 0.0]",,0.0,,
gene-STM3201::NC_003197.2:3364046-3366983(-),default,,ATG,,,,"[93, 2937]",mORF,"[0.0, 0.0, 0.0]",,0.0,,
gene-STM3202::NC_003197.2:3367007-3368309(-),default,,ATG,,,,"[0, 1302]",mORF,"[0.0, 0.0, 0.0]",,0.0,,
gene-STM3203::NC_003197.2:3368550-3369165(+),default,,ATG,,,,"[0, 615]",mORF,"[0.0, 0.0, 0.0]",,0.0,,
gene-STM3204::NC_003197.2:3369227-3370469(+),default,,GTG,,,,"[0, 1242]",mORF,"[0.0, 0.0, 0.0]",,0.0,,
gene-STM3207::NC_003197.2:3371958-3372570(+),default,,ATG,,,,"[0, 612]",mORF,"[0.0, 0.0, 0.0]",,0.0,,
gene-STM3209::NC_003197.2:3374061-3374277(+),default,,ATG,,,,"[0, 216]",mORF,"[0.0, 0.0, 0.0]",,0.0,,
gene-STM3211::NC_003197.2:3376272-3378329(+),default,,ATG,,,,"[0, 1983]",mORF,"[0.0, 0.0, 0.0]",,0.0,,
gene-STM3212::NC_003197.2:3378378-3378885(-),default,,ATG,,,,"[0, 507]",mORF,"[0.0, 0.0, 0.0]",,0.0,,
gene-STM3214::NC_003197.2:3379165-3379933(-),default,,ATG,,,,"[0, 768]",mORF,"[0.0, 0.0, 0.0]",,0.0,,
gene-STM3215::NC_003197.2:3380164-3382374(+),default,,ATG,,,,"[0, 648]",mORF,"[0.0, 0.0, 0.0]",,0.0,,
gene-STM3216::NC_003197.2:3380808-3382374(-),default,,ATG,,,,"[0, 1566]",mORF,"[0.0, 0.0, 0.0]",,0.0,,
gene-STM3217::NC_003197.2:3382761-3384282(-),default,,ATG,,,,"[0, 1521]",mORF,"[0.0, 0.0, 0.0]",,0.0,,
gene-STM3218::NC_003197.2:3384801-3386091(+),default,,ATG,,,,"[0, 1290]",mORF,"[0.0, 0.0, 0.0]",,0.0,,
gene-STM3219::NC_003197.2:3386261-3388280(+),default,,ATG,,,,"[0, 2019]",mORF,"[0.0, 0.0, 0.0]",,0.0,,
gene-STM3220::NC_003197.2:3388360-3389497(-),default,,ATG,,,,"[0, 1137]",mORF,"[0.0, 0.0, 0.0]",,0.0,,
gene-STM3221::NC_003197.2:3389582-3390080(+),default,,ATG,,,,"[0, 498]",mORF,"[0.0, 0.0, 0.0]",,0.0,,
gene-STM3223::NC_003197.2:3391012-3392011(+),default,,ATG,,,,"[0, 999]",mORF,"[0.0, 0.0, 0.0]",,0.0,,
gene-STM3225::NC_003197.2:3393506-3394751(+),default,,ATG,,,,"[0, 1245]",mORF,"[0.0, 0.0, 0.0]",,0.0,,
gene-STM3226::NC_003197.2:3395200-3395863(+),default,,ATG,,,,"[0, 663]",mORF,"[0.0, 0.0, 0.0]",,0.0,,
gene-STM3227::NC_003197.2:3395866-3396250(+),default,,ATG,,,,"[0, 384]",mORF,"[0.0, 0.0, 0.0]",,0.0,,
gene-STM3228::NC_003197.2:3396394-3396763(+),default,,ATG,,,,"[0, 369]",mORF,"[0.0, 0.0, 0.0]",,0.0,,
gene-STM3229::NC_003197.2:3396804-3397110(+),default,,ATG,,,,"[0, 306]",mORF,"[0.0, 0.0, 0.0]",,0.0,,
gene-STM3230::NC_003197.2:3397112-3397807(+),default,,ATG,,,,"[0, 399]",mORF,"[0.0, 0.0, 0.0]",,0.0,,
gene-STM3233::NC_003197.2:3398504-3399491(+),default,,ATG,,,,"[0, 987]",mORF,"[0.0, 0.0, 0.0]",,0.0,,
gene-STM3235::NC_003197.2:3400018-3400915(-),default,,ATG,,,,"[0, 897]",mORF,"[0.0, 0.0, 0.0]",,0.0,,
gene-STM3237::NC_003197.2:3401744-3401909(+),default,,ATG,,,,"[0, 165]",mORF,"[0.0, 0.0, 0.0]",,0.0,,
gene-STM3239::NC_003197.2:3403357-3404689(-),default,,ATG,,,,"[0, 1332]",mORF,"[0.0, 0.0, 0.0]",,0.0,,
gene-STM3240::NC_003197.2:3405004-3406369(-),default,,ATG,,,,"[0, 1365]",mORF,"[0.0, 0.0, 0.0]",,0.0,,
gene-STM3241::NC_003197.2:3406438-3408733(-),default,,ATG,,,,"[0, 2295]",mORF,"[0.0, 0.0, 0.0]",,0.0,,
gene-STM3242::NC_003197.2:3408766-3409975(-),default,,ATG,,,,"[0, 1209]",mORF,"[0.0, 0.0, 0.0]",,0.0,,
gene-STM3243::NC_003197.2:3410040-3411372(-),default,,ATG,,,,"[0, 1332]",mORF,"[0.0, 0.0, 0.0]",,0.0,,
gene-STM3244::NC_003197.2:3411392-3412382(-),default,,ATG,,,,"[0, 990]",mORF,"[0.0, 0.0, 0.0]",,0.0,,
gene-STM3247::NC_003197.2:3415216-3416362(-),default,,ATG,,,,"[0, 1146]",mORF,"[0.0, 0.0, 0.0]",,0.0,,
gene-STM3248::NC_003197.2:3416459-3417350(-),default,,ATG,,,,"[0, 891]",mORF,"[0.0, 0.0, 0.0]",,0.0,,
gene-STM3249::NC_003197.2:3417375-3418146(-),default,,ATG,,,,"[0, 771]",mORF,"[0.0, 0.0, 0.0]",,0.0,,
gene-STM3250::NC_003197.2:3418675-3420247(+),default,,ATG,,,,"[0, 1572]",mORF,"[0.0, 0.0, 0.0]",,0.0,,
gene-STM3251::NC_003197.2:3420486-3421434(-),default,,ATG,,,,"[0, 948]",mORF,"[0.0, 0.0, 0.0]",,0.0,,
gene-STM3252::NC_003197.2:3421444-3422278(-),default,,GTG,,,,"[0, 834]",mORF,"[0.0, 0.0, 0.0]",,0.0,,
gene-STM3255::NC_003197.2:3424417-3426638(+),default,,ATG,,,,"[0, 1428]",mORF,"[0.0, 0.0, 0.0]",,0.0,,
gene-STM3262::NC_003197.2:3431475-3432249(+),default,,ATG,,,,"[0, 774]",mORF,"[0.0, 0.0, 0.0]",,0.0,,
gene-STM3263::NC_003197.2:3432406-3433270(-),default,,ATG,,,,"[0, 864]",mORF,"[0.0, 0.0, 0.0]",,0.0,,
gene-STM3264::NC_003197.2:3433333-3435729(+),default,,ATG,,,,"[0, 2043]",mORF,"[0.0, 0.0, 0.0]",,0.0,,
gene-STM3266::NC_003197.2:3435750-3436341(+),default,,GTG,,,,"[0, 591]",mORF,"[0.0, 0.0, 0.0]",,0.0,,
gene-STM3267::NC_003197.2:3436350-3436926(+),default,,ATG,,,,"[0, 576]",mORF,"[0.0, 0.0, 0.0]",,0.0,,
gene-STM3268::NC_003197.2:3436992-3437661(-),default,,GTG,,,,"[0, 669]",mORF,"[0.0, 0.0, 0.0]",,0.0,,
gene-STM3269::NC_003197.2:3437758-3438700(+),default,,ATG,,,,"[0, 519]",mORF,"[0.0, 0.0, 0.0]",,0.0,,
gene-STM3274::NC_003197.2:3440279-3442162(+),default,,ATG,,,,"[986, 1883]",mORF,"[0.0, 0.0, 0.0]",,0.0,,
gene-STM3276::NC_003197.2:3442339-3444044(+),default,,ATG,,,,"[0, 1008]",mORF,"[0.0, 0.0, 0.0]",,0.0,,
gene-STM3279::NC_003197.2:3444793-3446038(-),default,,ATG,,,,"[0, 1245]",mORF,"[0.0, 0.0, 0.0]",,0.0,,
gene-STM3281::NC_003197.2:3448259-3449144(-),default,,ATG,,,,"[0, 885]",mORF,"[0.0, 0.0, 0.0]",,0.0,,
gene-STM3282::NC_003197.2:3449253-3451454(-),default,,TTG,,,,"[65, 2201]",mORF,"[0.0, 0.0, 0.0]",,0.0,,
gene-STM3283::NC_003197.2:3451630-3451900(-),default,,ATG,,,,"[0, 270]",mORF,"[0.0, 0.0, 0.0]",,0.0,,
gene-STM3284::NC_003197.2:3452050-3453396(-),default,,ATG,,,,"[0, 402]",mORF,"[0.0, 0.0, 0.0]",,0.0,,
gene-STM3284::NC_003197.2:3452050-3453396(-),default,,ATG,,,,"[401, 1346]",mORF,"[0.0, 0.0, 0.0]",,0.0,,
gene-STM3286::NC_003197.2:3453616-3456295(-),default,,ATG,,,,"[0, 2679]",mORF,"[0.0, 0.0, 0.0]",,0.0,,
gene-STM3287::NC_003197.2:3456319-3457822(-),default,,ATG,,,,"[0, 1503]",mORF,"[0.0, 0.0, 0.0]",,0.0,,
gene-STM3288::NC_003197.2:3457849-3458272(-),default,,ATG,,,,"[0, 423]",mORF,"[0.0, 0.0, 0.0]",,0.0,,
gene-STM3290::NC_003197.2:3458863-3460273(+),default,,TTG,,,,"[0, 1410]",mORF,"[0.0, 0.0, 0.0]",,0.0,,
gene-STM3291::NC_003197.2:3460358-3461423(-),default,,ATG,,,,"[0, 1065]",mORF,"[0.0, 0.0, 0.0]",,0.0,,
gene-STM3293::NC_003197.2:3461858-3462256(-),default,,ATG,,,,"[65, 398]",mORF,"[9.0, 6.0, 3.0]",,0.0,,
gene-STM3294::NC_003197.2:3462413-3464592(-),default,,ATG,,,,"[0, 849]",mORF,"[0.0, 0.0, 0.0]",,0.0,,
gene-STM3294::NC_003197.2:3462413-3464592(-),default,,ATG,,,,"[841, 2179]",mORF,"[0.0, 0.0, 0.0]",,0.0,,
gene-STM3296::NC_003197.2:3464696-3466631(-),default,,ATG,,,,"[0, 1935]",mORF,"[0.0, 0.0, 0.0]",,0.0,,
gene-STM3297::NC_003197.2:3466734-3467361(-),default,,ATG,,,,"[0, 627]",mORF,"[0.0, 0.0, 0.0]",,0.0,,
gene-STM3298::NC_003197.2:3467448-3467781(+),default,,ATG,,,,"[0, 333]",mORF,"[0.0, 0.0, 0.0]",,0.0,,
gene-STM3299::NC_003197.2:3467936-3468413(-),default,,ATG,,,,"[0, 477]",mORF,"[0.0, 0.0, 0.0]",,0.0,,
gene-STM3300::NC_003197.2:3468660-3470094(+),default,,ATG,,,,"[0, 1434]",mORF,"[0.0, 0.0, 0.0]",,0.0,,
gene-STM3301::NC_003197.2:3470225-3471398(-),default,,ATG,,,,"[0, 1173]",mORF,"[0.0, 0.0, 0.0]",,0.0,,
gene-STM3303::NC_003197.2:3472507-3472765(-),default,,ATG,,,,"[0, 258]",mORF,"[0.0, 0.0, 0.0]",,0.0,,
gene-STM3304::NC_003197.2:3472784-3473096(-),default,,ATG,,,,"[0, 312]",mORF,"[0.0, 0.0, 0.0]",,0.0,,
gene-STM3305::NC_003197.2:3473353-3474325(+),default,,ATG,,,,"[0, 972]",mORF,"[0.0, 0.0, 0.0]",,0.0,,
gene-STM3307::NC_003197.2:3474901-3476161(-),default,,ATG,,,,"[0, 1260]",mORF,"[0.0, 0.0, 0.0]",,0.0,,
gene-STM3309::NC_003197.2:3476656-3477588(-),default,,ATG,,,,"[635, 932]",mORF,"[0.0, 0.0, 0.0]",,0.0,,
gene-STM3311::NC_003197.2:3477606-3478158(-),default,,ATG,,,,"[0, 552]",mORF,"[0.0, 0.0, 0.0]",,0.0,,
gene-STM3313::NC_003197.2:3478952-3479765(-),default,,ATG,,,,"[0, 813]",mORF,"[0.0, 0.0, 0.0]",,0.0,,
gene-STM3314::NC_003197.2:3479977-3480955(+),default,,ATG,,,,"[0, 978]",mORF,"[0.0, 0.0, 0.0]",,0.0,,
gene-STM3315::NC_003197.2:3480968-3481955(+),default,,ATG,,,,"[0, 987]",mORF,"[0.0, 0.0, 0.0]",,0.0,,
gene-STM3316::NC_003197.2:3481975-3483082(+),default,,ATG,,,,"[0, 567]",mORF,"[0.0, 0.0, 0.0]",,0.0,,
gene-STM3317::NC_003197.2:3482538-3483637(+),default,,ATG,,,,"[0, 576]",mORF,"[0.0, 0.0, 0.0]",,0.0,,
gene-STM3317::NC_003197.2:3482538-3483637(+),default,,ATG,,,,"[544, 1099]",mORF,"[0.0, 0.0, 1.0]",,0.0,,
gene-STM3319::NC_003197.2:3483643-3484369(+),default,,ATG,,,,"[0, 726]",mORF,"[0.0, 0.0, 0.0]",,0.0,,
gene-STM3320::NC_003197.2:3484416-3485850(+),default,,ATG,,,,"[0, 1434]",mORF,"[0.0, 0.0, 0.0]",,0.0,,
gene-STM3321::NC_003197.2:3485872-3486160(+),default,,ATG,,,,"[0, 288]",mORF,"[0.0, 0.0, 0.0]",,0.0,,
gene-STM3322::NC_003197.2:3486277-3486769(+),default,,ATG,,,,"[0, 492]",mORF,"[0.0, 0.0, 0.0]",,0.0,,
gene-STM3323::NC_003197.2:3486814-3487938(+),default,,ATG,,,,"[0, 855]",mORF,"[0.0, 0.0, 0.0]",,0.0,,
gene-STM3323::NC_003197.2:3486814-3487938(+),default,,ATG,,,,"[851, 1124]",mORF,"[0.0, 0.0, 0.0]",,0.0,,
gene-STM3328::NC_003197.2:3490498-3492835(-),default,,ATG,,,,"[0, 2337]",mORF,"[0.0, 0.0, 0.0]",,0.0,,
gene-STM3329::NC_003197.2:3492928-3493858(-),default,,ATG,,,,"[0, 930]",mORF,"[0.0, 0.0, 0.0]",,0.0,,
gene-STM3330::NC_003197.2:3494529-3498990(+),default,,ATG,,,,"[0, 4461]",mORF,"[0.0, 0.0, 0.0]",,0.0,,
gene-STM3331::NC_003197.2:3498999-3500418(+),default,,ATG,,,,"[0, 1419]",mORF,"[0.0, 0.0, 0.0]",,0.0,,
gene-STM3333::NC_003197.2:3501844-3504365(+),default,,GTG,,,,"[0, 1254]",mORF,"[0.0, 0.0, 0.0]",,0.0,,
gene-STM3335::NC_003197.2:3504447-3505783(-),default,,ATG,,,,"[868, 1336]",mORF,"[1.0, 0.0, 0.0]",,0.0,,
gene-STM3336::NC_003197.2:3504911-3506473(-),default,,ATG,,,,"[0, 690]",mORF,"[0.0, 0.0, 0.0]",,0.0,,
gene-STM3336::NC_003197.2:3504911-3506473(-),default,,ATG,,,,"[686, 1562]",mORF,"[0.0, 0.0, 0.0]",,0.0,,
gene-STM3338::NC_003197.2:3506519-3508010(-),default,,ATG,,,,"[0, 1491]",mORF,"[0.0, 0.0, 0.0]",,0.0,,
gene-STM3339::NC_003197.2:3508125-3509019(-),default,,ATG,,,,"[0, 894]",mORF,"[0.0, 0.0, 0.0]",,0.0,,
gene-STM3340::NC_003197.2:3509153-3509945(-),default,,ATG,,,,"[0, 792]",mORF,"[0.0, 0.0, 0.0]",,0.0,,
gene-STM3341::NC_003197.2:3510053-3510554(-),default,,ATG,,,,"[0, 501]",mORF,"[0.0, 0.0, 0.0]",,0.0,,
gene-STM3342::NC_003197.2:3510559-3511198(-),default,,ATG,,,,"[0, 639]",mORF,"[0.0, 0.0, 0.0]",,0.0,,
gene-STM3343::NC_003197.2:3511460-3512213(-),default,,ATG,,,,"[0, 753]",mORF,"[0.0, 0.0, 0.0]",,0.0,,
gene-STM3344::NC_003197.2:3512412-3512805(-),default,,ATG,,,,"[0, 393]",mORF,"[0.0, 0.0, 0.0]",,0.0,,
gene-STM3345::NC_003197.2:3512820-3513249(-),default,,ATG,,,,"[0, 429]",mORF,"[0.0, 0.0, 0.0]",,0.0,,
gene-STM3347::NC_003197.2:3514862-3515267(+),default,,ATG,,,,"[0, 405]",mORF,"[0.0, 0.0, 0.0]",,0.0,,
gene-STM3348::NC_003197.2:3515423-3516838(+),default,,ATG,,,,"[0, 1368]",mORF,"[0.0, 0.0, 0.0]",,0.0,,
gene-STM3349::NC_003197.2:3516883-3517954(+),default,,ATG,,,,"[0, 1071]",mORF,"[0.0, 0.0, 0.0]",,0.0,,
gene-STM3350::NC_003197.2:3517987-3518719(-),default,,GTG,,,,"[0, 732]",mORF,"[0.0, 0.0, 0.0]",,0.0,,
gene-STM3354::NC_003197.2:3522253-3523770(-),default,,ATG,,,,"[0, 900]",mORF,"[0.0, 0.0, 0.0]",,0.0,,
gene-STM3354::NC_003197.2:3522253-3523770(-),default,,ATG,,,,"[899, 1517]",mORF,"[0.0, 0.0, 0.0]",,0.0,,
gene-STM3357::NC_003197.2:3525281-3526563(-),default,,GTG,,,,"[0, 630]",mORF,"[0.0, 0.0, 0.0]",,0.0,,
gene-STM3360::NC_003197.2:3528034-3528505(+),default,,ATG,,,,"[0, 471]",mORF,"[0.0, 0.0, 0.0]",,0.0,,
gene-STM3368::NC_003197.2:3534356-3535899(-),default,,ATG,,,,"[97, 1543]",mORF,"[0.0, 0.0, 4.0]",,0.0,,
gene-STM3370::NC_003197.2:3539853-3541914(-),default,,ATG,,,,"[591, 2061]",mORF,"[0.0, 0.0, 0.0]",,0.0,,
gene-STM3372::NC_003197.2:3541914-3543522(-),default,,ATG,,,,"[1116, 1608]",mORF,"[0.0, 0.0, 0.0]",,0.0,,
gene-STM3374::NC_003197.2:3543522-3544873(-),default,,ATG,,,,"[307, 1351]",mORF,"[0.0, 0.0, 0.0]",,0.0,,
gene-STM3375::NC_003197.2:3544873-3546943(-),default,,ATG,,,,"[129, 2070]",mORF,"[0.0, 0.0, 0.0]",,0.0,,
gene-STM3376::NC_003197.2:3547017-3547992(+),default,,ATG,,,,"[0, 975]",mORF,"[0.0, 0.0, 0.0]",,0.0,,
gene-STM3378::NC_003197.2:3549109-3549709(+),default,,GTG,,,,"[0, 600]",mORF,"[0.0, 0.0, 0.0]",,0.0,,
gene-STM3379::NC_003197.2:3550101-3550582(+),default,,ATG,,,,"[0, 471]",mORF,"[0.0, 0.0, 0.0]",,0.0,,
gene-STM3380::NC_003197.2:3550582-3552040(+),default,,ATG,,,,"[0, 1350]",mORF,"[0.0, 0.0, 0.0]",,0.0,,
gene-STM3381::NC_003197.2:3552040-3553735(+),default,,ATG,,,,"[0, 243]",mORF,"[0.0, 0.0, 0.0]",,0.0,,
gene-STM3381::NC_003197.2:3552040-3553735(+),default,,ATG,,,,"[232, 1684]",mORF,"[0.0, 0.0, 0.0]",,0.0,,
gene-STM3383::NC_003197.2:3553735-3555048(+),default,,ATG,,,,"[0, 882]",mORF,"[0.0, 0.0, 0.0]",,0.0,,
gene-STM3384::NC_003197.2:3555277-3556243(+),default,,ATG,,,,"[0, 966]",mORF,"[0.0, 0.0, 0.0]",,0.0,,
gene-STM3385::NC_003197.2:3556268-3556565(+),default,,ATG,,,,"[0, 297]",mORF,"[0.0, 0.0, 0.0]",,0.0,,
gene-STM3386::NC_003197.2:3556650-3557535(+),default,,ATG,,,,"[0, 885]",mORF,"[0.0, 0.0, 0.0]",,0.0,,
gene-STM3387::NC_003197.2:3557617-3557782(+),default,,ATG,,,,"[0, 165]",mORF,"[0.0, 0.0, 0.0]",,0.0,,
gene-STM3388::NC_003197.2:3557932-3560032(+),default,,ATG,,,,"[0, 2100]",mORF,"[0.0, 0.0, 0.0]",,0.0,,
gene-STM3391::NC_003197.2:3562279-3565393(+),default,,ATG,,,,"[0, 3114]",mORF,"[0.0, 0.0, 0.0]",,0.0,,
gene-STM3392::NC_003197.2:3565628-3565850(+),default,,ATG,,,,"[0, 222]",mORF,"[0.0, 0.0, 0.0]",,0.0,,
gene-STM3399::NC_003197.2:3572488-3574091(+),default,,ATG,,,,"[0, 555]",mORF,"[0.0, 0.0, 0.0]",,0.0,,
gene-STM3402::NC_003197.2:3574095-3574668(-),default,,GTG,,,,"[0, 573]",mORF,"[0.0, 0.0, 0.0]",,0.0,,
gene-STM3403::NC_003197.2:3574672-3575215(-),default,,ATG,,,,"[0, 543]",mORF,"[0.0, 0.0, 0.0]",,0.0,,
gene-STM3404::NC_003197.2:3575241-3576811(-),default,,ATG,,,,"[1096, 1570]",mORF,"[0.0, 0.0, 0.0]",,0.0,,
gene-STM3406::NC_003197.2:3576942-3577452(+),default,,ATG,,,,"[0, 510]",mORF,"[0.0, 0.0, 0.0]",,0.0,,
gene-STM3407::NC_003197.2:3577467-3578415(+),default,,GTG,,,,"[0, 948]",mORF,"[0.0, 0.0, 0.0]",,0.0,,
gene-STM3408::NC_003197.2:3578466-3579756(+),default,,ATG,,,,"[0, 1290]",mORF,"[0.0, 0.0, 0.0]",,0.0,,
gene-STM3409::NC_003197.2:3579777-3581154(+),default,,ATG,,,,"[0, 1377]",mORF,"[0.0, 0.0, 0.0]",,0.0,,
gene-STM3410::NC_003197.2:3581295-3581914(+),default,,ATG,,,,"[0, 414]",mORF,"[0.0, 0.0, 0.0]",,0.0,,
gene-STM3411::NC_003197.2:3581644-3581914(-),default,,ATG,,,,"[0, 270]",mORF,"[0.0, 0.0, 0.0]",,0.0,,
gene-STM3413::NC_003197.2:3582407-3582776(-),default,,ATG,,,,"[0, 369]",mORF,"[0.0, 0.0, 0.0]",,0.0,,
gene-STM3414::NC_003197.2:3582883-3583267(-),default,,ATG,,,,"[0, 384]",mORF,"[0.0, 0.0, 0.0]",,0.0,,
gene-STM3415::NC_003197.2:3583307-3584297(-),default,,ATG,,,,"[0, 990]",mORF,"[0.0, 0.0, 0.0]",,0.0,,
gene-STM3416::NC_003197.2:3584322-3584943(-),default,,ATG,,,,"[0, 621]",mORF,"[0.0, 0.0, 0.0]",,0.0,,
gene-STM3417::NC_003197.2:3584976-3585366(-),default,,ATG,,,,"[0, 390]",mORF,"[0.0, 0.0, 0.0]",,0.0,,
gene-STM3420::NC_003197.2:3586033-3587372(-),default,,ATG,,,,"[7, 1339]",mORF,"[0.0, 0.0, 1.0]",,0.0,,
gene-STM3421::NC_003197.2:3587372-3587807(-),default,,ATG,,,,"[0, 435]",mORF,"[0.0, 0.0, 0.0]",,0.0,,
gene-STM3422::NC_003197.2:3587810-3587993(-),default,,ATG,,,,"[3, 183]",mORF,"[0.0, 0.0, 0.0]",,0.0,,
gene-STM3423::NC_003197.2:3587993-3588497(-),default,,ATG,,,,"[0, 504]",mORF,"[0.0, 0.0, 0.0]",,0.0,,
gene-STM3424::NC_003197.2:3588511-3588865(-),default,,ATG,,,,"[0, 354]",mORF,"[0.0, 0.0, 0.0]",,0.0,,
gene-STM3425::NC_003197.2:3588874-3589408(-),default,,ATG,,,,"[0, 534]",mORF,"[0.0, 0.0, 0.0]",,0.0,,
gene-STM3426::NC_003197.2:3589420-3589813(-),default,,ATG,,,,"[0, 393]",mORF,"[0.0, 0.0, 0.0]",,0.0,,
gene-STM3427::NC_003197.2:3589846-3590152(-),default,,ATG,,,,"[0, 306]",mORF,"[0.0, 0.0, 0.0]",,0.0,,
gene-STM3428::NC_003197.2:3590166-3590706(-),default,,ATG,,,,"[0, 540]",mORF,"[0.0, 0.0, 0.0]",,0.0,,
gene-STM3429::NC_003197.2:3590720-3591035(-),default,,ATG,,,,"[0, 315]",mORF,"[0.0, 0.0, 0.0]",,0.0,,
gene-STM3430::NC_003197.2:3591045-3591469(-),default,,ATG,,,,"[52, 424]",mORF,"[97.0, 0.0, 0.0]",,0.0,,
gene-STM3431::NC_003197.2:3591580-3592025(-),default,,ATG,,,,"[190, 445]",mORF,"[0.0, 0.0, 0.0]",,0.0,,
gene-STM3432::NC_003197.2:3591834-3592436(-),default,,ATG,,,,"[410, 602]",mORF,"[5.0, 3.0, 52.0]",,0.0,,
gene-STM3432::NC_003197.2:3591834-3592436(-),default,,ATG,,,,"[0, 411]",mORF,"[0.0, 0.0, 0.0]",,0.0,,
gene-STM3434::NC_003197.2:3592448-3593150(-),default,,ATG,,,,"[0, 702]",mORF,"[0.0, 0.0, 0.0]",,0.0,,
gene-STM3435::NC_003197.2:3593167-3593500(-),default,,ATG,,,,"[0, 333]",mORF,"[0.0, 0.0, 0.0]",,0.0,,
gene-STM3436::NC_003197.2:3593514-3593793(-),default,,ATG,,,,"[0, 279]",mORF,"[0.0, 0.0, 0.0]",,0.0,,
gene-STM3437::NC_003197.2:3593809-3594648(-),default,,ATG,,,,"[17, 839]",mORF,"[0.0, 2.0, 1.0]",,0.0,,
gene-STM3438::NC_003197.2:3594648-3595563(-),default,,ATG,,,,"[612, 915]",mORF,"[110.0, 0.0, 0.0]",,0.0,,
gene-STM3438::NC_003197.2:3594648-3595563(-),default,,ATG,,,,"[10, 616]",mORF,"[0.0, 0.0, 0.0]",,0.0,,
gene-STM3440::NC_003197.2:3595563-3596193(-),default,,ATG,,,,"[0, 630]",mORF,"[0.0, 0.0, 0.0]",,0.0,,
gene-STM3445::NC_003197.2:3598308-3599564(-),default,,GTG,,,,"[71, 1256]",mORF,"[4.0, 17.0, 5.0]",,0.0,,
gene-STM3446::NC_003197.2:3599564-3601679(-),default,,ATG,,,,"[0, 2115]",mORF,"[0.0, 0.0, 0.0]",,0.0,,
gene-STM3447::NC_003197.2:3601775-3602341(-),default,,ATG,,,,"[95, 566]",mORF,"[0.0, 0.0, 0.0]",,0.0,,
gene-STM3448::NC_003197.2:3602341-3602841(-),default,,ATG,,,,"[125, 500]",mORF,"[0.0, 0.0, 2.0]",,0.0,,
gene-STM3449::NC_003197.2:3602841-3603136(-),default,,ATG,,,,"[7, 295]",mORF,"[0.0, 0.0, 0.0]",,0.0,,
gene-STM3450::NC_003197.2:3603136-3603878(-),default,,ATG,,,,"[385, 742]",mORF,"[0.0, 0.0, 0.0]",,0.0,,
gene-STM3451::NC_003197.2:3603492-3604706(-),default,,ATG,,,,"[827, 1214]",mORF,"[0.0, 0.0, 0.0]",,0.0,,
gene-STM3453::NC_003197.2:3604877-3605696(-),default,,ATG,,,,"[0, 819]",mORF,"[0.0, 0.0, 0.0]",,0.0,,
gene-STM3454::NC_003197.2:3605915-3606134(+),default,,ATG,,,,"[0, 219]",mORF,"[0.0, 0.0, 0.0]",,0.0,,
gene-STM3455::NC_003197.2:3606321-3606912(-),default,,ATG,,,,"[0, 591]",mORF,"[0.0, 0.0, 0.0]",,0.0,,
gene-STM3456::NC_003197.2:3607006-3607207(-),default,,ATG,,,,"[0, 201]",mORF,"[0.0, 0.0, 0.0]",,0.0,,
gene-STM3457::NC_003197.2:3607217-3609770(-),default,,ATG,,,,"[196, 748]",mORF,"[0.0, 0.0, 0.0]",,0.0,,
gene-STM3457::NC_003197.2:3607217-3609770(-),default,,ATG,,,,"[747, 2553]",mORF,"[0.0, 0.0, 0.0]",,0.0,,
gene-STM3459::NC_003197.2:3609839-3611747(+),default,,ATG,,,,"[0, 1908]",mORF,"[0.0, 0.0, 0.0]",,0.0,,
gene-STM3461::NC_003197.2:3612132-3612444(-),default,,ATG,,,,"[0, 312]",mORF,"[0.0, 0.0, 0.0]",,0.0,,
gene-STM3462::NC_003197.2:3612641-3613709(+),default,,ATG,,,,"[0, 1068]",mORF,"[0.0, 0.0, 0.0]",,0.0,,
gene-STM3464::NC_003197.2:3613975-3614845(+),default,,ATG,,,,"[0, 870]",mORF,"[0.0, 0.0, 0.0]",,0.0,,
gene-STM3465::NC_003197.2:3614940-3615345(-),default,,ATG,,,,"[0, 405]",mORF,"[0.0, 0.0, 0.0]",,0.0,,
gene-STM3466::NC_003197.2:3615652-3616285(+),default,,ATG,,,,"[0, 633]",mORF,"[0.0, 0.0, 0.0]",,0.0,,
gene-STM3467::NC_003197.2:3616333-3619681(+),default,,ATG,,,,"[0, 2088]",mORF,"[0.0, 0.0, 0.0]",,0.0,,
gene-STM3468::NC_003197.2:3618463-3619681(-),default,,ATG,,,,"[0, 1218]",mORF,"[0.0, 0.0, 0.0]",,0.0,,
gene-STM3472::NC_003197.2:3621229-3621846(-),default,,ATG,,,,"[44, 617]",mORF,"[1.0, 0.0, 1.0]",,0.0,,
gene-STM3474::NC_003197.2:3623522-3626421(+),default,,ATG,,,,"[0, 2544]",mORF,"[0.0, 0.0, 0.0]",,0.0,,
gene-STM3477::NC_003197.2:3627475-3628849(+),default,,GTG,,,,"[0, 1374]",mORF,"[0.0, 0.0, 0.0]",,0.0,,
gene-STM3481::NC_003197.2:3636254-3638002(-),default,,ATG,,,,"[743, 1748]",mORF,"[0.0, 0.0, 0.0]",,0.0,,
gene-STM3482::NC_003197.2:3637251-3638680(-),default,,ATG,,,,"[670, 1429]",mORF,"[0.0, 2.0, 2.0]",,0.0,,
gene-STM3484::NC_003197.2:3638697-3639534(-),default,,ATG,,,,"[0, 837]",mORF,"[0.0, 0.0, 0.0]",,0.0,,
gene-STM3485::NC_003197.2:3639714-3640992(-),default,,ATG,,,,"[0, 1278]",mORF,"[0.0, 0.0, 0.0]",,0.0,,
gene-STM3486::NC_003197.2:3641089-3642178(-),default,,ATG,,,,"[0, 1089]",mORF,"[0.0, 0.0, 0.0]",,0.0,,
gene-STM3487::NC_003197.2:3642234-3643118(-),default,,ATG,,,,"[362, 884]",mORF,"[0.0, 0.0, 0.0]",,0.0,,
gene-STM3493::NC_003197.2:3646636-3649213(+),default,,ATG,,,,"[0, 2577]",mORF,"[0.0, 0.0, 0.0]",,0.0,,
gene-STM3494::NC_003197.2:3649308-3649905(-),default,,ATG,,,,"[0, 597]",mORF,"[0.0, 0.0, 0.0]",,0.0,,
gene-STM3495::NC_003197.2:3650194-3652327(+),default,,ATG,,,,"[0, 2133]",mORF,"[0.0, 0.0, 0.0]",,0.0,,
gene-STM3498::NC_003197.2:3653490-3654481(+),default,,ATG,,,,"[0, 885]",mORF,"[0.0, 0.0, 0.0]",,0.0,,
gene-STM3499::NC_003197.2:3654484-3656194(-),default,,ATG,,,,"[0, 1710]",mORF,"[0.0, 0.0, 0.0]",,0.0,,
gene-STM3500::NC_003197.2:3656573-3658193(+),default,,ATG,,,,"[0, 1620]",mORF,"[0.0, 0.0, 0.0]",,0.0,,
gene-STM3501::NC_003197.2:3658267-3660336(-),default,,ATG,,,,"[0, 720]",mORF,"[0.0, 0.0, 0.0]",,0.0,,
gene-STM3501::NC_003197.2:3658267-3660336(-),default,,ATG,,,,"[716, 2069]",mORF,"[0.0, 0.0, 0.0]",,0.0,,
gene-STM3503::NC_003197.2:3660561-3661035(+),default,,ATG,,,,"[0, 474]",mORF,"[0.0, 0.0, 0.0]",,0.0,,
gene-STM3504::NC_003197.2:3661136-3663464(+),default,,ATG,,,,"[0, 2328]",mORF,"[0.0, 0.0, 0.0]",,0.0,,
gene-STM3505::NC_003197.2:3663900-3664128(+),default,,ATG,,,,"[0, 228]",mORF,"[0.0, 0.0, 0.0]",,0.0,,
gene-STM3506::NC_003197.2:3664146-3666477(+),default,,ATG,,,,"[0, 2319]",mORF,"[0.0, 0.0, 0.0]",,0.0,,
gene-STM3507::NC_003197.2:3666477-3666714(+),default,,ATG,,,,"[0, 237]",mORF,"[0.0, 0.0, 0.0]",,0.0,,
gene-STM3508::NC_003197.2:3666948-3667863(+),default,,ATG,,,,"[0, 915]",mORF,"[0.0, 0.0, 0.0]",,0.0,,
gene-STM3509::NC_003197.2:3667898-3668669(-),default,,ATG,,,,"[0, 771]",mORF,"[0.0, 0.0, 0.0]",,0.0,,
gene-STM3511::NC_003197.2:3669448-3670024(+),default,,ATG,,,,"[0, 576]",mORF,"[0.0, 0.0, 0.0]",,0.0,,
gene-STM3512::NC_003197.2:3670400-3671717(+),default,,ATG,,,,"[0, 1317]",mORF,"[0.0, 0.0, 0.0]",,0.0,,
gene-STM3513::NC_003197.2:3671835-3673923(-),default,,ATG,,,,"[9, 2088]",mORF,"[3.0, 0.0, 0.0]",,0.0,,
gene-STM3514::NC_003197.2:3673923-3676317(-),default,,ATG,,,,"[0, 2394]",mORF,"[0.0, 0.0, 0.0]",,0.0,,
gene-STM3515::NC_003197.2:3676910-3679616(+),default,,ATG,,,,"[0, 2706]",mORF,"[0.0, 0.0, 0.0]",,0.0,,
gene-STM3517::NC_003197.2:3679981-3680242(-),default,,ATG,,,,"[0, 261]",mORF,"[0.0, 0.0, 0.0]",,0.0,,
gene-STM3519::NC_003197.2:3681373-3682591(-),default,,ATG,,,,"[0, 1218]",mORF,"[0.0, 0.0, 0.0]",,0.0,,
gene-STM3522::NC_003197.2:3684878-3687217(+),default,,ATG,,,,"[0, 1584]",mORF,"[0.0, 0.0, 0.0]",,0.0,,
gene-STM3523::NC_003197.2:3686458-3687217(-),default,,ATG,,,,"[0, 759]",mORF,"[0.0, 0.0, 0.0]",,0.0,,
gene-STM3524::NC_003197.2:3687310-3688141(-),default,,ATG,,,,"[0, 831]",mORF,"[0.0, 0.0, 0.0]",,0.0,,
gene-STM3525::NC_003197.2:3688216-3688543(-),default,,ATG,,,,"[0, 327]",mORF,"[0.0, 0.0, 0.0]",,0.0,,
gene-STM3526::NC_003197.2:3688741-3690250(+),default,,ATG,,,,"[0, 1509]",mORF,"[0.0, 0.0, 0.0]",,0.0,,
gene-STM3529::NC_003197.2:3692504-3693614(-),default,,ATG,,,,"[0, 1110]",mORF,"[0.0, 0.0, 0.0]",,0.0,,
gene-STM3531::NC_003197.2:3695282-3696998(+),default,,ATG,,,,"[0, 1716]",mORF,"[0.0, 0.0, 0.0]",,0.0,,
gene-STM3532::NC_003197.2:3697041-3697947(+),default,,ATG,,,,"[0, 906]",mORF,"[0.0, 0.0, 0.0]",,0.0,,
gene-STM3533::NC_003197.2:3697990-3698746(-),default,,ATG,,,,"[0, 756]",mORF,"[0.0, 0.0, 0.0]",,0.0,,
gene-STM3534::NC_003197.2:3698923-3701371(-),default,,ATG,,,,"[0, 2448]",mORF,"[0.0, 0.0, 0.0]",,0.0,,
gene-STM3535::NC_003197.2:3701390-3704119(-),default,,ATG,,,,"[1295, 2729]",mORF,"[1.0, 0.0, 0.0]",,0.0,,
gene-STM3537::NC_003197.2:3704133-3708293(-),default,,ATG,,,,"[2183, 4160]",mORF,"[0.0, 0.0, 0.0]",,0.0,,
gene-STM3539::NC_003197.2:3708639-3709746(-),default,,ATG,,,,"[0, 1107]",mORF,"[0.0, 0.0, 0.0]",,0.0,,
gene-STM3541::NC_003197.2:3710169-3712040(-),default,,TTG,,,,"[0, 534]",mORF,"[0.0, 0.0, 0.0]",,0.0,,
gene-STM3543::NC_003197.2:3712178-3713174(-),default,,ATG,,,,"[0, 996]",mORF,"[0.0, 0.0, 0.0]",,0.0,,
gene-STM3544::NC_003197.2:3713303-3713999(-),default,,ATG,,,,"[0, 696]",mORF,"[0.0, 0.0, 0.0]",,0.0,,
gene-STM3545::NC_003197.2:3714122-3715160(-),default,,ATG,,,,"[0, 1038]",mORF,"[0.0, 0.0, 0.0]",,0.0,,
gene-STM3546::NC_003197.2:3715628-3716117(+),default,,ATG,,,,"[0, 489]",mORF,"[0.0, 0.0, 0.0]",,0.0,,
gene-STM3548::NC_003197.2:3717611-3718373(+),default,,ATG,,,,"[0, 762]",mORF,"[0.0, 0.0, 0.0]",,0.0,,
gene-STM3551::NC_003197.2:3720473-3722216(-),default,,ATG,,,,"[0, 1743]",mORF,"[0.0, 0.0, 0.0]",,0.0,,
gene-STM3552::NC_003197.2:3722341-3722758(+),default,,ATG,,,,"[0, 417]",mORF,"[0.0, 0.0, 0.0]",,0.0,,
gene-STM3553::NC_003197.2:3722770-3724579(-),default,,ATG,,,,"[1068, 1809]",mORF,"[1.0, 1.0, 1.0]",,0.0,,
gene-STM3553::NC_003197.2:3722770-3724579(-),default,,ATG,,,,"[1, 1072]",mORF,"[0.0, 0.0, 0.0]",,0.0,,
gene-STM3555::NC_003197.2:3724579-3726372(-),default,,ATG,,,,"[947, 1793]",mORF,"[0.0, 0.0, 0.0]",,0.0,,
gene-STM3557::NC_003197.2:3726372-3727947(-),default,,ATG,,,,"[258, 1575]",mORF,"[0.0, 1.0, 0.0]",,0.0,,
gene-STM3558::NC_003197.2:3727947-3728665(-),default,,ATG,,,,"[125, 353]",mORF,"[0.0, 0.0, 0.0]",,0.0,,
gene-STM3565::NC_003197.2:3733935-3734431(+),default,,ATG,,,,"[0, 384]",mORF,"[0.0, 0.0, 0.0]",,0.0,,
gene-STM3567::NC_003197.2:3734513-3735611(-),default,,ATG,,,,"[0, 1098]",mORF,"[0.0, 0.0, 0.0]",,0.0,,
gene-STM3568::NC_003197.2:3735938-3736793(-),default,,ATG,,,,"[0, 855]",mORF,"[0.0, 0.0, 0.0]",,0.0,,
gene-STM3569::NC_003197.2:3737038-3738755(-),default,,ATG,,,,"[661, 1717]",mORF,"[0.0, 0.0, 0.0]",,0.0,,
gene-STM3571::NC_003197.2:3738757-3740233(-),default,,ATG,,,,"[0, 1476]",mORF,"[0.0, 0.0, 0.0]",,0.0,,
gene-STM3572::NC_003197.2:3740358-3741214(+),default,,ATG,,,,"[0, 597]",mORF,"[0.0, 0.0, 0.0]",,0.0,,
gene-STM3574::NC_003197.2:3741235-3741607(-),default,,ATG,,,,"[0, 372]",mORF,"[0.0, 0.0, 0.0]",,0.0,,
gene-STM3575::NC_003197.2:3741748-3742375(+),default,,ATG,,,,"[0, 627]",mORF,"[0.0, 0.0, 0.0]",,0.0,,
gene-STM3576::NC_003197.2:3742455-3744654(+),default,,ATG,,,,"[0, 2199]",mORF,"[0.0, 0.0, 0.0]",,0.0,,
gene-STM3577::NC_003197.2:3744853-3746497(+),default,,ATG,,,,"[0, 1644]",mORF,"[0.0, 0.0, 0.0]",,0.0,,
gene-STM3578::NC_003197.2:3746520-3746766(-),default,,ATG,,,,"[0, 246]",mORF,"[0.0, 0.0, 0.0]",,0.0,,
gene-STM3580::NC_003197.2:3747673-3748231(+),default,,ATG,,,,"[0, 558]",mORF,"[0.0, 0.0, 0.0]",,0.0,,
gene-STM3581::NC_003197.2:3748234-3749494(-),default,,ATG,,,,"[0, 1260]",mORF,"[0.0, 0.0, 0.0]",,0.0,,
gene-STM3583::NC_003197.2:3750684-3751263(+),default,,ATG,,,,"[0, 579]",mORF,"[0.0, 0.0, 0.0]",,0.0,,
gene-STM3584::NC_003197.2:3751354-3751756(+),default,,ATG,,,,"[0, 402]",mORF,"[0.0, 0.0, 0.0]",,0.0,,
gene-STM3585::NC_003197.2:3751845-3755660(-),default,,ATG,,,,"[2690, 3815]",mORF,"[0.0, 0.0, 0.0]",,0.0,,
gene-STM3587::NC_003197.2:3755707-3756775(-),default,,ATG,,,,"[0, 1068]",mORF,"[0.0, 0.0, 0.0]",,0.0,,
gene-STM3588::NC_003197.2:3757080-3758277(-),default,,GTG,,,,"[0, 1197]",mORF,"[0.0, 0.0, 0.0]",,0.0,,
gene-STM3589::NC_003197.2:3758507-3760139(+),default,,ATG,,,,"[0, 1497]",mORF,"[0.0, 0.0, 0.0]",,0.0,,
gene-STM3590::NC_003197.2:3760143-3760479(-),default,,ATG,,,,"[0, 336]",mORF,"[0.0, 0.0, 0.0]",,0.0,,
gene-STM3591::NC_003197.2:3760866-3761301(+),default,,ATG,,,,"[0, 435]",mORF,"[0.0, 0.0, 0.0]",,0.0,,
gene-STM3592::NC_003197.2:3761625-3763095(+),default,,ATG,,,,"[0, 1470]",mORF,"[0.0, 0.0, 0.0]",,0.0,,
gene-STM3593::NC_003197.2:3763186-3763945(-),default,,GTG,,,,"[0, 759]",mORF,"[0.0, 0.0, 0.0]",,0.0,,
gene-STM3594::NC_003197.2:3763951-3765994(-),default,,ATG,,,,"[0, 2043]",mORF,"[0.0, 0.0, 0.0]",,0.0,,
gene-STM3595::NC_003197.2:3766175-3767447(-),default,,ATG,,,,"[0, 1272]",mORF,"[0.0, 0.0, 0.0]",,0.0,,
gene-STM3596::NC_003197.2:3767657-3768500(+),default,,ATG,,,,"[0, 843]",mORF,"[0.0, 0.0, 0.0]",,0.0,,
gene-STM3597::NC_003197.2:3768604-3769975(+),default,,ATG,,,,"[0, 1353]",mORF,"[0.0, 0.0, 0.0]",,0.0,,
gene-STM3598::NC_003197.2:3770003-3771047(-),default,,ATG,,,,"[0, 1044]",mORF,"[0.0, 0.0, 0.0]",,0.0,,
gene-STM3599::NC_003197.2:3771105-3772425(-),default,,ATG,,,,"[0, 1320]",mORF,"[0.0, 0.0, 0.0]",,0.0,,
gene-STM3600::NC_003197.2:3772478-3773324(-),default,,ATG,,,,"[0, 846]",mORF,"[0.0, 0.0, 0.0]",,0.0,,
gene-STM3601::NC_003197.2:3773387-3774365(-),default,,ATG,,,,"[0, 978]",mORF,"[0.0, 0.0, 0.0]",,0.0,,
gene-STM3602::NC_003197.2:3774540-3775260(-),default,,ATG,,,,"[0, 720]",mORF,"[0.0, 0.0, 0.0]",,0.0,,
gene-STM3603::NC_003197.2:3775585-3777235(+),default,,ATG,,,,"[0, 1650]",mORF,"[0.0, 0.0, 0.0]",,0.0,,
gene-STM3604::NC_003197.2:3777247-3778837(-),default,,ATG,,,,"[0, 1590]",mORF,"[0.0, 0.0, 0.0]",,0.0,,
gene-STM3606::NC_003197.2:3779479-3780082(-),default,,ATG,,,,"[0, 603]",mORF,"[0.0, 0.0, 0.0]",,0.0,,
gene-STM3607::NC_003197.2:3780712-3781612(+),default,,ATG,,,,"[0, 900]",mORF,"[0.0, 0.0, 0.0]",,0.0,,
gene-STM3608::NC_003197.2:3781684-3782713(+),default,,ATG,,,,"[0, 1029]",mORF,"[0.0, 0.0, 0.0]",,0.0,,
gene-STM3609::NC_003197.2:3783063-3784386(+),default,,ATG,,,,"[0, 1323]",mORF,"[0.0, 0.0, 0.0]",,0.0,,
gene-STM3610::NC_003197.2:3784425-3786486(-),default,,ATG,,,,"[0, 2061]",mORF,"[0.0, 0.0, 0.0]",,0.0,,
gene-STM3611::NC_003197.2:3786595-3787363(-),default,,ATG,,,,"[0, 768]",mORF,"[0.0, 0.0, 0.0]",,0.0,,
gene-STM3612::NC_003197.2:3787591-3788521(+),default,,ATG,,,,"[0, 930]",mORF,"[0.0, 0.0, 0.0]",,0.0,,
gene-STM3613::NC_003197.2:3788574-3790062(-),default,,ATG,,,,"[0, 1488]",mORF,"[0.0, 0.0, 0.0]",,0.0,,
gene-STM3614::NC_003197.2:3790281-3791568(-),default,,ATG,,,,"[0, 1287]",mORF,"[0.0, 0.0, 0.0]",,0.0,,
gene-STM3615::NC_003197.2:3791725-3793703(-),default,,ATG,,,,"[4, 1978]",mORF,"[0.0, 0.0, 0.0]",,0.0,,
gene-STM3616::NC_003197.2:3793905-3798539(-),default,,ATG,,,,"[1091, 4634]",mORF,"[0.0, 0.0, 0.0]",,0.0,,
gene-STM3618::NC_003197.2:3798542-3800843(-),default,,ATG,,,,"[0, 2301]",mORF,"[0.0, 0.0, 0.0]",,0.0,,
gene-STM3619::NC_003197.2:3800853-3804227(-),default,,ATG,,,,"[749, 3374]",mORF,"[0.0, 0.0, 0.0]",,0.0,,
gene-STM3622::NC_003197.2:3804675-3806431(+),default,,ATG,,,,"[0, 1572]",mORF,"[0.0, 0.0, 0.0]",,0.0,,
gene-STM3625::NC_003197.2:3808942-3812335(+),default,,ATG,,,,"[0, 1299]",mORF,"[0.0, 0.0, 0.0]",,0.0,,
gene-STM3626::NC_003197.2:3810341-3812335(-),default,,ATG,,,,"[0, 984]",mORF,"[0.0, 0.0, 0.0]",,0.0,,
gene-STM3626::NC_003197.2:3810341-3812335(-),default,,ATG,,,,"[980, 1994]",mORF,"[0.0, 0.0, 0.0]",,0.0,,
gene-STM3628::NC_003197.2:3812345-3813248(-),default,,ATG,,,,"[0, 903]",mORF,"[0.0, 0.0, 0.0]",,0.0,,
gene-STM3629::NC_003197.2:3813257-3814277(-),default,,ATG,,,,"[0, 1020]",mORF,"[0.0, 0.0, 0.0]",,0.0,,
gene-STM3630::NC_003197.2:3814433-3816194(-),default,,ATG,,,,"[153, 1761]",mORF,"[1.0, 0.0, 0.0]",,0.0,,
gene-STM3631::NC_003197.2:3816596-3817922(-),default,,ATG,,,,"[0, 1326]",mORF,"[0.0, 0.0, 0.0]",,0.0,,
gene-STM3632::NC_003197.2:3817979-3819104(-),default,,GTG,,,,"[0, 1125]",mORF,"[0.0, 0.0, 0.0]",,0.0,,
gene-STM3635::NC_003197.2:3820587-3822279(-),default,,ATG,,,,"[0, 1692]",mORF,"[0.0, 0.0, 0.0]",,0.0,,
gene-STM3642::NC_003197.2:3829363-3830363(+),default,,ATG,,,,"[559, 1000]",mORF,"[0.0, 0.0, 0.0]",,0.0,,
gene-STM3644::NC_003197.2:3830331-3832665(-),default,,TTG,,,,"[0, 2334]",mORF,"[0.0, 0.0, 0.0]",,0.0,,
gene-STM3645::NC_003197.2:3832817-3833480(+),default,,ATG,,,,"[0, 663]",mORF,"[0.0, 0.0, 0.0]",,0.0,,
gene-STM3646::NC_003197.2:3833698-3834673(+),default,,ATG,,,,"[0, 975]",mORF,"[0.0, 0.0, 0.0]",,0.0,,
gene-STM3647::NC_003197.2:3834722-3835433(-),default,,ATG,,,,"[0, 711]",mORF,"[0.0, 0.0, 0.0]",,0.0,,
gene-STM3648::NC_003197.2:3835871-3836162(+),default,,ATG,,,,"[0, 291]",mORF,"[0.0, 0.0, 0.0]",,0.0,,
gene-STM3649::NC_003197.2:3836450-3836663(+),default,,ATG,,,,"[0, 213]",mORF,"[0.0, 0.0, 0.0]",,0.0,,
gene-STM3650::NC_003197.2:3836836-3837376(+),default,,ATG,,,,"[0, 540]",mORF,"[0.0, 0.0, 0.0]",,0.0,,
gene-STM3651::NC_003197.2:3837747-3838508(-),default,,ATG,,,,"[0, 288]",mORF,"[0.0, 0.0, 0.0]",,0.0,,
gene-STM3651::NC_003197.2:3837747-3838508(-),default,,GTG,,,,"[275, 761]",mORF,"[0.0, 0.0, 0.0]",,0.0,,
gene-STM3655::NC_003197.2:3839781-3841860(-),default,,ATG,,,,"[9, 2079]",mORF,"[0.0, 0.0, 0.0]",,0.0,,
gene-STM3656::NC_003197.2:3841860-3842772(-),default,,ATG,,,,"[0, 912]",mORF,"[0.0, 0.0, 0.0]",,0.0,,
gene-STM3658::NC_003197.2:3843378-3844374(+),default,,ATG,,,,"[0, 996]",mORF,"[0.0, 0.0, 0.0]",,0.0,,
gene-STM3661::NC_003197.2:3846478-3847801(-),default,,ATG,,,,"[0, 1323]",mORF,"[0.0, 0.0, 0.0]",,0.0,,
gene-STM3663::NC_003197.2:3849402-3850227(-),default,,ATG,,,,"[0, 825]",mORF,"[0.0, 0.0, 0.0]",,0.0,,
gene-STM3664::NC_003197.2:3850542-3852570(+),default,,ATG,,,,"[0, 2028]",mORF,"[0.0, 0.0, 0.0]",,0.0,,
gene-STM3665::NC_003197.2:3852743-3853994(+),default,,ATG,,,,"[0, 1251]",mORF,"[0.0, 0.0, 0.0]",,0.0,,
gene-STM3666::NC_003197.2:3854030-3854504(-),default,,ATG,,,,"[0, 474]",mORF,"[0.0, 0.0, 0.0]",,0.0,,
gene-STM3667::NC_003197.2:3854620-3855421(-),default,,ATG,,,,"[0, 801]",mORF,"[0.0, 0.0, 0.0]",,0.0,,
gene-STM3678::NC_003197.2:3864832-3865648(-),default,,ATG,,,,"[0, 816]",mORF,"[0.0, 0.0, 0.0]",,0.0,,
gene-STM3680::NC_003197.2:3867984-3869523(-),default,,ATG,,,,"[0, 1539]",mORF,"[0.0, 0.0, 0.0]",,0.0,,
gene-STM3681::NC_003197.2:3869691-3870573(+),default,,ATG,,,,"[0, 882]",mORF,"[0.0, 0.0, 0.0]",,0.0,,
gene-STM3684::NC_003197.2:3874194-3874803(-),default,,ATG,,,,"[0, 609]",mORF,"[0.0, 0.0, 0.0]",,0.0,,
gene-STM3685::NC_003197.2:3875278-3877195(+),default,,ATG,,,,"[0, 1917]",mORF,"[0.0, 0.0, 0.0]",,0.0,,
gene-STM3686::NC_003197.2:3877415-3879151(+),default,,ATG,,,,"[0, 1149]",mORF,"[0.0, 0.0, 0.0]",,0.0,,
gene-STM3686::NC_003197.2:3877415-3879151(+),default,,ATG,,,,"[1145, 1736]",mORF,"[0.0, 0.0, 0.0]",,0.0,,
gene-STM3691::NC_003197.2:3881239-3885625(+),default,,ATG,,,,"[0, 4386]",mORF,"[0.0, 0.0, 0.0]",,0.0,,
gene-STM3692::NC_003197.2:3885923-3888348(+),default,,ATG,,,,"[0, 1656]",mORF,"[0.0, 0.0, 0.0]",,0.0,,
gene-STM3696::NC_003197.2:3890143-3891148(-),default,,GTG,,,,"[0, 1005]",mORF,"[0.0, 0.0, 0.0]",,0.0,,
gene-STM3697::NC_003197.2:3891466-3892663(+),default,,ATG,,,,"[0, 1197]",mORF,"[0.0, 0.0, 0.0]",,0.0,,
gene-STM3698::NC_003197.2:3892736-3894047(+),default,,ATG,,,,"[0, 1311]",mORF,"[0.0, 0.0, 0.0]",,0.0,,
gene-STM3699::NC_003197.2:3894129-3894951(-),default,,ATG,,,,"[0, 822]",mORF,"[0.0, 0.0, 0.0]",,0.0,,
gene-STM3700::NC_003197.2:3895028-3896558(-),default,,ATG,,,,"[510, 1530]",mORF,"[0.0, 0.0, 0.0]",,0.0,,
gene-STM3702::NC_003197.2:3896558-3896810(-),default,,ATG,,,,"[0, 252]",mORF,"[0.0, 0.0, 0.0]",,0.0,,
gene-STM3703::NC_003197.2:3896896-3897328(-),default,,ATG,,,,"[0, 432]",mORF,"[0.0, 0.0, 0.0]",,0.0,,
gene-STM3704::NC_003197.2:3897575-3899120(+),default,,ATG,,,,"[0, 1545]",mORF,"[0.0, 0.0, 0.0]",,0.0,,
gene-STM3707::NC_003197.2:3901365-3902400(-),default,,ATG,,,,"[0, 1035]",mORF,"[0.0, 0.0, 0.0]",,0.0,,
gene-STM3708::NC_003197.2:3902893-3903919(-),default,,ATG,,,,"[0, 1026]",mORF,"[0.0, 0.0, 0.0]",,0.0,,
gene-STM3709::NC_003197.2:3903928-3905125(-),default,,ATG,,,,"[0, 1197]",mORF,"[0.0, 0.0, 0.0]",,0.0,,
gene-STM3710::NC_003197.2:3905327-3906262(+),default,,ATG,,,,"[0, 933]",mORF,"[0.0, 0.0, 0.0]",,0.0,,
gene-STM3711::NC_003197.2:3906262-3908262(+),default,,ATG,,,,"[0, 1047]",mORF,"[0.0, 0.0, 0.0]",,0.0,,
gene-STM3711::NC_003197.2:3906262-3908262(+),default,,ATG,,,,"[1046, 2000]",mORF,"[0.0, 0.0, 0.0]",,0.0,,
gene-STM3713::NC_003197.2:3908301-3909516(+),default,,ATG,,,,"[0, 1215]",mORF,"[0.0, 0.0, 0.0]",,0.0,,
gene-STM3714::NC_003197.2:3909572-3910718(-),default,,ATG,,,,"[0, 1146]",mORF,"[0.0, 0.0, 0.0]",,0.0,,
gene-STM3715::NC_003197.2:3910818-3911628(-),default,,ATG,,,,"[0, 810]",mORF,"[0.0, 0.0, 0.0]",,0.0,,
gene-STM3716::NC_003197.2:3911777-3912476(-),default,,ATG,,,,"[0, 699]",mORF,"[0.0, 0.0, 0.0]",,0.0,,
gene-STM3717::NC_003197.2:3912498-3913509(-),default,,ATG,,,,"[0, 1011]",mORF,"[0.0, 0.0, 0.0]",,0.0,,
gene-STM3718::NC_003197.2:3913526-3914540(-),default,,ATG,,,,"[0, 1014]",mORF,"[0.0, 0.0, 0.0]",,0.0,,
gene-STM3720::NC_003197.2:3915694-3915928(-),default,,ATG,,,,"[0, 234]",mORF,"[0.0, 0.0, 0.0]",,0.0,,
gene-STM3721::NC_003197.2:3915959-3917870(-),default,,ATG,,,,"[1113, 1911]",mORF,"[0.0, 0.0, 0.0]",,0.0,,
gene-STM3722::NC_003197.2:3916749-3918905(-),default,,ATG,,,,"[1031, 2156]",mORF,"[0.0, 0.0, 0.0]",,0.0,,
gene-STM3724::NC_003197.2:3919349-3920627(+),default,,ATG,,,,"[0, 1278]",mORF,"[0.0, 0.0, 0.0]",,0.0,,
gene-STM3725::NC_003197.2:3920635-3921115(+),default,,ATG,,,,"[0, 480]",mORF,"[0.0, 0.0, 0.0]",,0.0,,
gene-STM3727::NC_003197.2:3922049-3922217(-),default,,ATG,,,,"[0, 168]",mORF,"[0.0, 0.0, 0.0]",,0.0,,
gene-STM3728::NC_003197.2:3922237-3922474(-),default,,ATG,,,,"[0, 237]",mORF,"[0.0, 0.0, 0.0]",,0.0,,
gene-STM3729::NC_003197.2:3922691-3923357(-),default,,ATG,,,,"[0, 666]",mORF,"[0.0, 0.0, 0.0]",,0.0,,
gene-STM3730::NC_003197.2:3923529-3925189(+),default,,ATG,,,,"[0, 1224]",mORF,"[0.0, 0.0, 0.0]",,0.0,,
gene-STM3732::NC_003197.2:3925296-3925893(+),default,,ATG,,,,"[0, 597]",mORF,"[0.0, 0.0, 0.0]",,0.0,,
gene-STM3733::NC_003197.2:3925970-3926612(-),default,,ATG,,,,"[0, 642]",mORF,"[0.0, 0.0, 0.0]",,0.0,,
gene-STM3734::NC_003197.2:3926690-3927407(-),default,,ATG,,,,"[0, 717]",mORF,"[0.0, 0.0, 0.0]",,0.0,,
gene-STM3735::NC_003197.2:3927532-3928396(+),default,,ATG,,,,"[0, 864]",mORF,"[0.0, 0.0, 0.0]",,0.0,,
gene-STM3736::NC_003197.2:3928445-3929348(-),default,,ATG,,,,"[0, 903]",mORF,"[0.0, 0.0, 0.0]",,0.0,,
gene-STM3738::NC_003197.2:3930553-3932853(+),default,,ATG,,,,"[0, 618]",mORF,"[0.0, 0.0, 0.0]",,0.0,,
gene-STM3739::NC_003197.2:3931167-3932853(-),default,,ATG,,,,"[0, 1686]",mORF,"[0.0, 0.0, 0.0]",,0.0,,
gene-STM3740::NC_003197.2:3933109-3933787(+),default,,ATG,,,,"[0, 624]",mORF,"[0.0, 0.0, 0.0]",,0.0,,
gene-STM3741::NC_003197.2:3933787-3934063(+),default,,ATG,,,,"[0, 276]",mORF,"[0.0, 0.0, 0.0]",,0.0,,
gene-STM3742::NC_003197.2:3934081-3936193(+),default,,TTG,,,,"[0, 2112]",mORF,"[0.0, 0.0, 0.0]",,0.0,,
gene-STM3743::NC_003197.2:3936197-3936887(+),default,,ATG,,,,"[0, 690]",mORF,"[0.0, 0.0, 0.0]",,0.0,,
gene-STM3744::NC_003197.2:3936892-3938974(+),default,,ATG,,,,"[0, 2082]",mORF,"[0.0, 0.0, 0.0]",,0.0,,
gene-STM3746::NC_003197.2:3939830-3941036(-),default,,ATG,,,,"[0, 1206]",mORF,"[0.0, 0.0, 0.0]",,0.0,,
gene-STM3747::NC_003197.2:3941263-3942655(+),default,,ATG,,,,"[0, 1392]",mORF,"[0.0, 0.0, 0.0]",,0.0,,
gene-STM3748::NC_003197.2:3942775-3944485(+),default,,ATG,,,,"[0, 1710]",mORF,"[0.0, 0.0, 0.0]",,0.0,,
gene-STM3753::NC_003197.2:3950020-3951558(+),default,,ATG,,,,"[0, 1191]",mORF,"[0.0, 0.0, 0.0]",,0.0,,
gene-STM3755::NC_003197.2:3951744-3952782(+),default,,ATG,,,,"[0, 1038]",mORF,"[0.0, 0.0, 0.0]",,0.0,,
gene-STM3757::NC_003197.2:3954772-3957640(+),default,,ATG,,,,"[0, 2868]",mORF,"[0.0, 0.0, 0.0]",,0.0,,
gene-STM3758::NC_003197.2:3957734-3958199(-),default,,ATG,,,,"[0, 465]",mORF,"[0.0, 0.0, 0.0]",,0.0,,
gene-STM3759::NC_003197.2:3958209-3959067(-),default,,ATG,,,,"[0, 858]",mORF,"[0.0, 0.0, 0.0]",,0.0,,
gene-STM3763::NC_003197.2:3961553-3964280(-),default,,ATG,,,,"[0, 2727]",mORF,"[0.0, 0.0, 0.0]",,0.0,,
gene-STM3764::NC_003197.2:3964499-3965195(-),default,,ATG,,,,"[0, 696]",mORF,"[0.0, 0.0, 0.0]",,0.0,,
gene-STM3765::NC_003197.2:3965703-3966606(+),default,,ATG,,,,"[0, 903]",mORF,"[0.0, 0.0, 0.0]",,0.0,,
gene-STM3767::NC_003197.2:3967825-3969665(-),default,,ATG,,,,"[0, 1110]",mORF,"[0.0, 0.0, 0.0]",,0.0,,
gene-STM3769::NC_003197.2:3969668-3971275(-),default,,ATG,,,,"[746, 1607]",mORF,"[1.0, 0.0, 0.0]",,0.0,,
gene-STM3769::NC_003197.2:3969668-3971275(-),default,,ATG,,,,"[0, 750]",mORF,"[0.0, 0.0, 0.0]",,0.0,,
gene-STM3773::NC_003197.2:3972560-3975359(-),default,,ATG,,,,"[0, 2799]",mORF,"[0.0, 0.0, 0.0]",,0.0,,
gene-STM3775::NC_003197.2:3975954-3977337(+),default,,ATG,,,,"[0, 1383]",mORF,"[0.0, 0.0, 0.0]",,0.0,,
gene-STM3780::NC_003197.2:3979841-3980702(-),default,,ATG,,,,"[0, 861]",mORF,"[0.0, 0.0, 0.0]",,0.0,,
gene-STM3781::NC_003197.2:3980764-3983600(-),default,,ATG,,,,"[0, 1359]",mORF,"[0.0, 0.0, 0.0]",,0.0,,
gene-STM3781::NC_003197.2:3980764-3983600(-),default,,ATG,,,,"[1351, 2836]",mORF,"[0.0, 0.0, 0.0]",,0.0,,
gene-STM3783::NC_003197.2:3983675-3984433(-),default,,ATG,,,,"[0, 474]",mORF,"[0.0, 0.0, 0.0]",,0.0,,
gene-STM3783::NC_003197.2:3983675-3984433(-),default,,ATG,,,,"[470, 758]",mORF,"[0.0, 0.0, 0.0]",,0.0,,
gene-STM3785::NC_003197.2:3984450-3985194(-),default,,ATG,,,,"[0, 744]",mORF,"[0.0, 0.0, 0.0]",,0.0,,
gene-STM3787::NC_003197.2:3986191-3987583(-),default,,ATG,,,,"[0, 1392]",mORF,"[0.0, 0.0, 0.0]",,0.0,,
gene-STM3789::NC_003197.2:3989063-3991156(-),default,,ATG,,,,"[0, 591]",mORF,"[0.0, 0.0, 0.0]",,0.0,,
gene-STM3791::NC_003197.2:3991230-3992244(-),default,,ATG,,,,"[0, 1014]",mORF,"[0.0, 0.0, 0.0]",,0.0,,
gene-STM3794::NC_003197.2:3994847-3995633(+),default,,ATG,,,,"[0, 786]",mORF,"[0.0, 0.0, 0.0]",,0.0,,
gene-STM3796::NC_003197.2:3995928-3997617(-),default,,ATG,,,,"[0, 1689]",mORF,"[0.0, 0.0, 0.0]",,0.0,,
gene-STM3797::NC_003197.2:3997723-3997822(-),default,,ATG,,,,"[0, 99]",mORF,"[0.0, 0.0, 0.0]",,0.0,,
gene-STM3799::NC_003197.2:4000811-4001897(-),default,,GTG,,,,"[0, 1086]",mORF,"[0.0, 0.0, 0.0]",,0.0,,
gene-STM3802::NC_003197.2:4004464-4005787(+),default,,ATG,,,,"[0, 1323]",mORF,"[0.0, 0.0, 0.0]",,0.0,,
gene-STM3803::NC_003197.2:4005868-4006747(-),default,,ATG,,,,"[348, 879]",mORF,"[0.0, 0.0, 0.0]",,0.0,,
gene-STM3804::NC_003197.2:4006395-4007095(-),default,,ATG,,,,"[0, 348]",mORF,"[0.0, 0.0, 0.0]",,0.0,,
gene-STM3804::NC_003197.2:4006395-4007095(-),default,,ATG,,,,"[337, 700]",mORF,"[0.0, 0.0, 0.0]",,0.0,,
gene-STM3808::NC_003197.2:4009389-4009818(-),default,,ATG,,,,"[0, 429]",mORF,"[0.0, 0.0, 0.0]",,0.0,,
gene-STM3809::NC_003197.2:4009927-4010341(-),default,,ATG,,,,"[0, 414]",mORF,"[0.0, 0.0, 0.0]",,0.0,,
gene-STM3810::NC_003197.2:4010647-4010983(+),default,,GTG,,,,"[0, 336]",mORF,"[0.0, 0.0, 0.0]",,0.0,,
gene-STM3818::NC_003197.2:4017328-4018602(-),default,,ATG,,,,"[0, 618]",mORF,"[0.0, 0.0, 0.0]",,0.0,,
gene-STM3818::NC_003197.2:4017328-4018602(-),default,,GTG,,,,"[614, 1274]",mORF,"[0.0, 0.0, 0.0]",,0.0,,
gene-STM3820::NC_003197.2:4018607-4020008(-),default,,ATG,,,,"[0, 1401]",mORF,"[0.0, 0.0, 0.0]",,0.0,,
gene-STM3824::NC_003197.2:4024678-4025371(+),default,,ATG,,,,"[0, 693]",mORF,"[0.0, 0.0, 0.0]",,0.0,,
gene-STM3828::NC_003197.2:4030646-4031795(-),default,,ATG,,,,"[0, 1149]",mORF,"[0.0, 0.0, 0.0]",,0.0,,
gene-STM3829::NC_003197.2:4032392-4033957(-),default,,ATG,,,,"[0, 690]",mORF,"[0.0, 0.0, 0.0]",,0.0,,
gene-STM3831::NC_003197.2:4034217-4035063(-),default,,ATG,,,,"[0, 846]",mORF,"[0.0, 0.0, 0.0]",,0.0,,
gene-STM3832::NC_003197.2:4035368-4036631(+),default,,ATG,,,,"[0, 1263]",mORF,"[0.0, 0.0, 0.0]",,0.0,,
gene-STM3833::NC_003197.2:4036644-4037838(+),default,,ATG,,,,"[0, 1194]",mORF,"[0.0, 0.0, 0.0]",,0.0,,
gene-STM3834::NC_003197.2:4037952-4038849(+),default,,ATG,,,,"[0, 897]",mORF,"[0.0, 0.0, 0.0]",,0.0,,
gene-STM3835::NC_003197.2:4038867-4041282(-),default,,ATG,,,,"[0, 2415]",mORF,"[0.0, 0.0, 0.0]",,0.0,,
gene-STM3836::NC_003197.2:4041310-4042384(-),default,,ATG,,,,"[0, 1074]",mORF,"[0.0, 0.0, 0.0]",,0.0,,
gene-STM3837::NC_003197.2:4042531-4043636(-),default,,ATG,,,,"[4, 1105]",mORF,"[0.0, 0.0, 0.0]",,0.0,,
gene-STM3838::NC_003197.2:4043636-4045037(-),default,,GTG,,,,"[0, 1401]",mORF,"[0.0, 0.0, 0.0]",,0.0,,
gene-STM3839::NC_003197.2:4045697-4045838(+),default,,ATG,,,,"[0, 141]",mORF,"[0.0, 0.0, 0.0]",,0.0,,
gene-STM3840::NC_003197.2:4045854-4046435(+),default,,GTG,,,,"[0, 360]",mORF,"[0.0, 0.0, 0.0]",,0.0,,
gene-STM3842::NC_003197.2:4046437-4048084(+),default,,ATG,,,,"[0, 1647]",mORF,"[0.0, 0.0, 0.0]",,0.0,,
gene-STM3845::NC_003197.2:4051390-4052353(+),default,,ATG,,,,"[0, 963]",mORF,"[0.0, 0.0, 0.0]",,0.0,,
gene-STM3846::NC_003197.2:4052418-4053288(+),default,,TTG,,,,"[0, 870]",mORF,"[0.0, 0.0, 0.0]",,0.0,,
gene-STM3849::NC_003197.2:4056362-4057702(+),default,,ATG,,,,"[0, 756]",mORF,"[0.0, 0.0, 0.0]",,0.0,,
gene-STM3851::NC_003197.2:4057746-4059210(-),default,,ATG,,,,"[0, 1464]",mORF,"[0.0, 0.0, 0.0]",,0.0,,
gene-STM3852::NC_003197.2:4059252-4059918(+),default,,ATG,,,,"[0, 666]",mORF,"[0.0, 0.0, 0.0]",,0.0,,
gene-STM3853::NC_003197.2:4060012-4060738(-),default,,ATG,,,,"[0, 726]",mORF,"[0.0, 0.0, 0.0]",,0.0,,
gene-STM3854::NC_003197.2:4060752-4061526(-),default,,ATG,,,,"[0, 774]",mORF,"[0.0, 0.0, 0.0]",,0.0,,
gene-STM3855::NC_003197.2:4061612-4063462(-),default,,ATG,,,,"[959, 1850]",mORF,"[0.0, 0.0, 0.0]",,0.0,,
gene-STM3857::NC_003197.2:4063597-4064638(-),default,,ATG,,,,"[0, 1041]",mORF,"[0.0, 0.0, 0.0]",,0.0,,
gene-STM3860::NC_003197.2:4067139-4068897(+),default,,ATG,,,,"[0, 1758]",mORF,"[0.0, 0.0, 0.0]",,0.0,,
gene-STM3861::NC_003197.2:4069047-4071065(-),default,,ATG,,,,"[188, 2018]",mORF,"[4.0, 0.0, 2.0]",,0.0,,
gene-STM3862::NC_003197.2:4071065-4072755(-),default,,ATG,,,,"[319, 1690]",mORF,"[0.0, 0.0, 0.0]",,0.0,,
gene-STM3864::NC_003197.2:4073683-4074123(-),default,,ATG,,,,"[20, 440]",mORF,"[3.0, 0.0, 2.0]",,0.0,,
gene-STM3865::NC_003197.2:4074123-4075532(-),default,,ATG,,,,"[26, 1409]",mORF,"[45.0, 3.0, 2.0]",,0.0,,
gene-STM3866::NC_003197.2:4075532-4076446(-),default,,ATG,,,,"[50, 914]",mORF,"[0.0, 0.0, 0.0]",,0.0,,
gene-STM3867::NC_003197.2:4076446-4078000(-),default,,ATG,,,,"[12, 1554]",mORF,"[1.0, 4.0, 1.0]",,0.0,,
gene-STM3868::NC_003197.2:4078000-4078548(-),default,,ATG,,,,"[14, 548]",mORF,"[0.0, 0.0, 0.0]",,0.0,,
gene-STM3869::NC_003197.2:4078548-4079028(-),default,,GTG,,,,"[9, 480]",mORF,"[1.0, 1.0, 0.0]",,0.0,,
gene-STM3870::NC_003197.2:4079078-4079318(-),default,,ATG,,,,"[0, 240]",mORF,"[0.0, 0.0, 0.0]",,0.0,,
gene-STM3871::NC_003197.2:4079364-4080180(-),default,,ATG,,,,"[0, 816]",mORF,"[0.0, 0.0, 0.0]",,0.0,,
gene-STM3872::NC_003197.2:4080188-4080569(-),default,,ATG,,,,"[0, 381]",mORF,"[0.0, 0.0, 0.0]",,0.0,,
gene-STM3873::NC_003197.2:4081184-4081808(-),default,,GTG,,,,"[0, 624]",mORF,"[0.0, 0.0, 0.0]",,0.0,,
gene-STM3874::NC_003197.2:4081910-4083800(-),default,,ATG,,,,"[0, 1890]",mORF,"[0.0, 0.0, 0.0]",,0.0,,
gene-STM3875::NC_003197.2:4084178-4084622(-),default,,ATG,,,,"[0, 444]",mORF,"[0.0, 0.0, 0.0]",,0.0,,
gene-STM3876::NC_003197.2:4084711-4085170(-),default,,ATG,,,,"[0, 459]",mORF,"[0.0, 0.0, 0.0]",,0.0,,
gene-STM3877::NC_003197.2:4085320-4089259(+),default,,ATG,,,,"[0, 993]",mORF,"[0.0, 0.0, 0.0]",,0.0,,
gene-STM3879::NC_003197.2:4087762-4089259(-),default,,ATG,,,,"[0, 1497]",mORF,"[0.0, 0.0, 0.0]",,0.0,,
gene-STM3880::NC_003197.2:4089606-4091475(+),default,,ATG,,,,"[0, 1869]",mORF,"[0.0, 0.0, 0.0]",,0.0,,
gene-STM3883::NC_003197.2:4093609-4094575(+),default,,ATG,,,,"[0, 966]",mORF,"[0.0, 0.0, 0.0]",,0.0,,
gene-STM3884::NC_003197.2:4094599-4095604(+),default,,ATG,,,,"[0, 891]",mORF,"[0.0, 0.0, 0.0]",,0.0,,
gene-STM3885::NC_003197.2:4095623-4096553(+),default,,ATG,,,,"[0, 930]",mORF,"[0.0, 0.0, 0.0]",,0.0,,
gene-STM3886::NC_003197.2:4096556-4098948(+),default,,TTG,,,,"[0, 999]",mORF,"[0.0, 0.0, 0.0]",,0.0,,
gene-STM3888::NC_003197.2:4098959-4099664(-),default,,ATG,,,,"[0, 705]",mORF,"[0.0, 0.0, 0.0]",,0.0,,
gene-STM3898::NC_003197.2:4106512-4106851(+),default,,ATG,,,,"[0, 339]",mORF,"[0.0, 0.0, 0.0]",,0.0,,
gene-STM3900::NC_003197.2:4108747-4108846(+),default,,ATG,,,,"[0, 99]",mORF,"[0.0, 0.0, 0.0]",,0.0,,
gene-STM3903::NC_003197.2:4110909-4111839(+),default,,ATG,,,,"[0, 930]",mORF,"[0.0, 0.0, 0.0]",,0.0,,
gene-STM3904::NC_003197.2:4111999-4113850(+),default,,ATG,,,,"[0, 1851]",mORF,"[0.0, 0.0, 0.0]",,0.0,,
gene-STM3905::NC_003197.2:4113852-4115397(+),default,,ATG,,,,"[0, 1545]",mORF,"[0.0, 0.0, 0.0]",,0.0,,
gene-STM3908::NC_003197.2:4116338-4117226(-),default,,GTG,,,,"[0, 888]",mORF,"[0.0, 0.0, 0.0]",,0.0,,
gene-STM3909::NC_003197.2:4117389-4119238(+),default,,ATG,,,,"[0, 1476]",mORF,"[0.0, 0.0, 0.0]",,0.0,,
gene-STM3912::NC_003197.2:4119775-4121800(+),default,,ATG,,,,"[0, 2025]",mORF,"[0.0, 0.0, 0.0]",,0.0,,
gene-STM3914::NC_003197.2:4123439-4124705(-),default,,ATG,,,,"[0, 1266]",mORF,"[0.0, 0.0, 0.0]",,0.0,,
gene-STM3915::NC_003197.2:4124848-4125178(+),default,,ATG,,,,"[0, 330]",mORF,"[0.0, 0.0, 0.0]",,0.0,,
gene-STM3917::NC_003197.2:4125596-4127085(+),default,,ATG,,,,"[0, 1260]",mORF,"[0.0, 0.0, 0.0]",,0.0,,
gene-STM3919::NC_003197.2:4128200-4129302(+),default,,ATG,,,,"[0, 1047]",mORF,"[0.0, 0.0, 0.0]",,0.0,,
gene-STM3920::NC_003197.2:4129302-4131691(+),default,,GTG,,,,"[0, 1131]",mORF,"[0.0, 0.0, 0.0]",,0.0,,
gene-STM3923::NC_003197.2:4132791-4133122(+),default,,ATG,,,,"[0, 225]",mORF,"[0.0, 0.0, 0.0]",,0.0,,
gene-STM3926::NC_003197.2:4134807-4137130(+),default,,ATG,,,,"[0, 1251]",mORF,"[0.0, 0.0, 0.0]",,0.0,,
gene-STM3927::NC_003197.2:4136054-4138485(+),default,,ATG,,,,"[0, 1080]",mORF,"[0.0, 0.0, 0.0]",,0.0,,
gene-STM3928::NC_003197.2:4137130-4139361(+),default,,ATG,,,,"[0, 1359]",mORF,"[0.0, 0.0, 0.0]",,0.0,,
gene-STM3928::NC_003197.2:4137130-4139361(+),default,,ATG,,,,"[1355, 2096]",mORF,"[0.0, 0.0, 0.0]",,0.0,,
gene-STM3930::NC_003197.2:4139432-4140818(+),default,,ATG,,,,"[0, 1386]",mORF,"[0.0, 0.0, 0.0]",,0.0,,
gene-STM3937::NC_003197.2:4144324-4146018(-),default,,ATG,,,,"[953, 1694]",mORF,"[0.0, 0.0, 0.0]",,0.0,,
gene-STM3939::NC_003197.2:4146379-4148926(+),default,,TTG,,,,"[0, 2547]",mORF,"[0.0, 0.0, 0.0]",,0.0,,
gene-STM3943::NC_003197.2:4150559-4150880(-),default,,ATG,,,,"[0, 321]",mORF,"[0.0, 0.0, 0.0]",,0.0,,
gene-STM3946::NC_003197.2:4152034-4152238(+),default,,ATG,,,,"[0, 204]",mORF,"[0.0, 0.0, 0.0]",,0.0,,
gene-STM3947::NC_003197.2:4152271-4153799(+),default,,ATG,,,,"[0, 828]",mORF,"[0.0, 0.0, 0.0]",,0.0,,
gene-STM3948::NC_003197.2:4153095-4154701(+),default,,ATG,,,,"[0, 708]",mORF,"[0.0, 0.0, 0.0]",,0.0,,
gene-STM3951::NC_003197.2:4155553-4157716(+),default,,ATG,,,,"[0, 2163]",mORF,"[0.0, 0.0, 0.0]",,0.0,,
gene-STM3952::NC_003197.2:4158187-4159138(+),default,,ATG,,,,"[0, 951]",mORF,"[0.0, 0.0, 0.0]",,0.0,,
gene-STM3955::NC_003197.2:4160075-4160960(-),default,,ATG,,,,"[0, 885]",mORF,"[0.0, 0.0, 0.0]",,0.0,,
gene-STM3956::NC_003197.2:4161003-4161489(-),default,,ATG,,,,"[0, 486]",mORF,"[0.0, 0.0, 0.0]",,0.0,,
gene-STM3957::NC_003197.2:4161635-4162570(+),default,,ATG,,,,"[0, 870]",mORF,"[0.0, 0.0, 0.0]",,0.0,,
gene-STM3958::NC_003197.2:4162570-4164418(+),default,,ATG,,,,"[0, 1848]",mORF,"[0.0, 0.0, 0.0]",,0.0,,
gene-STM3959::NC_003197.2:4164481-4165102(+),default,,ATG,,,,"[0, 621]",mORF,"[0.0, 0.0, 0.0]",,0.0,,
gene-STM3960::NC_003197.2:4165141-4165762(-),default,,ATG,,,,"[0, 621]",mORF,"[0.0, 0.0, 0.0]",,0.0,,
gene-STM3967::NC_003197.2:4173805-4174618(-),default,,ATG,,,,"[0, 813]",mORF,"[0.0, 0.0, 0.0]",,0.0,,
gene-STM3968::NC_003197.2:4174876-4175638(+),default,,ATG,,,,"[0, 762]",mORF,"[0.0, 0.0, 0.0]",,0.0,,
gene-STM3969::NC_003197.2:4175777-4177208(+),default,,GTG,,,,"[0, 1431]",mORF,"[0.0, 0.0, 0.0]",,0.0,,
gene-STM3970::NC_003197.2:4177303-4178059(+),default,,ATG,,,,"[0, 756]",mORF,"[0.0, 0.0, 0.0]",,0.0,,
gene-STM3971::NC_003197.2:4178068-4180516(+),default,,ATG,,,,"[0, 606]",mORF,"[0.0, 0.0, 0.0]",,0.0,,
gene-STM3971::NC_003197.2:4178068-4180516(+),default,,ATG,,,,"[602, 2243]",mORF,"[0.0, 0.0, 0.0]",,0.0,,
gene-STM3973::NC_003197.2:4180516-4180771(+),default,,ATG,,,,"[0, 255]",mORF,"[0.0, 0.0, 0.0]",,0.0,,
gene-STM3974::NC_003197.2:4180774-4181323(+),default,,GTG,,,,"[0, 549]",mORF,"[0.0, 0.0, 0.0]",,0.0,,
gene-STM3975::NC_003197.2:4181325-4182105(+),default,,ATG,,,,"[0, 780]",mORF,"[0.0, 0.0, 0.0]",,0.0,,
gene-STM3976::NC_003197.2:4182146-4182929(+),default,,ATG,,,,"[0, 783]",mORF,"[0.0, 0.0, 0.0]",,0.0,,
gene-STM3977::NC_003197.2:4182936-4183425(-),default,,ATG,,,,"[0, 489]",mORF,"[0.0, 0.0, 0.0]",,0.0,,
gene-STM3978::NC_003197.2:4183610-4185089(+),default,,ATG,,,,"[0, 1479]",mORF,"[0.0, 0.0, 0.0]",,0.0,,
gene-STM3979::NC_003197.2:4185174-4185876(+),default,,ATG,,,,"[0, 702]",mORF,"[0.0, 0.0, 0.0]",,0.0,,
gene-STM3981::NC_003197.2:4186894-4187953(+),default,,ATG,,,,"[0, 1059]",mORF,"[0.0, 0.0, 0.0]",,0.0,,
gene-STM3982::NC_003197.2:4188149-4189313(-),default,,ATG,,,,"[0, 1164]",mORF,"[0.0, 0.0, 0.0]",,0.0,,
gene-STM3983::NC_003197.2:4189322-4191512(-),default,,ATG,,,,"[0, 2190]",mORF,"[0.0, 0.0, 0.0]",,0.0,,
gene-STM3984::NC_003197.2:4191701-4193647(+),default,,ATG,,,,"[0, 1332]",mORF,"[0.0, 0.0, 0.0]",,0.0,,
gene-STM3984::NC_003197.2:4191701-4193647(+),default,,ATG,,,,"[1331, 1946]",mORF,"[0.0, 0.0, 0.0]",,0.0,,
gene-STM3987::NC_003197.2:4195148-4195694(+),default,,GTG,,,,"[0, 546]",mORF,"[0.0, 0.0, 0.0]",,0.0,,
gene-STM3995::NC_003197.2:4202862-4203132(+),default,,ATG,,,,"[0, 270]",mORF,"[0.0, 0.0, 0.0]",,0.0,,
gene-STM3996::NC_003197.2:4203208-4204195(+),default,,ATG,,,,"[0, 987]",mORF,"[0.0, 0.0, 0.0]",,0.0,,
gene-STM3997::NC_003197.2:4204211-4204835(+),default,,ATG,,,,"[0, 624]",mORF,"[0.0, 0.0, 0.0]",,0.0,,
gene-STM3998::NC_003197.2:4204847-4205756(-),default,,ATG,,,,"[0, 909]",mORF,"[0.0, 0.0, 0.0]",,0.0,,
gene-STM3999::NC_003197.2:4206143-4209096(+),default,,ATG,,,,"[0, 2787]",mORF,"[0.0, 0.0, 0.0]",,0.0,,
gene-STM4001::NC_003197.2:4209264-4209897(-),default,,TTG,,,,"[0, 633]",mORF,"[0.0, 0.0, 0.0]",,0.0,,
gene-STM4003::NC_003197.2:4210479-4210995(+),default,,ATG,,,,"[0, 516]",mORF,"[0.0, 0.0, 0.0]",,0.0,,
gene-STM4004::NC_003197.2:4211183-4212557(+),default,,ATG,,,,"[0, 1374]",mORF,"[0.0, 0.0, 0.0]",,0.0,,
gene-STM4005::NC_003197.2:4212869-4214287(-),default,,ATG,,,,"[8, 1418]",mORF,"[0.0, 0.0, 0.0]",,0.0,,
gene-STM4006::NC_003197.2:4214287-4215337(-),default,,ATG,,,,"[0, 1050]",mORF,"[0.0, 0.0, 0.0]",,0.0,,
gene-STM4007::NC_003197.2:4215611-4219220(-),default,,ATG,,,,"[2199, 3609]",mORF,"[122.0, 11.0, 40.0]",,0.0,,
gene-STM4009::NC_003197.2:4217396-4219220(+),default,,GTG,,,,"[0, 1824]",mORF,"[0.0, 0.0, 0.0]",,0.0,,
gene-STM4013::NC_003197.2:4222111-4224005(-),default,,ATG,,,,"[1018, 1894]",mORF,"[0.0, 0.0, 0.0]",,0.0,,
gene-STM4015::NC_003197.2:4224017-4224866(-),default,,ATG,,,,"[0, 849]",mORF,"[0.0, 0.0, 0.0]",,0.0,,
gene-STM4017::NC_003197.2:4225782-4227204(-),default,,ATG,,,,"[0, 1422]",mORF,"[0.0, 0.0, 0.0]",,0.0,,
gene-STM4018::NC_003197.2:4227249-4228632(-),default,,ATG,,,,"[0, 1383]",mORF,"[0.0, 0.0, 0.0]",,0.0,,
gene-STM4019::NC_003197.2:4228677-4230714(-),default,,ATG,,,,"[0, 2037]",mORF,"[0.0, 0.0, 0.0]",,0.0,,
gene-STM4021::NC_003197.2:4231618-4232860(-),default,,ATG,,,,"[0, 1242]",mORF,"[0.0, 0.0, 0.0]",,0.0,,
gene-STM4023::NC_003197.2:4233776-4234673(-),default,,ATG,,,,"[0, 897]",mORF,"[0.0, 0.0, 0.0]",,0.0,,
gene-STM4024::NC_003197.2:4234837-4235734(+),default,,ATG,,,,"[0, 897]",mORF,"[0.0, 0.0, 0.0]",,0.0,,
gene-STM4026::NC_003197.2:4236761-4238223(+),default,,ATG,,,,"[0, 600]",mORF,"[0.0, 0.0, 0.0]",,0.0,,
gene-STM4027::NC_003197.2:4237354-4238657(+),default,,ATG,,,,"[0, 873]",mORF,"[0.0, 0.0, 0.0]",,0.0,,
gene-STM4028::NC_003197.2:4238223-4239647(+),default,,ATG,,,,"[0, 438]",mORF,"[0.0, 0.0, 0.0]",,0.0,,
gene-STM4030::NC_003197.2:4239661-4240416(-),default,,GTG,,,,"[0, 312]",mORF,"[0.0, 0.0, 0.0]",,0.0,,
gene-STM4035::NC_003197.2:4243223-4244758(-),default,,ATG,,,,"[899, 1535]",mORF,"[0.0, 0.0, 0.0]",,0.0,,
gene-STM4038::NC_003197.2:4248015-4248852(+),default,,GTG,,,,"[0, 837]",mORF,"[0.0, 0.0, 0.0]",,0.0,,
gene-STM4042A::NC_003197.2:4252853-4253420(+),default,,GTG,,,,"[0, 567]",mORF,"[0.0, 0.0, 0.0]",,0.0,,
gene-STM4043::NC_003197.2:4253508-4254968(-),default,,ATG,,,,"[0, 1149]",mORF,"[0.0, 0.0, 0.0]",,0.0,,
gene-STM4043::NC_003197.2:4253508-4254968(-),default,,ATG,,,,"[1145, 1460]",mORF,"[0.0, 0.0, 0.0]",,0.0,,
gene-STM4045::NC_003197.2:4255094-4255922(-),default,,ATG,,,,"[0, 828]",mORF,"[0.0, 0.0, 0.0]",,0.0,,
gene-STM4046::NC_003197.2:4256064-4258790(-),default,,ATG,,,,"[1466, 2726]",mORF,"[0.0, 0.0, 0.0]",,0.0,,
gene-STM4048::NC_003197.2:4259077-4259914(+),default,,ATG,,,,"[0, 837]",mORF,"[0.0, 0.0, 0.0]",,0.0,,
gene-STM4055::NC_003197.2:4266551-4267172(+),default,,ATG,,,,"[0, 621]",mORF,"[0.0, 0.0, 0.0]",,0.0,,
gene-STM4056::NC_003197.2:4267178-4267931(+),default,,TTG,,,,"[0, 753]",mORF,"[0.0, 0.0, 0.0]",,0.0,,
gene-STM4058::NC_003197.2:4268388-4270457(-),default,,ATG,,,,"[695, 2069]",mORF,"[0.0, 0.0, 0.0]",,0.0,,
gene-STM4060::NC_003197.2:4270607-4271116(+),default,,ATG,,,,"[0, 501]",mORF,"[0.0, 0.0, 0.0]",,0.0,,
gene-STM4061::NC_003197.2:4271255-4272158(+),default,,ATG,,,,"[0, 903]",mORF,"[0.0, 0.0, 0.0]",,0.0,,
gene-STM4062::NC_003197.2:4272342-4273305(+),default,,ATG,,,,"[0, 963]",mORF,"[0.0, 0.0, 0.0]",,0.0,,
gene-STM4063::NC_003197.2:4273508-4274498(+),default,,ATG,,,,"[0, 990]",mORF,"[0.0, 0.0, 0.0]",,0.0,,
gene-STM4064::NC_003197.2:4274598-4275354(+),default,,ATG,,,,"[0, 756]",mORF,"[0.0, 0.0, 0.0]",,0.0,,
gene-STM4065::NC_003197.2:4275616-4276951(+),default,,ATG,,,,"[0, 1335]",mORF,"[0.0, 0.0, 0.0]",,0.0,,
gene-STM4066::NC_003197.2:4276961-4277921(+),default,,ATG,,,,"[0, 960]",mORF,"[0.0, 0.0, 0.0]",,0.0,,
gene-STM4067::NC_003197.2:4277930-4278974(+),default,,ATG,,,,"[0, 1041]",mORF,"[0.0, 0.0, 0.0]",,0.0,,
gene-STM4068::NC_003197.2:4279033-4279756(+),default,,TTG,,,,"[0, 723]",mORF,"[0.0, 0.0, 0.0]",,0.0,,
gene-STM4071::NC_003197.2:4280254-4280521(-),default,,ATG,,,,"[0, 267]",mORF,"[0.0, 0.0, 0.0]",,0.0,,
gene-STM4072::NC_003197.2:4280618-4282211(-),default,,ATG,,,,"[0, 1593]",mORF,"[0.0, 0.0, 0.0]",,0.0,,
gene-STM4073::NC_003197.2:4282298-4283258(-),default,,ATG,,,,"[0, 960]",mORF,"[0.0, 0.0, 0.0]",,0.0,,
gene-STM4077::NC_003197.2:4287112-4288135(+),default,,ATG,,,,"[0, 1023]",mORF,"[0.0, 0.0, 0.0]",,0.0,,
gene-STM4078::NC_003197.2:4288163-4289039(+),default,,ATG,,,,"[0, 876]",mORF,"[0.0, 0.0, 0.0]",,0.0,,
gene-STM4079::NC_003197.2:4289082-4289412(+),default,,ATG,,,,"[0, 330]",mORF,"[0.0, 0.0, 0.0]",,0.0,,
gene-STM4080::NC_003197.2:4289421-4290186(+),default,,ATG,,,,"[0, 765]",mORF,"[0.0, 0.0, 0.0]",,0.0,,
gene-STM4081::NC_003197.2:4290277-4291045(-),default,,ATG,,,,"[0, 768]",mORF,"[0.0, 0.0, 0.0]",,0.0,,
gene-STM4082::NC_003197.2:4291157-4291754(-),default,,ATG,,,,"[0, 597]",mORF,"[0.0, 0.0, 0.0]",,0.0,,
gene-STM4085::NC_003197.2:4293232-4294243(-),default,,ATG,,,,"[0, 1011]",mORF,"[0.0, 0.0, 0.0]",,0.0,,
gene-STM4086::NC_003197.2:4294354-4295863(-),default,,ATG,,,,"[0, 1509]",mORF,"[0.0, 0.0, 0.0]",,0.0,,
gene-STM4087::NC_003197.2:4295883-4296729(-),default,,ATG,,,,"[0, 846]",mORF,"[0.0, 0.0, 0.0]",,0.0,,
gene-STM4089::NC_003197.2:4297588-4298166(-),default,,ATG,,,,"[92, 578]",mORF,"[0.0, 0.0, 0.0]",,0.0,,
gene-STM4090::NC_003197.2:4298166-4299096(-),default,,ATG,,,,"[0, 930]",mORF,"[0.0, 0.0, 0.0]",,0.0,,
gene-STM4091::NC_003197.2:4299162-4300494(-),default,,ATG,,,,"[0, 1332]",mORF,"[0.0, 0.0, 0.0]",,0.0,,
gene-STM4092::NC_003197.2:4300503-4301034(-),default,,GTG,,,,"[0, 531]",mORF,"[0.0, 0.0, 0.0]",,0.0,,
gene-STM4093::NC_003197.2:4301125-4302100(-),default,,GTG,,,,"[0, 975]",mORF,"[0.0, 0.0, 0.0]",,0.0,,
gene-STM4094::NC_003197.2:4302193-4303219(-),default,,GTG,,,,"[0, 1026]",mORF,"[0.0, 0.0, 0.0]",,0.0,,
gene-STM4095::NC_003197.2:4303373-4305572(-),default,,ATG,,,,"[0, 2199]",mORF,"[0.0, 0.0, 0.0]",,0.0,,
gene-STM4096::NC_003197.2:4305775-4306019(+),default,,ATG,,,,"[0, 213]",mORF,"[0.0, 0.0, 0.0]",,0.0,,
gene-STM4097::NC_003197.2:4306033-4306696(-),default,,ATG,,,,"[0, 663]",mORF,"[0.0, 0.0, 0.0]",,0.0,,
gene-STM4098::NC_003197.2:4306896-4308687(-),default,,ATG,,,,"[0, 1791]",mORF,"[0.0, 0.0, 0.0]",,0.0,,
gene-STM4099::NC_003197.2:4309143-4309461(-),default,,ATG,,,,"[0, 318]",mORF,"[0.0, 0.0, 0.0]",,0.0,,
gene-STM4100::NC_003197.2:4309725-4310886(+),default,,ATG,,,,"[0, 1161]",mORF,"[0.0, 0.0, 0.0]",,0.0,,
gene-STM4101::NC_003197.2:4310888-4314294(+),default,,ATG,,,,"[0, 2433]",mORF,"[0.0, 0.0, 0.0]",,0.0,,
gene-STM4103::NC_003197.2:4315529-4316654(-),default,,ATG,,,,"[0, 1125]",mORF,"[0.0, 0.0, 0.0]",,0.0,,
gene-STM4104::NC_003197.2:4316789-4318346(+),default,,ATG,,,,"[0, 1557]",mORF,"[0.0, 0.0, 0.0]",,0.0,,
gene-STM4105::NC_003197.2:4318540-4319431(+),default,,ATG,,,,"[0, 891]",mORF,"[0.0, 0.0, 0.0]",,0.0,,
gene-STM4106::NC_003197.2:4319595-4321776(+),default,,ATG,,,,"[0, 2181]",mORF,"[0.0, 0.0, 0.0]",,0.0,,
gene-STM4108::NC_003197.2:4322715-4323819(-),default,,ATG,,,,"[0, 1104]",mORF,"[0.0, 0.0, 0.0]",,0.0,,
gene-STM4109::NC_003197.2:4323830-4324493(-),default,,ATG,,,,"[0, 663]",mORF,"[0.0, 0.0, 0.0]",,0.0,,
gene-STM4110::NC_003197.2:4324503-4327005(-),default,,ATG,,,,"[0, 2502]",mORF,"[0.0, 0.0, 0.0]",,0.0,,
gene-STM4112::NC_003197.2:4327313-4328393(+),default,,ATG,,,,"[0, 1080]",mORF,"[0.0, 0.0, 0.0]",,0.0,,
gene-STM4114::NC_003197.2:4328826-4331968(+),default,,ATG,,,,"[0, 2298]",mORF,"[0.0, 0.0, 0.0]",,0.0,,
gene-STM4117::NC_003197.2:4332309-4333161(-),default,,ATG,,,,"[0, 852]",mORF,"[0.0, 0.0, 0.0]",,0.0,,
gene-STM4118::NC_003197.2:4333321-4335055(-),default,,ATG,,,,"[0, 1734]",mORF,"[0.0, 0.0, 0.0]",,0.0,,
gene-STM4119::NC_003197.2:4335265-4337917(-),default,,ATG,,,,"[0, 2652]",mORF,"[0.0, 0.0, 0.0]",,0.0,,
gene-STM4120::NC_003197.2:4338285-4339437(-),default,,ATG,,,,"[0, 1152]",mORF,"[0.0, 0.0, 0.0]",,0.0,,
gene-STM4121::NC_003197.2:4339525-4340530(+),default,,ATG,,,,"[0, 1005]",mORF,"[0.0, 0.0, 0.0]",,0.0,,
gene-STM4122::NC_003197.2:4340537-4341314(+),default,,ATG,,,,"[0, 777]",mORF,"[0.0, 0.0, 0.0]",,0.0,,
gene-STM4125::NC_003197.2:4343092-4345393(+),default,,ATG,,,,"[0, 918]",mORF,"[0.0, 0.0, 0.0]",,0.0,,
gene-STM4126::NC_003197.2:4343992-4345393(-),default,,ATG,,,,"[0, 1401]",mORF,"[0.0, 0.0, 0.0]",,0.0,,
gene-STM4127::NC_003197.2:4345591-4346227(+),default,,GTG,,,,"[0, 636]",mORF,"[0.0, 0.0, 0.0]",,0.0,,
gene-STM4128::NC_003197.2:4346242-4346602(+),default,,ATG,,,,"[0, 360]",mORF,"[0.0, 0.0, 0.0]",,0.0,,
gene-STM4129::NC_003197.2:4346648-4347749(-),default,,ATG,,,,"[0, 1101]",mORF,"[0.0, 0.0, 0.0]",,0.0,,
gene-STM4130::NC_003197.2:4348122-4350763(+),default,,ATG,,,,"[0, 1845]",mORF,"[0.0, 0.0, 0.0]",,0.0,,
gene-STM4130::NC_003197.2:4348122-4350763(+),default,,ATG,,,,"[1789, 2641]",mORF,"[0.0, 0.0, 0.0]",,0.0,,
gene-STM4137::NC_003197.2:4356684-4358672(+),default,,ATG,,,,"[0, 1029]",mORF,"[0.0, 0.0, 0.0]",,0.0,,
gene-STM4137::NC_003197.2:4356684-4358672(+),default,,ATG,,,,"[1025, 1988]",mORF,"[0.0, 0.0, 0.0]",,0.0,,
gene-STM4139::NC_003197.2:4358706-4359657(-),default,,ATG,,,,"[0, 951]",mORF,"[0.0, 0.0, 0.0]",,0.0,,
gene-STM4146::NC_003197.2:4360615-4361800(+),default,,ATG,,,,"[0, 1185]",mORF,"[0.0, 0.0, 0.0]",,0.0,,
gene-STM4147::NC_003197.2:4362029-4362413(+),default,,ATG,,,,"[0, 384]",mORF,"[0.0, 0.0, 0.0]",,0.0,,
gene-STM4148::NC_003197.2:4362414-4362960(+),default,,ATG,,,,"[0, 546]",mORF,"[0.0, 0.0, 0.0]",,0.0,,
gene-STM4149::NC_003197.2:4363117-4363549(+),default,,ATG,,,,"[0, 429]",mORF,"[0.0, 0.0, 0.0]",,0.0,,
gene-STM4150::NC_003197.2:4363549-4364307(+),default,,ATG,,,,"[0, 705]",mORF,"[0.0, 0.0, 0.0]",,0.0,,
gene-STM4151::NC_003197.2:4364673-4365171(+),default,,ATG,,,,"[0, 498]",mORF,"[0.0, 0.0, 0.0]",,0.0,,
gene-STM4152::NC_003197.2:4365237-4365603(+),default,,ATG,,,,"[0, 366]",mORF,"[0.0, 0.0, 0.0]",,0.0,,
gene-STM4153::NC_003197.2:4365920-4369949(+),default,,ATG,,,,"[0, 4029]",mORF,"[0.0, 0.0, 0.0]",,0.0,,
gene-STM4159::NC_003197.2:4377034-4378935(-),default,,ATG,,,,"[0, 771]",mORF,"[0.0, 0.0, 0.0]",,0.0,,
gene-STM4159::NC_003197.2:4377034-4378935(-),default,,ATG,,,,"[767, 1901]",mORF,"[0.0, 0.0, 0.0]",,0.0,,
gene-STM4165::NC_003197.2:4382762-4383251(-),default,,ATG,,,,"[0, 489]",mORF,"[0.0, 0.0, 0.0]",,0.0,,
gene-STM4166::NC_003197.2:4383343-4384117(+),default,,ATG,,,,"[0, 774]",mORF,"[0.0, 0.0, 0.0]",,0.0,,
gene-STM4167::NC_003197.2:4384157-4385222(+),default,,ATG,,,,"[0, 1065]",mORF,"[0.0, 0.0, 0.0]",,0.0,,
gene-STM4169::NC_003197.2:4385944-4386535(+),default,,ATG,,,,"[0, 591]",mORF,"[0.0, 0.0, 0.0]",,0.0,,
gene-STM4170::NC_003197.2:4386721-4386994(+),default,,ATG,,,,"[0, 273]",mORF,"[0.0, 0.0, 0.0]",,0.0,,
gene-STM4171::NC_003197.2:4387005-4387698(+),default,,GTG,,,,"[0, 693]",mORF,"[0.0, 0.0, 0.0]",,0.0,,
gene-STM4172::NC_003197.2:4387739-4388195(-),default,,ATG,,,,"[0, 456]",mORF,"[0.0, 0.0, 0.0]",,0.0,,
gene-STM4174::NC_003197.2:4389851-4392463(+),default,,GTG,,,,"[0, 1326]",mORF,"[0.0, 0.0, 0.0]",,0.0,,
gene-STM4175::NC_003197.2:4391173-4392463(-),default,,ATG,,,,"[0, 1290]",mORF,"[0.0, 0.0, 0.0]",,0.0,,
gene-STM4176::NC_003197.2:4392474-4394064(-),default,,ATG,,,,"[0, 1590]",mORF,"[0.0, 0.0, 0.0]",,0.0,,
gene-STM4181::NC_003197.2:4400259-4400697(-),default,,ATG,,,,"[0, 438]",mORF,"[0.0, 0.0, 0.0]",,0.0,,
gene-STM4183::NC_003197.2:4402051-4403653(+),default,,ATG,,,,"[0, 1602]",mORF,"[0.0, 0.0, 0.0]",,0.0,,
gene-STM4184::NC_003197.2:4403684-4404989(+),default,,ATG,,,,"[0, 1305]",mORF,"[0.0, 0.0, 0.0]",,0.0,,
gene-STM4186::NC_003197.2:4406805-4407213(-),default,,CTG,,,,"[0, 408]",mORF,"[0.0, 0.0, 0.0]",,0.0,,
gene-STM4187::NC_003197.2:4407223-4408048(-),default,,ATG,,,,"[0, 825]",mORF,"[0.0, 0.0, 0.0]",,0.0,,
gene-STM4188::NC_003197.2:4408264-4412035(+),default,,ATG,,,,"[0, 3771]",mORF,"[0.0, 0.0, 0.0]",,0.0,,
gene-STM4190::NC_003197.2:4414008-4414698(-),default,,ATG,,,,"[0, 690]",mORF,"[0.0, 0.0, 0.0]",,0.0,,
gene-STM4192::NC_003197.2:4414905-4415445(+),default,,ATG,,,,"[0, 540]",mORF,"[0.0, 0.0, 0.0]",,0.0,,
gene-STM4193::NC_003197.2:4415491-4416630(+),default,,ATG,,,,"[0, 870]",mORF,"[0.0, 0.0, 0.0]",,0.0,,
gene-STM4194::NC_003197.2:4416357-4416630(-),default,,ATG,,,,"[0, 273]",mORF,"[0.0, 0.0, 0.0]",,0.0,,
gene-STM4204::NC_003197.2:4424458-4426931(-),default,,ATG,,,,"[925, 2473]",mORF,"[0.0, 0.0, 0.0]",,0.0,,
gene-STM4207::NC_003197.2:4427621-4428344(-),default,,ATG,,,,"[0, 723]",mORF,"[0.0, 0.0, 0.0]",,0.0,,
gene-STM4221::NC_003197.2:4440176-4441826(+),default,,ATG,,,,"[0, 1650]",mORF,"[0.0, 0.0, 0.0]",,0.0,,
gene-STM4224::NC_003197.2:4443210-4446044(+),default,,ATG,,,,"[737, 2834]",mORF,"[0.0, 0.0, 0.0]",,0.0,,
gene-STM4226::NC_003197.2:4446186-4446597(+),default,,ATG,,,,"[0, 411]",mORF,"[0.0, 0.0, 0.0]",,0.0,,
gene-STM4227::NC_003197.2:4446762-4447667(-),default,,ATG,,,,"[14, 905]",mORF,"[0.0, 0.0, 0.0]",,0.0,,
gene-STM4228::NC_003197.2:4447667-4449212(-),default,,ATG,,,,"[0, 1545]",mORF,"[0.0, 0.0, 0.0]",,0.0,,
gene-STM4229::NC_003197.2:4449343-4450543(-),default,,ATG,,,,"[0, 1200]",mORF,"[0.0, 0.0, 0.0]",,0.0,,
gene-STM4230::NC_003197.2:4450895-4452005(+),default,,ATG,,,,"[0, 1110]",mORF,"[0.0, 0.0, 0.0]",,0.0,,
gene-STM4231::NC_003197.2:4452093-4453452(+),default,,ATG,,,,"[0, 1359]",mORF,"[0.0, 0.0, 0.0]",,0.0,,
gene-STM4232::NC_003197.2:4453615-4454533(+),default,,ATG,,,,"[0, 918]",mORF,"[0.0, 0.0, 0.0]",,0.0,,
gene-STM4234::NC_003197.2:4455224-4456097(+),default,,ATG,,,,"[0, 873]",mORF,"[0.0, 0.0, 0.0]",,0.0,,
gene-STM4235::NC_003197.2:4456195-4458616(-),default,,ATG,,,,"[0, 2421]",mORF,"[0.0, 0.0, 0.0]",,0.0,,
gene-STM4237::NC_003197.2:4459263-4459872(+),default,,ATG,,,,"[0, 609]",mORF,"[0.0, 0.0, 0.0]",,0.0,,
gene-STM4238::NC_003197.2:4460050-4461504(+),default,,ATG,,,,"[0, 1326]",mORF,"[0.0, 0.0, 0.0]",,0.0,,
gene-STM4240::NC_003197.2:4461504-4462331(+),default,,ATG,,,,"[0, 213]",mORF,"[0.0, 0.0, 0.0]",,0.0,,
gene-STM4241::NC_003197.2:4461815-4462331(-),default,,ATG,,,,"[0, 516]",mORF,"[0.0, 0.0, 0.0]",,0.0,,
gene-STM4243::NC_003197.2:4463975-4464974(+),default,,ATG,,,,"[0, 999]",mORF,"[0.0, 0.0, 0.0]",,0.0,,
gene-STM4245::NC_003197.2:4465558-4466542(-),default,,ATG,,,,"[0, 984]",mORF,"[0.0, 0.0, 0.0]",,0.0,,
gene-STM4246::NC_003197.2:4466606-4468022(+),default,,ATG,,,,"[0, 1416]",mORF,"[0.0, 0.0, 0.0]",,0.0,,
gene-STM4247::NC_003197.2:4468053-4469133(+),default,,ATG,,,,"[0, 1080]",mORF,"[0.0, 0.0, 0.0]",,0.0,,
gene-STM4248::NC_003197.2:4469318-4470512(+),default,,GTG,,,,"[0, 1194]",mORF,"[0.0, 0.0, 0.0]",,0.0,,
gene-STM4249::NC_003197.2:4470698-4471412(+),default,,ATG,,,,"[0, 714]",mORF,"[0.0, 0.0, 0.0]",,0.0,,
gene-STM4251::NC_003197.2:4471959-4473097(+),default,,ATG,,,,"[0, 357]",mORF,"[0.0, 0.0, 0.0]",,0.0,,
gene-STM4254::NC_003197.2:4473228-4476135(-),default,,ATG,,,,"[81, 2907]",mORF,"[2.0, 0.0, 0.0]",,0.0,,
gene-STM4256::NC_003197.2:4476301-4476915(+),default,,ATG,,,,"[0, 531]",mORF,"[0.0, 0.0, 0.0]",,0.0,,
gene-STM4257::NC_003197.2:4477872-4479879(+),default,,ATG,,,,"[0, 633]",mORF,"[0.0, 0.0, 0.0]",,0.0,,
gene-STM4258::NC_003197.2:4478501-4481195(+),default,,GTG,,,,"[0, 1389]",mORF,"[0.0, 0.0, 0.0]",,0.0,,
gene-STM4259::NC_003197.2:4479879-4482473(+),default,,ATG,,,,"[0, 1320]",mORF,"[0.0, 0.0, 0.0]",,0.0,,
gene-STM4261::NC_003197.2:4482489-4499169(+),default,,ATG,,,,"[0, 16680]",mORF,"[0.0, 0.0, 0.0]",,0.0,,
gene-STM4262::NC_003197.2:4499208-4501275(+),default,,ATG,,,,"[0, 2067]",mORF,"[0.0, 0.0, 0.0]",,0.0,,
gene-STM4263::NC_003197.2:4501552-4501834(-),default,,ATG,,,,"[0, 282]",mORF,"[0.0, 0.0, 0.0]",,0.0,,
gene-STM4264::NC_003197.2:4502396-4504309(+),default,,ATG,,,,"[0, 1602]",mORF,"[0.0, 0.0, 0.0]",,0.0,,
gene-STM4265::NC_003197.2:4503985-4504309(-),default,,ATG,,,,"[0, 324]",mORF,"[0.0, 0.0, 0.0]",,0.0,,
gene-STM4268::NC_003197.2:4506161-4507511(+),default,,ATG,,,,"[0, 1350]",mORF,"[0.0, 0.0, 0.0]",,0.0,,
gene-STM4269::NC_003197.2:4507660-4509307(+),default,,ATG,,,,"[0, 1647]",mORF,"[0.0, 0.0, 0.0]",,0.0,,
gene-STM4270::NC_003197.2:4509401-4510289(-),default,,ATG,,,,"[0, 888]",mORF,"[0.0, 0.0, 0.0]",,0.0,,
gene-STM4273::NC_003197.2:4511523-4513484(-),default,,ATG,,,,"[0, 315]",mORF,"[0.0, 0.0, 0.0]",,0.0,,
gene-STM4273::NC_003197.2:4511523-4513484(-),default,,ATG,,,,"[311, 1961]",mORF,"[0.0, 0.0, 0.0]",,0.0,,
gene-STM4275::NC_003197.2:4513729-4515688(-),default,,ATG,,,,"[0, 1959]",mORF,"[0.0, 0.0, 0.0]",,0.0,,
gene-STM4277::NC_003197.2:4516119-4517556(+),default,,ATG,,,,"[0, 1437]",mORF,"[0.0, 0.0, 0.0]",,0.0,,
gene-STM4278::NC_003197.2:4517580-4518898(+),default,,ATG,,,,"[0, 654]",mORF,"[0.0, 0.0, 0.0]",,0.0,,
gene-STM4279::NC_003197.2:4518230-4519847(+),default,,ATG,,,,"[0, 672]",mORF,"[0.0, 0.0, 0.0]",,0.0,,
gene-STM4283::NC_003197.2:4523031-4524342(+),default,,ATG,,,,"[0, 1311]",mORF,"[0.0, 0.0, 0.0]",,0.0,,
gene-STM4284::NC_003197.2:4524499-4525189(-),default,,ATG,,,,"[0, 690]",mORF,"[0.0, 0.0, 0.0]",,0.0,,
gene-STM4286::NC_003197.2:4527867-4528776(-),default,,ATG,,,,"[0, 909]",mORF,"[0.0, 0.0, 0.0]",,0.0,,
gene-STM4289::NC_003197.2:4530182-4530518(-),default,,ATG,,,,"[0, 336]",mORF,"[0.0, 0.0, 0.0]",,0.0,,
gene-STM4291::NC_003197.2:4532654-4533725(-),default,,ATG,,,,"[0, 1071]",mORF,"[0.0, 0.0, 0.0]",,0.0,,
gene-STM4292::NC_003197.2:4533734-4536043(-),default,,ATG,,,,"[0, 1644]",mORF,"[0.0, 0.0, 0.0]",,0.0,,
gene-STM4292::NC_003197.2:4533734-4536043(-),default,,ATG,,,,"[1640, 2309]",mORF,"[0.0, 0.0, 0.0]",,0.0,,
gene-STM4294::NC_003197.2:4536176-4537514(-),default,,ATG,,,,"[0, 1338]",mORF,"[0.0, 0.0, 0.0]",,0.0,,
gene-STM4295::NC_003197.2:4537653-4538415(-),default,,ATG,,,,"[0, 762]",mORF,"[0.0, 0.0, 0.0]",,0.0,,
gene-STM4297::NC_003197.2:4541212-4542145(-),default,,ATG,,,,"[0, 933]",mORF,"[0.0, 0.0, 0.0]",,0.0,,
gene-STM4298::NC_003197.2:4542413-4543769(+),default,,ATG,,,,"[0, 1356]",mORF,"[0.0, 0.0, 0.0]",,0.0,,
gene-STM4299::NC_003197.2:4543852-4545283(+),default,,ATG,,,,"[0, 1431]",mORF,"[0.0, 0.0, 0.0]",,0.0,,
gene-STM4300::NC_003197.2:4545380-4547027(-),default,,ATG,,,,"[0, 1647]",mORF,"[0.0, 0.0, 0.0]",,0.0,,
gene-STM4301::NC_003197.2:4547122-4548463(-),default,,ATG,,,,"[0, 1341]",mORF,"[0.0, 0.0, 0.0]",,0.0,,
gene-STM4302::NC_003197.2:4548609-4548876(-),default,,ATG,,,,"[0, 267]",mORF,"[0.0, 0.0, 0.0]",,0.0,,
gene-STM4303::NC_003197.2:4549192-4551540(-),default,,ATG,,,,"[0, 1632]",mORF,"[0.0, 0.0, 0.0]",,0.0,,
gene-STM4303::NC_003197.2:4549192-4551540(-),default,,ATG,,,,"[1628, 2348]",mORF,"[0.0, 0.0, 0.0]",,0.0,,
gene-STM4305::NC_003197.2:4551973-4554325(+),default,,GTG,,,,"[0, 2352]",mORF,"[0.0, 0.0, 0.0]",,0.0,,
gene-STM4306::NC_003197.2:4554338-4555731(+),default,,ATG,,,,"[0, 627]",mORF,"[0.0, 0.0, 0.0]",,0.0,,
gene-STM4308::NC_003197.2:4555746-4556400(+),default,,ATG,,,,"[0, 654]",mORF,"[0.0, 0.0, 0.0]",,0.0,,
gene-STM4310::NC_003197.2:4558187-4559093(+),default,,ATG,,,,"[0, 906]",mORF,"[0.0, 0.0, 0.0]",,0.0,,
gene-STM4312::NC_003197.2:4560098-4560368(-),default,,ATG,,,,"[0, 270]",mORF,"[0.0, 0.0, 0.0]",,0.0,,
gene-STM4313::NC_003197.2:4560375-4560591(-),default,,GTG,,,,"[0, 216]",mORF,"[0.0, 0.0, 0.0]",,0.0,,
gene-STM4317::NC_003197.2:4562575-4563357(+),default,,ATG,,,,"[0, 294]",mORF,"[0.0, 0.0, 0.0]",,0.0,,
gene-STM4319::NC_003197.2:4563604-4564357(-),default,,ATG,,,,"[0, 753]",mORF,"[0.0, 0.0, 0.0]",,0.0,,
gene-STM4320::NC_003197.2:4566014-4566347(+),default,,ATG,,,,"[0, 333]",mORF,"[0.0, 0.0, 0.0]",,0.0,,
gene-STM4322::NC_003197.2:4566785-4567397(-),default,,GTG,,,,"[36, 612]",mORF,"[0.0, 0.0, 0.0]",,0.0,,
gene-STM4323::NC_003197.2:4567397-4569424(-),default,,ATG,,,,"[0, 348]",mORF,"[0.0, 0.0, 0.0]",,0.0,,
gene-STM4323::NC_003197.2:4567397-4569424(-),default,,ATG,,,,"[323, 2027]",mORF,"[0.0, 2.0, 0.0]",,0.0,,
gene-STM4325::NC_003197.2:4569544-4570846(-),default,,ATG,,,,"[0, 1302]",mORF,"[0.0, 0.0, 0.0]",,0.0,,
gene-STM4326::NC_003197.2:4570960-4572397(-),default,,ATG,,,,"[0, 1437]",mORF,"[0.0, 0.0, 0.0]",,0.0,,
gene-STM4327::NC_003197.2:4572698-4573214(+),default,,ATG,,,,"[0, 516]",mORF,"[0.0, 0.0, 0.0]",,0.0,,
gene-STM4328::NC_003197.2:4573272-4574514(-),default,,ATG,,,,"[0, 1242]",mORF,"[0.0, 0.0, 0.0]",,0.0,,
gene-STM4330::NC_003197.2:4575126-4576773(+),default,,ATG,,,,"[0, 1647]",mORF,"[0.0, 0.0, 0.0]",,0.0,,
gene-STM4332::NC_003197.2:4577417-4578275(-),default,,ATG,,,,"[0, 858]",mORF,"[0.0, 0.0, 0.0]",,0.0,,
gene-STM4333::NC_003197.2:4578556-4580192(-),default,,ATG,,,,"[607, 1636]",mORF,"[0.0, 0.0, 0.0]",,0.0,,
gene-STM4334::NC_003197.2:4579625-4580192(+),default,,ATG,,,,"[0, 567]",mORF,"[0.0, 0.0, 0.0]",,0.0,,
gene-STM4336::NC_003197.2:4580494-4580641(+),default,,ATG,,,,"[0, 147]",mORF,"[0.0, 0.0, 0.0]",,0.0,,
gene-STM4337::NC_003197.2:4580671-4581259(-),default,,ATG,,,,"[0, 588]",mORF,"[0.0, 0.0, 0.0]",,0.0,,
gene-STM4338::NC_003197.2:4581515-4583260(+),default,,ATG,,,,"[0, 318]",mORF,"[0.0, 0.0, 0.0]",,0.0,,
gene-STM4339::NC_003197.2:4581849-4582383(-),default,,ATG,,,,"[0, 534]",mORF,"[0.0, 0.0, 0.0]",,0.0,,
gene-STM4340::NC_003197.2:4582494-4582854(-),default,,ATG,,,,"[0, 360]",mORF,"[0.0, 0.0, 0.0]",,0.0,,
gene-STM4341::NC_003197.2:4582864-4583260(-),default,,ATG,,,,"[0, 396]",mORF,"[0.0, 0.0, 0.0]",,0.0,,
gene-STM4342::NC_003197.2:4583270-4585788(-),default,,ATG,,,,"[1783, 2518]",mORF,"[0.0, 0.0, 0.0]",,0.0,,
gene-STM4342::NC_003197.2:4583270-4585788(-),default,,GTG,,,,"[0, 1791]",mORF,"[0.0, 0.0, 0.0]",,0.0,,
gene-STM4344::NC_003197.2:4586110-4587088(+),default,,ATG,,,,"[0, 978]",mORF,"[0.0, 0.0, 0.0]",,0.0,,
gene-STM4345::NC_003197.2:4587313-4588816(+),default,,ATG,,,,"[0, 1503]",mORF,"[0.0, 0.0, 0.0]",,0.0,,
gene-STM4346::NC_003197.2:4588867-4589182(+),default,,ATG,,,,"[0, 315]",mORF,"[0.0, 0.0, 0.0]",,0.0,,
gene-STM4347::NC_003197.2:4589248-4592575(-),default,,GTG,,,,"[0, 3327]",mORF,"[0.0, 0.0, 0.0]",,0.0,,
gene-STM4348::NC_003197.2:4592593-4593562(-),default,,TTG,,,,"[0, 969]",mORF,"[0.0, 0.0, 0.0]",,0.0,,
gene-STM4349::NC_003197.2:4593653-4594730(-),default,,ATG,,,,"[0, 1077]",mORF,"[0.0, 0.0, 0.0]",,0.0,,
gene-STM4350::NC_003197.2:4594812-4595358(+),default,,ATG,,,,"[0, 546]",mORF,"[0.0, 0.0, 0.0]",,0.0,,
gene-STM4351::NC_003197.2:4595419-4596160(-),default,,ATG,,,,"[0, 741]",mORF,"[0.0, 0.0, 0.0]",,0.0,,
gene-STM4355::NC_003197.2:4597244-4600363(-),default,,ATG,,,,"[1964, 3119]",mORF,"[0.0, 0.0, 0.0]",,0.0,,
gene-STM4356::NC_003197.2:4598382-4600363(+),default,,ATG,,,,"[0, 1548]",mORF,"[0.0, 0.0, 0.0]",,0.0,,
gene-STM4358::NC_003197.2:4600379-4601699(+),default,,ATG,,,,"[0, 1320]",mORF,"[0.0, 0.0, 0.0]",,0.0,,
gene-STM4361::NC_003197.2:4604590-4604899(+),default,,ATG,,,,"[0, 309]",mORF,"[0.0, 0.0, 0.0]",,0.0,,
gene-STM4362::NC_003197.2:4604970-4606465(+),default,,TTG,,,,"[0, 1281]",mORF,"[0.0, 0.0, 0.0]",,0.0,,
gene-STM4363::NC_003197.2:4606465-4607725(+),default,,ATG,,,,"[0, 1260]",mORF,"[0.0, 0.0, 0.0]",,0.0,,
gene-STM4364::NC_003197.2:4607727-4608732(+),default,,ATG,,,,"[0, 1005]",mORF,"[0.0, 0.0, 0.0]",,0.0,,
gene-STM4365::NC_003197.2:4608810-4609008(+),default,,ATG,,,,"[0, 198]",mORF,"[0.0, 0.0, 0.0]",,0.0,,
gene-STM4366::NC_003197.2:4609110-4610409(+),default,,ATG,,,,"[0, 1299]",mORF,"[0.0, 0.0, 0.0]",,0.0,,
gene-STM4367::NC_003197.2:4610615-4611041(+),default,,GTG,,,,"[0, 426]",mORF,"[0.0, 0.0, 0.0]",,0.0,,
gene-STM4368::NC_003197.2:4611078-4613517(+),default,,ATG,,,,"[0, 2439]",mORF,"[0.0, 0.0, 0.0]",,0.0,,
gene-STM4369::NC_003197.2:4613607-4614339(+),default,,ATG,,,,"[0, 732]",mORF,"[0.0, 0.0, 0.0]",,0.0,,
gene-STM4370::NC_003197.2:4614470-4614875(+),default,,ATG,,,,"[0, 405]",mORF,"[0.0, 0.0, 0.0]",,0.0,,
gene-STM4378::NC_003197.2:4621295-4621616(-),default,,ATG,,,,"[0, 321]",mORF,"[0.0, 0.0, 0.0]",,0.0,,
gene-STM4380::NC_003197.2:4622214-4623716(+),default,,ATG,,,,"[0, 750]",mORF,"[0.0, 0.0, 0.0]",,0.0,,
gene-STM4383::NC_003197.2:4625214-4626645(+),default,,GTG,,,,"[0, 1431]",mORF,"[0.0, 0.0, 0.0]",,0.0,,
gene-STM4385::NC_003197.2:4626975-4627440(+),default,,ATG,,,,"[0, 465]",mORF,"[0.0, 0.0, 0.0]",,0.0,,
gene-STM4387::NC_003197.2:4628113-4629654(+),default,,ATG,,,,"[0, 855]",mORF,"[0.0, 0.0, 0.0]",,0.0,,
gene-STM4391::NC_003197.2:4630528-4630924(+),default,,ATG,,,,"[0, 396]",mORF,"[0.0, 0.0, 0.0]",,0.0,,
gene-STM4392::NC_003197.2:4630930-4631249(+),default,,ATG,,,,"[0, 315]",mORF,"[0.0, 0.0, 0.0]",,0.0,,
gene-STM4393::NC_003197.2:4631249-4631477(+),default,,ATG,,,,"[0, 228]",mORF,"[0.0, 0.0, 0.0]",,0.0,,
gene-STM4394::NC_003197.2:4631518-4632023(+),default,,ATG,,,,"[0, 450]",mORF,"[0.0, 0.0, 0.0]",,0.0,,
gene-STM4395::NC_003197.2:4632115-4633042(+),default,,ATG,,,,"[0, 927]",mORF,"[0.0, 0.0, 0.0]",,0.0,,
gene-STM4396::NC_003197.2:4633091-4633727(-),default,,ATG,,,,"[0, 636]",mORF,"[0.0, 0.0, 0.0]",,0.0,,
gene-STM4398::NC_003197.2:4634862-4636272(+),default,,ATG,,,,"[0, 1410]",mORF,"[0.0, 0.0, 0.0]",,0.0,,
gene-STM4400::NC_003197.2:4637148-4638194(-),default,,ATG,,,,"[80, 1046]",mORF,"[0.0, 0.0, 0.0]",,0.0,,
gene-STM4403::NC_003197.2:4639574-4641518(-),default,,ATG,,,,"[0, 1944]",mORF,"[0.0, 0.0, 0.0]",,0.0,,
gene-STM4404::NC_003197.2:4641785-4643073(+),default,,ATG,,,,"[0, 741]",mORF,"[0.0, 0.0, 0.0]",,0.0,,
gene-STM4405::NC_003197.2:4642515-4643073(-),default,,ATG,,,,"[0, 558]",mORF,"[0.0, 0.0, 0.0]",,0.0,,
gene-STM4406::NC_003197.2:4643333-4643674(+),default,,TTG,,,,"[0, 273]",mORF,"[0.0, 0.0, 0.0]",,0.0,,
gene-STM4407::NC_003197.2:4643690-4645034(-),default,,ATG,,,,"[0, 1344]",mORF,"[0.0, 0.0, 0.0]",,0.0,,
gene-STM4408::NC_003197.2:4645216-4646010(-),default,,ATG,,,,"[155, 794]",mORF,"[0.0, 0.0, 0.0]",,0.0,,
gene-STM4409::NC_003197.2:4646067-4651579(+),default,,ATG,,,,"[1730, 5510]",mORF,"[0.0, 0.0, 0.0]",,0.0,,
gene-STM4409::NC_003197.2:4646067-4651579(+),default,,GTG,,,,"[0, 1734]",mORF,"[0.0, 0.0, 0.0]",,0.0,,
gene-STM4411::NC_003197.2:4651579-4651924(+),default,,ATG,,,,"[0, 345]",mORF,"[0.0, 0.0, 0.0]",,0.0,,
gene-STM4412::NC_003197.2:4651977-4654346(-),default,,ATG,,,,"[1160, 2369]",mORF,"[0.0, 0.0, 0.0]",,0.0,,
gene-STM4414::NC_003197.2:4654755-4655307(-),default,,ATG,,,,"[21, 552]",mORF,"[19.0, 32.0, 0.0]",,0.0,,
gene-STM4415::NC_003197.2:4655512-4656511(-),default,,ATG,,,,"[0, 999]",mORF,"[0.0, 0.0, 0.0]",,0.0,,
gene-STM4418::NC_003197.2:4659439-4660873(-),default,,ATG,,,,"[0, 1434]",mORF,"[0.0, 0.0, 0.0]",,0.0,,
gene-STM4419::NC_003197.2:4661331-4662768(+),default,,ATG,,,,"[0, 1437]",mORF,"[0.0, 0.0, 0.0]",,0.0,,
gene-STM4420::NC_003197.2:4663120-4663930(-),default,,ATG,,,,"[0, 810]",mORF,"[0.0, 0.0, 0.0]",,0.0,,
gene-STM4423::NC_003197.2:4665900-4666725(+),default,,TTG,,,,"[0, 825]",mORF,"[0.0, 0.0, 0.0]",,0.0,,
gene-STM4424::NC_003197.2:4666984-4667905(+),default,,GTG,,,,"[0, 921]",mORF,"[0.0, 0.0, 0.0]",,0.0,,
gene-STM4425::NC_003197.2:4667923-4668934(+),default,,ATG,,,,"[0, 1011]",mORF,"[0.0, 0.0, 0.0]",,0.0,,
gene-STM4427::NC_003197.2:4670374-4672371(+),default,,ATG,,,,"[0, 834]",mORF,"[0.0, 0.0, 0.0]",,0.0,,
gene-STM4429::NC_003197.2:4672431-4674369(-),default,,ATG,,,,"[0, 1938]",mORF,"[0.0, 0.0, 0.0]",,0.0,,
gene-STM4431::NC_003197.2:4674785-4676726(+),default,,ATG,,,,"[0, 1941]",mORF,"[0.0, 0.0, 0.0]",,0.0,,
gene-STM4433::NC_003197.2:4676906-4677929(+),default,,ATG,,,,"[0, 1023]",mORF,"[0.0, 0.0, 0.0]",,0.0,,
gene-STM4434::NC_003197.2:4678001-4679228(+),default,,ATG,,,,"[0, 1227]",mORF,"[0.0, 0.0, 0.0]",,0.0,,
gene-STM4435::NC_003197.2:4679388-4680204(+),default,,ATG,,,,"[0, 816]",mORF,"[0.0, 0.0, 0.0]",,0.0,,
gene-STM4436::NC_003197.2:4680256-4681141(+),default,,ATG,,,,"[0, 885]",mORF,"[0.0, 0.0, 0.0]",,0.0,,
gene-STM4437::NC_003197.2:4681196-4681748(-),default,,ATG,,,,"[0, 552]",mORF,"[0.0, 0.0, 0.0]",,0.0,,
gene-STM4439::NC_003197.2:4683294-4683681(+),default,,ATG,,,,"[0, 387]",mORF,"[0.0, 0.0, 0.0]",,0.0,,
gene-STM4441::NC_003197.2:4684307-4684972(+),default,,ATG,,,,"[0, 363]",mORF,"[0.0, 0.0, 0.0]",,0.0,,
gene-STM4443::NC_003197.2:4684994-4685771(+),default,,ATG,,,,"[0, 777]",mORF,"[0.0, 0.0, 0.0]",,0.0,,
gene-STM4446::NC_003197.2:4687602-4689458(+),default,,ATG,,,,"[1115, 1856]",mORF,"[1.0, 0.0, 0.0]",,0.0,,
gene-STM4446::NC_003197.2:4687602-4689458(+),default,,ATG,,,,"[0, 1119]",mORF,"[0.0, 0.0, 0.0]",,0.0,,
gene-STM4448::NC_003197.2:4689474-4691388(+),default,,GTG,,,,"[0, 1914]",mORF,"[0.0, 0.0, 0.0]",,0.0,,
gene-STM4449::NC_003197.2:4691465-4691982(+),default,,ATG,,,,"[0, 243]",mORF,"[0.0, 0.0, 0.0]",,0.0,,
gene-STM4452::NC_003197.2:4692570-4694709(-),default,,ATG,,,,"[0, 2139]",mORF,"[0.0, 0.0, 0.0]",,0.0,,
gene-STM4453::NC_003197.2:4695117-4696770(-),default,,ATG,,,,"[0, 1653]",mORF,"[0.0, 0.0, 0.0]",,0.0,,
gene-STM4457::NC_003197.2:4702529-4702976(-),default,,ATG,,,,"[0, 447]",mORF,"[0.0, 0.0, 0.0]",,0.0,,
gene-STM4458::NC_003197.2:4703050-4703437(-),default,,ATG,,,,"[0, 387]",mORF,"[0.0, 0.0, 0.0]",,0.0,,
gene-STM4459::NC_003197.2:4703513-4703975(-),default,,ATG,,,,"[0, 462]",mORF,"[0.0, 0.0, 0.0]",,0.0,,
gene-STM4460::NC_003197.2:4703987-4704923(-),default,,ATG,,,,"[0, 936]",mORF,"[0.0, 0.0, 0.0]",,0.0,,
gene-STM4465::NC_003197.2:4707283-4708288(-),default,,ATG,,,,"[0, 1005]",mORF,"[0.0, 0.0, 0.0]",,0.0,,
gene-STM4466::NC_003197.2:4708399-4709332(-),default,,ATG,,,,"[0, 933]",mORF,"[0.0, 0.0, 0.0]",,0.0,,
gene-STM4467::NC_003197.2:4709342-4710563(-),default,,ATG,,,,"[0, 1221]",mORF,"[0.0, 0.0, 0.0]",,0.0,,
gene-STM4468::NC_003197.2:4711238-4712769(+),default,,ATG,,,,"[0, 453]",mORF,"[0.0, 0.0, 0.0]",,0.0,,
gene-STM4469::NC_003197.2:4711764-4712769(-),default,,ATG,,,,"[0, 1005]",mORF,"[0.0, 0.0, 0.0]",,0.0,,
gene-STM4470::NC_003197.2:4712934-4713351(+),default,,ATG,,,,"[0, 417]",mORF,"[0.0, 0.0, 0.0]",,0.0,,
gene-STM4471::NC_003197.2:4713362-4714175(+),default,,ATG,,,,"[0, 813]",mORF,"[0.0, 0.0, 0.0]",,0.0,,
gene-STM4473::NC_003197.2:4715003-4715507(-),default,,ATG,,,,"[0, 504]",mORF,"[0.0, 0.0, 0.0]",,0.0,,
gene-STM4475::NC_003197.2:4717030-4720368(-),default,,ATG,,,,"[482, 3338]",mORF,"[31.0, 0.0, 0.0]",,0.0,,
gene-STM4477::NC_003197.2:4720465-4721977(-),default,,ATG,,,,"[0, 1512]",mORF,"[0.0, 0.0, 0.0]",,0.0,,
gene-STM4479::NC_003197.2:4722371-4724554(+),default,,GTG,,,,"[0, 1101]",mORF,"[0.0, 0.0, 0.0]",,0.0,,
gene-STM4481::NC_003197.2:4724748-4725747(-),default,,ATG,,,,"[0, 999]",mORF,"[0.0, 0.0, 0.0]",,0.0,,
gene-STM4485::NC_003197.2:4729228-4729759(+),default,,ATG,,,,"[0, 531]",mORF,"[0.0, 0.0, 0.0]",,0.0,,
gene-STM4486::NC_003197.2:4729786-4730806(-),default,,ATG,,,,"[0, 1020]",mORF,"[0.0, 0.0, 0.0]",,0.0,,
gene-STM4489::NC_003197.2:4731980-4735496(+),default,,ATG,,,,"[0, 3516]",mORF,"[0.0, 0.0, 0.0]",,0.0,,
gene-STM4490::NC_003197.2:4735592-4736582(+),default,,ATG,,,,"[0, 990]",mORF,"[0.0, 0.0, 0.0]",,0.0,,
gene-STM4491::NC_003197.2:4736694-4738779(-),default,,ATG,,,,"[0, 2085]",mORF,"[0.0, 0.0, 0.0]",,0.0,,
gene-STM4492::NC_003197.2:4738789-4741387(-),default,,TTG,,,,"[0, 2598]",mORF,"[0.0, 0.0, 0.0]",,0.0,,
gene-STM4494::NC_003197.2:4742188-4746957(-),default,,ATG,,,,"[0, 3678]",mORF,"[0.0, 0.0, 0.0]",,0.0,,
gene-STM4494::NC_003197.2:4742188-4746957(-),default,,ATG,,,,"[3677, 4769]",mORF,"[0.0, 0.0, 0.0]",,0.0,,
gene-STM4496::NC_003197.2:4747002-4750644(-),default,,ATG,,,,"[0, 3642]",mORF,"[0.0, 0.0, 0.0]",,0.0,,
gene-STM4499::NC_003197.2:4752682-4753408(-),default,,ATG,,,,"[0, 726]",mORF,"[0.0, 0.0, 0.0]",,0.0,,
gene-STM4500::NC_003197.2:4753958-4755590(-),default,,ATG,,,,"[0, 1632]",mORF,"[0.0, 0.0, 0.0]",,0.0,,
gene-STM4501::NC_003197.2:4755594-4755852(-),default,,ATG,,,,"[0, 258]",mORF,"[0.0, 0.0, 0.0]",,0.0,,
gene-STM4503::NC_003197.2:4757458-4758196(+),default,,ATG,,,,"[0, 738]",mORF,"[0.0, 0.0, 0.0]",,0.0,,
gene-STM4505::NC_003197.2:4759587-4760720(+),default,,ATG,,,,"[0, 462]",mORF,"[0.0, 0.0, 0.0]",,0.0,,
gene-STM4506::NC_003197.2:4760045-4760720(-),default,,ATG,,,,"[0, 675]",mORF,"[0.0, 0.0, 0.0]",,0.0,,
gene-STM4507::NC_003197.2:4761069-4761843(+),default,,ATG,,,,"[0, 774]",mORF,"[0.0, 0.0, 0.0]",,0.0,,
gene-STM4508::NC_003197.2:4761843-4762857(-),default,,ATG,,,,"[0, 1014]",mORF,"[0.0, 0.0, 0.0]",,0.0,,
gene-STM4509::NC_003197.2:4763574-4764105(+),default,,ATG,,,,"[0, 531]",mORF,"[0.0, 0.0, 0.0]",,0.0,,
gene-STM4511::NC_003197.2:4765083-4765992(-),default,,ATG,,,,"[0, 909]",mORF,"[0.0, 0.0, 0.0]",,0.0,,
gene-STM4512::NC_003197.2:4766110-4767283(-),default,,ATG,,,,"[0, 1173]",mORF,"[0.0, 0.0, 0.0]",,0.0,,
gene-STM4515::NC_003197.2:4769297-4770482(-),default,,ATG,,,,"[0, 1185]",mORF,"[0.0, 0.0, 0.0]",,0.0,,
gene-STM4517::NC_003197.2:4772059-4773301(-),default,,ATG,,,,"[0, 1242]",mORF,"[0.0, 0.0, 0.0]",,0.0,,
gene-STM4518::NC_003197.2:4773779-4774295(+),default,,ATG,,,,"[0, 516]",mORF,"[0.0, 0.0, 0.0]",,0.0,,
gene-STM4519::NC_003197.2:4774475-4775846(+),default,,ATG,,,,"[0, 1371]",mORF,"[0.0, 0.0, 0.0]",,0.0,,
gene-STM4524::NC_003197.2:4777623-4780619(-),default,,ATG,,,,"[1586, 2996]",mORF,"[0.0, 0.0, 0.0]",,0.0,,
gene-STM4526::NC_003197.2:4780776-4784286(-),default,,ATG,,,,"[0, 3510]",mORF,"[0.0, 0.0, 0.0]",,0.0,,
gene-STM4527::NC_003197.2:4784483-4785398(+),default,,ATG,,,,"[0, 915]",mORF,"[0.0, 0.0, 0.0]",,0.0,,
gene-STM4530::NC_003197.2:4786317-4787274(-),default,,ATG,,,,"[0, 957]",mORF,"[0.0, 0.0, 0.0]",,0.0,,
gene-STM4533::NC_003197.2:4790099-4791761(+),default,,ATG,,,,"[0, 1662]",mORF,"[0.0, 0.0, 0.0]",,0.0,,
gene-STM4534::NC_003197.2:4792084-4794850(+),default,,ATG,,,,"[0, 2766]",mORF,"[0.0, 0.0, 0.0]",,0.0,,
gene-STM4535::NC_003197.2:4794951-4795374(+),default,,ATG,,,,"[0, 423]",mORF,"[0.0, 0.0, 0.0]",,0.0,,
gene-STM4536::NC_003197.2:4795388-4795850(+),default,,ATG,,,,"[0, 462]",mORF,"[0.0, 0.0, 0.0]",,0.0,,
gene-STM4537::NC_003197.2:4795875-4797493(+),default,,ATG,,,,"[0, 780]",mORF,"[0.0, 0.0, 0.0]",,0.0,,
gene-STM4537::NC_003197.2:4795875-4797493(+),default,,ATG,,,,"[769, 1606]",mORF,"[0.0, 64.0, 161.0]",,0.0,,
gene-STM4539::NC_003197.2:4797493-4799583(+),default,,ATG,,,,"[0, 1062]",mORF,"[0.0, 0.0, 0.0]",,0.0,,
gene-STM4541::NC_003197.2:4799716-4801969(-),default,,GTG,,,,"[0, 2253]",mORF,"[0.0, 0.0, 0.0]",,0.0,,
gene-STM4542::NC_003197.2:4802290-4802752(-),default,,ATG,,,,"[0, 462]",mORF,"[0.0, 0.0, 0.0]",,0.0,,
gene-STM4544::NC_003197.2:4803549-4804089(-),default,,ATG,,,,"[0, 540]",mORF,"[0.0, 0.0, 0.0]",,0.0,,
gene-STM4545::NC_003197.2:4804181-4805557(-),default,,ATG,,,,"[902, 1376]",mORF,"[0.0, 0.0, 0.0]",,0.0,,
gene-STM4549::NC_003197.2:4807545-4808004(-),default,,ATG,,,,"[0, 459]",mORF,"[0.0, 0.0, 0.0]",,0.0,,
gene-STM4551::NC_003197.2:4809063-4810128(-),default,,ATG,,,,"[0, 1065]",mORF,"[0.0, 0.0, 0.0]",,0.0,,
gene-STM4556::NC_003197.2:4811155-4812184(-),default,,ATG,,,,"[0, 1029]",mORF,"[0.0, 0.0, 0.0]",,0.0,,
gene-STM4557::NC_003197.2:4812286-4813115(+),default,,ATG,,,,"[0, 438]",mORF,"[0.0, 0.0, 0.0]",,0.0,,
gene-STM4559::NC_003197.2:4813133-4813814(+),default,,ATG,,,,"[0, 681]",mORF,"[0.0, 0.0, 0.0]",,0.0,,
gene-STM4560::NC_003197.2:4813905-4815495(+),default,,ATG,,,,"[0, 1590]",mORF,"[0.0, 0.0, 0.0]",,0.0,,
gene-STM4561::NC_003197.2:4815896-4816514(+),default,,ATG,,,,"[0, 618]",mORF,"[0.0, 0.0, 0.0]",,0.0,,
gene-STM4562::NC_003197.2:4816624-4816804(+),default,,ATG,,,,"[0, 180]",mORF,"[0.0, 0.0, 0.0]",,0.0,,
gene-STM4563::NC_003197.2:4816927-4818771(+),default,,GTG,,,,"[0, 1074]",mORF,"[0.0, 0.0, 0.0]",,0.0,,
gene-STM4567::NC_003197.2:4821430-4822228(+),default,,ATG,,,,"[0, 798]",mORF,"[0.0, 0.0, 0.0]",,0.0,,
gene-STM4568::NC_003197.2:4822351-4823674(+),default,,GTG,,,,"[0, 1323]",mORF,"[0.0, 0.0, 0.0]",,0.0,,
gene-STM4569::NC_003197.2:4823725-4824949(+),default,,ATG,,,,"[0, 1224]",mORF,"[0.0, 0.0, 0.0]",,0.0,,
gene-STM4570::NC_003197.2:4825158-4825878(+),default,,ATG,,,,"[0, 720]",mORF,"[0.0, 0.0, 0.0]",,0.0,,
gene-STM4574::NC_003197.2:4829691-4830381(-),default,,ATG,,,,"[0, 690]",mORF,"[0.0, 0.0, 0.0]",,0.0,,
gene-STM4575::NC_003197.2:4830428-4831118(-),default,,ATG,,,,"[0, 690]",mORF,"[0.0, 0.0, 0.0]",,0.0,,
gene-STM4576::NC_003197.2:4831430-4832447(-),default,,ATG,,,,"[0, 1017]",mORF,"[0.0, 0.0, 0.0]",,0.0,,
gene-STM4577::NC_003197.2:4832480-4833125(-),default,,ATG,,,,"[0, 645]",mORF,"[0.0, 0.0, 0.0]",,0.0,,
gene-STM4578::NC_003197.2:4833241-4834210(+),default,,ATG,,,,"[0, 969]",mORF,"[0.0, 0.0, 0.0]",,0.0,,
gene-STM4579::NC_003197.2:4834293-4835676(+),default,,GTG,,,,"[0, 1383]",mORF,"[0.0, 0.0, 0.0]",,0.0,,
gene-STM4580::NC_003197.2:4835826-4837059(+),default,,GTG,,,,"[0, 1233]",mORF,"[0.0, 0.0, 0.0]",,0.0,,
gene-STM4581::NC_003197.2:4837176-4838844(-),default,,GTG,,,,"[0, 1668]",mORF,"[0.0, 0.0, 0.0]",,0.0,,
gene-STM4582::NC_003197.2:4839016-4840990(+),default,,ATG,,,,"[0, 1974]",mORF,"[0.0, 0.0, 0.0]",,0.0,,
gene-STM4583::NC_003197.2:4841047-4841374(+),default,,ATG,,,,"[0, 327]",mORF,"[0.0, 0.0, 0.0]",,0.0,,
gene-STM4585::NC_003197.2:4842039-4843553(+),default,,ATG,,,,"[0, 648]",mORF,"[0.0, 0.0, 0.0]",,0.0,,
gene-STM4586::NC_003197.2:4842683-4843553(-),default,,ATG,,,,"[0, 870]",mORF,"[0.0, 0.0, 0.0]",,0.0,,
gene-STM4587::NC_003197.2:4843764-4844238(+),default,,ATG,,,,"[0, 474]",mORF,"[0.0, 0.0, 0.0]",,0.0,,
gene-STM4588::NC_003197.2:4844250-4846364(+),default,,ATG,,,,"[0, 690]",mORF,"[0.0, 0.0, 0.0]",,0.0,,
gene-STM4588::NC_003197.2:4844250-4846364(+),default,,ATG,,,,"[689, 2114]",mORF,"[0.0, 0.0, 0.0]",,0.0,,
gene-STM4593::NC_003197.2:4849529-4852067(-),default,,GTG,,,,"[0, 2538]",mORF,"[0.0, 0.0, 0.0]",,0.0,,
gene-STM4596::NC_003197.2:4853750-4854422(-),default,,ATG,,,,"[0, 672]",mORF,"[0.0, 0.0, 0.0]",,0.0,,
gene-STM4600::NC_003197.2:4856739-4857426(+),default,,ATG,,,,"[0, 687]",mORF,"[0.0, 0.0, 0.0]",,0.0,,
